Id,Time[ns],1:UART: RX/TX
1,7604710080.00,[0D]
2,7604720920.00,[0A]
3,7604731760.00,O
4,7604742600.00,K
5,7604753480.00,[0D]
6,7604764320.00,[0A]
7,7606316680.00,[0D]
8,7606327520.00,[0A]
9,7606338360.00,+
10,7606349200.00,M
11,7606360040.00,L
12,7606370920.00,P
13,7606381760.00,M
14,7606392600.00,C
15,7606403440.00,F
16,7606414280.00,G
17,7606425160.00,:
18,7606436000.00,[20]
19,7606446840.00,"
20,7606457680.00,s
21,7606468520.00,l
22,7606479400.00,e
23,7606490240.00,e
24,7606501080.00,p
25,7606511920.00,m
26,7606522760.00,o
27,7606533640.00,d
28,7606544480.00,e
29,7606555320.00,"
30,7606566160.00,,
31,7606577000.00,0
32,7606587880.00,[0D]
33,7606598720.00,[0A]
34,7606609560.00,[0D]
35,7606620400.00,[0A]
36,7606631240.00,O
37,7606642120.00,K
38,7606652960.00,[0D]
39,7606663800.00,[0A]
40,7607759440.00,[0D]
41,7607770320.00,[0A]
42,7607781160.00,O
43,7607792000.00,K
44,7607802840.00,[0D]
45,7607813680.00,[0A]
46,7608497120.00,[0D]
47,7608507960.00,[0A]
48,7608518800.00,M
49,7608529640.00,L
50,7608540520.00,3
51,7608551360.00,0
52,7608562200.00,7
53,7608573040.00,R
54,7608583880.00,-
55,7608594760.00,D
56,7608605600.00,L
57,7608616440.00,-
58,7608627280.00,M
59,7608638160.00,B
60,7608649000.00,R
61,7608659840.00,H
62,7608670680.00,0
63,7608681520.00,S
64,7608692400.00,0
65,7608703240.00,1
66,7608714080.00,[0D]
67,7608724920.00,[0A]
68,7608735760.00,[0D]
69,7608746600.00,[0A]
70,7608757480.00,O
71,7608768320.00,K
72,7608779160.00,[0D]
73,7608790000.00,[0A]
74,7609683880.00,[0D]
75,7609694720.00,[0A]
76,7609705600.00,+
77,7609716440.00,C
78,7609727280.00,P
79,7609738120.00,I
80,7609749000.00,N
81,7609759840.00,:
82,7609770680.00,[20]
83,7609781520.00,R
84,7609792360.00,E
85,7609803200.00,A
86,7609814080.00,D
87,7609824920.00,Y
88,7609835760.00,[0D]
89,7609846600.00,[0A]
90,7609857440.00,[0D]
91,7609868320.00,[0A]
92,7609879160.00,O
93,7609890000.00,K
94,7609900840.00,[0D]
95,7609911680.00,[0A]
96,7611035560.00,[0D]
97,7611046400.00,[0A]
98,7611057240.00,O
99,7611068080.00,K
100,7611078960.00,[0D]
101,7611089800.00,[0A]
102,7612052000.00,[0D]
103,7612062880.00,[0A]
104,7612073720.00,+
105,7612084560.00,C
106,7612095400.00,E
107,7612106240.00,R
108,7612117120.00,E
109,7612127960.00,G
110,7612138800.00,:
111,7612149640.00,[20]
112,7612160480.00,2
113,7612171320.00,,
114,7612182200.00,1
115,7612193040.00,,
116,7612203880.00,"
117,7612214720.00,5
118,7612225600.00,1
119,7612236440.00,4
120,7612247280.00,1
121,7612258120.00,"
122,7612268960.00,,
123,7612279840.00,"
124,7612290680.00,0
125,7612301520.00,5
126,7612312360.00,2
127,7612323200.00,1
128,7612334080.00,8
129,7612344920.00,7
130,7612355760.00,0
131,7612366600.00,C
132,7612377440.00,"
133,7612388280.00,,
134,7612399160.00,7
135,7612410000.00,[0D]
136,7612420840.00,[0A]
137,7612431680.00,[0D]
138,7612442560.00,[0A]
139,7612453400.00,O
140,7612464240.00,K
141,7612475080.00,[0D]
142,7612485920.00,[0A]
143,7613476360.00,[0D]
144,7613487200.00,[0A]
145,7613498040.00,+
146,7613508920.00,C
147,7613519760.00,S
148,7613530600.00,Q
149,7613541440.00,:
150,7613552280.00,[20]
151,7613563160.00,1
152,7613574000.00,9
153,7613584840.00,,
154,7613595680.00,9
155,7613606520.00,9
156,7613617360.00,[0D]
157,7613628240.00,[0A]
158,7613639080.00,[0D]
159,7613649920.00,[0A]
160,7613660760.00,O
161,7613671640.00,K
162,7613682480.00,[0D]
163,7613693320.00,[0A]
164,7631243240.00,[0D]
165,7631254080.00,[0A]
166,7631264960.00,+
167,7631275800.00,M
168,7631286640.00,I
169,7631297480.00,P
170,7631308320.00,C
171,7631319200.00,A
172,7631330040.00,L
173,7631340880.00,L
174,7631351720.00,:
175,7631362560.00,[20]
176,7631373440.00,1
177,7631384280.00,,
178,7631395120.00,1
179,7631405960.00,,
180,7631416800.00,"
181,7631427680.00,1
182,7631438520.00,0
183,7631449360.00,.
184,7631460200.00,2
185,7631471080.00,0
186,7631481920.00,7
187,7631492760.00,.
188,7631503600.00,5
189,7631514440.00,8
190,7631525280.00,.
191,7631536160.00,1
192,7631547000.00,1
193,7631557840.00,1
194,7631568680.00,"
195,7631579520.00,,
196,7631590400.00,"
197,7631601240.00,2
198,7631612080.00,4
199,7631622920.00,0
200,7631633760.00,9
201,7631644640.00,:
202,7631655480.00,8
203,7631666320.00,D
204,7631677160.00,2
205,7631688040.00,2
206,7631698880.00,:
207,7631709720.00,2
208,7631720560.00,8
209,7631731400.00,3
210,7631742240.00,:
211,7631753120.00,5
212,7631763960.00,C
213,7631774800.00,7
214,7631785640.00,1
215,7631796480.00,:
216,7631807360.00,1
217,7631818200.00,8
218,7631829040.00,A
219,7631839880.00,7
220,7631850720.00,:
221,7631861600.00,7
222,7631872440.00,6
223,7631883280.00,6
224,7631894120.00,1
225,7631905000.00,:
226,7631915840.00,F
227,7631926680.00,6
228,7631937520.00,E
229,7631948360.00,2
230,7631959240.00,:
231,7631970080.00,F
232,7631980920.00,A
233,7631991760.00,C
234,7632002600.00,A
235,7632013440.00,"
236,7632024320.00,[0D]
237,7632035160.00,[0A]
238,7632046000.00,[0D]
239,7632056840.00,[0A]
240,7632067680.00,O
241,7632078560.00,K
242,7632089400.00,[0D]
243,7632100240.00,[0A]
244,7636095560.00,[0D]
245,7636106400.00,[0A]
246,7636117280.00,+
247,7636128120.00,C
248,7636138960.00,G
249,7636149800.00,S
250,7636160680.00,N
251,7636171520.00,:
252,7636182360.00,[20]
253,7636193200.00,8
254,7636204040.00,6
255,7636214880.00,4
256,7636225760.00,0
257,7636236600.00,9
258,7636247440.00,8
259,7636258280.00,0
260,7636269120.00,8
261,7636280000.00,9
262,7636290840.00,4
263,7636301680.00,1
264,7636312520.00,7
265,7636323360.00,6
266,7636334240.00,2
267,7636345080.00,9
268,7636355920.00,[0D]
269,7636366760.00,[0A]
270,7636377640.00,[0D]
271,7636388480.00,[0A]
272,7636399320.00,O
273,7636410160.00,K
274,7636421000.00,[0D]
275,7636431880.00,[0A]
276,7638368240.00,[0D]
277,7638379080.00,[0A]
278,7638389920.00,+
279,7638400760.00,I
280,7638411640.00,C
281,7638422480.00,C
282,7638433320.00,I
283,7638444160.00,D
284,7638455000.00,:
285,7638465880.00,[20]
286,7638476720.00,8
287,7638487560.00,9
288,7638498400.00,8
289,7638509240.00,6
290,7638520120.00,0
291,7638530960.00,4
292,7638541800.00,1
293,7638552640.00,3
294,7638563480.00,1
295,7638574360.00,6
296,7638585200.00,2
297,7638596040.00,5
298,7638606880.00,8
299,7638617720.00,0
300,7638628600.00,1
301,7638639440.00,8
302,7638650280.00,2
303,7638661120.00,7
304,7638671960.00,9
305,7638682840.00,8
306,7638693680.00,[0D]
307,7638704520.00,[0A]
308,7638715360.00,[0D]
309,7638726200.00,[0A]
310,7638737080.00,O
311,7638747920.00,K
312,7638758760.00,[0D]
313,7638769600.00,[0A]
314,7639730720.00,[0D]
315,7639741600.00,[0A]
316,7639752440.00,+
317,7639763280.00,C
318,7639774120.00,O
319,7639785000.00,P
320,7639795840.00,S
321,7639806680.00,:
322,7639817520.00,[20]
323,7639828360.00,0
324,7639839240.00,,
325,7639850080.00,0
326,7639860920.00,,
327,7639871760.00,"
328,7639882600.00,C
329,7639893480.00,H
330,7639904320.00,I
331,7639915160.00,N
332,7639926000.00,A
333,7639936840.00,[20]
334,7639947720.00,M
335,7639958560.00,O
336,7639969400.00,B
337,7639980240.00,I
338,7639991080.00,L
339,7640001960.00,E
340,7640012800.00,"
341,7640023640.00,,
342,7640034480.00,7
343,7640045320.00,[0D]
344,7640056200.00,[0A]
345,7640067040.00,[0D]
346,7640077880.00,[0A]
347,7640088720.00,O
348,7640099560.00,K
349,7640110440.00,[0D]
350,7640121280.00,[0A]
351,7640960920.00,[0D]
352,7640971760.00,[0A]
353,7640982600.00,C
354,7640993440.00,M
355,7641004280.00,C
356,7641015160.00,C
357,7641026000.00,[0D]
358,7641036840.00,[0A]
359,7641047680.00,[0D]
360,7641058520.00,[0A]
361,7641069400.00,O
362,7641080240.00,K
363,7641091080.00,[0D]
364,7641101920.00,[0A]
365,7641746320.00,[0D]
366,7641757160.00,[0A]
367,7641768000.00,M
368,7641778840.00,L
369,7641789680.00,3
370,7641800560.00,0
371,7641811400.00,7
372,7641822240.00,R
373,7641833080.00,[0D]
374,7641843920.00,[0A]
375,7641854800.00,[0D]
376,7641865640.00,[0A]
377,7641876480.00,O
378,7641887320.00,K
379,7641898160.00,[0D]
380,7641909040.00,[0A]
381,7642991640.00,[0D]
382,7643002520.00,[0A]
383,7643013360.00,O
384,7643024200.00,K
385,7643035040.00,[0D]
386,7643045880.00,[0A]
387,7643990760.00,[0D]
388,7644001600.00,[0A]
389,7644012440.00,O
390,7644023320.00,K
391,7644034160.00,[0D]
392,7644045000.00,[0A]
393,7645037600.00,[0D]
394,7645048440.00,[0A]
395,7645059280.00,O
396,7645070160.00,K
397,7645081000.00,[0D]
398,7645091840.00,[0A]
399,7645970520.00,[0D]
400,7645981360.00,[0A]
401,7645992240.00,+
402,7646003080.00,M
403,7646013920.00,I
404,7646024760.00,P
405,7646035600.00,S
406,7646046480.00,T
407,7646057320.00,A
408,7646068160.00,T
409,7646079000.00,E
410,7646089840.00,:
411,7646100680.00,[20]
412,7646111560.00,0
413,7646122400.00,,
414,7646133240.00,"
415,7646144080.00,T
416,7646154960.00,C
417,7646165800.00,P
418,7646176640.00,"
419,7646187480.00,,
420,7646198320.00,"
421,7646209200.00,a
422,7646220040.00,p
423,7646230880.00,i
424,7646241720.00,.
425,7646252560.00,t
426,7646263440.00,e
427,7646274280.00,n
428,7646285120.00,c
429,7646295960.00,l
430,7646306800.00,a
431,7646317640.00,s
432,7646328520.00,s
433,7646339360.00,.
434,7646350200.00,n
435,7646361040.00,e
436,7646371920.00,t
437,7646382760.00,"
438,7646393600.00,,
439,7646404440.00,4
440,7646415280.00,4
441,7646426160.00,3
442,7646437000.00,,
443,7646447840.00,"
444,7646458680.00,C
445,7646469520.00,O
446,7646480400.00,N
447,7646491240.00,N
448,7646502080.00,E
449,7646512920.00,C
450,7646523760.00,T
451,7646534600.00,E
452,7646545480.00,D
453,7646556320.00,"
454,7646567160.00,[0D]
455,7646578000.00,[0A]
456,7646588880.00,[0D]
457,7646599720.00,[0A]
458,7646610560.00,O
459,7646621400.00,K
460,7646632240.00,[0D]
461,7646643120.00,[0A]
462,7659935200.00,[0D]
463,7659946040.00,[0A]
464,7659956880.00,O
465,7659967720.00,K
466,7659978560.00,[0D]
467,7659989400.00,[0A]
468,7662532200.00,[0D]
469,7662543040.00,[0A]
470,7662553880.00,+
471,7662564760.00,M
472,7662575600.00,I
473,7662586440.00,P
474,7662597280.00,C
475,7662608120.00,L
476,7662618960.00,O
477,7662629840.00,S
478,7662640680.00,E
479,7662651520.00,:
480,7662662360.00,[20]
481,7662673240.00,0
482,7662684080.00,[0D]
483,7662694920.00,[0A]
484,7664145280.00,[0D]
485,7664156160.00,[0A]
486,7664167000.00,O
487,7664177840.00,K
488,7664188680.00,[0D]
489,7664199520.00,[0A]
490,8276003920.00,[0D]
491,8276014760.00,[0A]
492,8276025600.00,+
493,8276036440.00,M
494,8276047320.00,I
495,8276058160.00,P
496,8276069000.00,O
497,8276079840.00,P
498,8276090680.00,E
499,8276101520.00,N
500,8276112400.00,:
501,8276123240.00,[20]
502,8276134080.00,0
503,8276144920.00,,
504,8276155800.00,0
505,8276166640.00,[0D]
506,8276177480.00,[0A]
507,8493021760.00,[0D]
508,8493032640.00,[0A]
509,8493043480.00,+
510,8493054320.00,M
511,8493065160.00,I
512,8493076000.00,P
513,8493086880.00,S
514,8493097720.00,E
515,8493108560.00,N
516,8493119400.00,D
517,8493130240.00,:
518,8493141120.00,[20]
519,8493151960.00,0
520,8493162800.00,,
521,8493173640.00,5
522,8493184480.00,2
523,8493195320.00,3
524,8493206200.00,[0D]
525,8493217040.00,[0A]
526,8493227880.00,[0D]
527,8493238720.00,[0A]
528,8493249600.00,O
529,8493260440.00,K
530,8493271280.00,[0D]
531,8493282120.00,[0A]
532,8598248640.00,[0D]
533,8598259480.00,[0A]
534,8598270320.00,+
535,8598281200.00,M
536,8598292040.00,I
537,8598302880.00,P
538,8598313720.00,U
539,8598324560.00,R
540,8598335440.00,C
541,8598346280.00,:
542,8598357120.00,[20]
543,8598367960.00,"
544,8598378800.00,r
545,8598389680.00,t
546,8598400520.00,c
547,8598411360.00,p
548,8598422200.00,"
549,8598433040.00,,
550,8598443880.00,0
551,8598454760.00,,
552,8598465600.00,6
553,8598476440.00,7
554,8598487280.00,6
555,8598498160.00,,
556,8598509000.00,4
557,8598519840.00,8
558,8598530680.00,5
559,8598541520.00,4
560,8598552400.00,5
561,8598563240.00,4
562,8598574080.00,5
563,8598584920.00,0
564,8598595760.00,2
565,8598606640.00,F
566,8598617480.00,3
567,8598628320.00,1
568,8598639160.00,2
569,8598650000.00,E
570,8598660840.00,3
571,8598671720.00,1
572,8598682560.00,2
573,8598693400.00,0
574,8598704240.00,3
575,8598715120.00,2
576,8598725960.00,3
577,8598736800.00,0
578,8598747640.00,3
579,8598758480.00,0
580,8598769360.00,2
581,8598780200.00,0
582,8598791040.00,4
583,8598801880.00,F
584,8598812720.00,4
585,8598823600.00,B
586,8598834440.00,0
587,8598845280.00,D
588,8598856120.00,0
589,8598866960.00,A
590,8598877840.00,4
591,8598888680.00,4
592,8598899520.00,6
593,8598910360.00,1
594,8598921200.00,7
595,8598932080.00,4
596,8598942920.00,6
597,8598953760.00,5
598,8598964600.00,3
599,8598975440.00,A
600,8598986320.00,2
601,8598997160.00,0
602,8599008000.00,5
603,8599018840.00,3
604,8599029680.00,6
605,8599040560.00,1
606,8599051400.00,7
607,8599062240.00,4
608,8599073080.00,2
609,8599083920.00,C
610,8599094800.00,2
611,8599105640.00,0
612,8599116480.00,3
613,8599127320.00,1
614,8599138160.00,3
615,8599149040.00,8
616,8599159880.00,2
617,8599170720.00,0
618,8599181560.00,4
619,8599192400.00,1
620,8599203280.00,7
621,8599214120.00,0
622,8599224960.00,7
623,8599235800.00,2
624,8599246640.00,2
625,8599257520.00,0
626,8599268360.00,3
627,8599279200.00,2
628,8599290040.00,3
629,8599300880.00,0
630,8599311760.00,3
631,8599322600.00,2
632,8599333440.00,3
633,8599344280.00,6
634,8599355120.00,2
635,8599366000.00,0
636,8599376840.00,3
637,8599387680.00,1
638,8599398520.00,3
639,8599409360.00,3
640,8599420240.00,3
641,8599431080.00,A
642,8599441920.00,3
643,8599452760.00,4
644,8599463600.00,3
645,8599474480.00,5
646,8599485320.00,3
647,8599496160.00,A
648,8599507000.00,3
649,8599517840.00,3
650,8599528720.00,3
651,8599539560.00,0
652,8599550400.00,2
653,8599561240.00,0
654,8599572080.00,4
655,8599582960.00,7
656,8599593800.00,4
657,8599604640.00,D
658,8599615480.00,5
659,8599626320.00,4
660,8599637200.00,0
661,8599648040.00,D
662,8599658880.00,0
663,8599669720.00,A
664,8599680560.00,4
665,8599691440.00,3
666,8599702280.00,6
667,8599713120.00,F
668,8599723960.00,6
669,8599734800.00,E
670,8599745680.00,7
671,8599756520.00,4
672,8599767360.00,6
673,8599778200.00,5
674,8599789040.00,6
675,8599799920.00,E
676,8599810760.00,7
677,8599821600.00,4
678,8599832440.00,2
679,8599843280.00,D
680,8599854160.00,5
681,8599865000.00,4
682,8599875840.00,7
683,8599886680.00,9
684,8599897520.00,7
685,8599908400.00,0
686,8599919240.00,6
687,8599930080.00,5
688,8599940920.00,3
689,8599951760.00,A
690,8599962640.00,2
691,8599973480.00,0
692,8599984320.00,6
693,8599995160.00,1
694,8600006000.00,7
695,8600016880.00,0
696,8600027720.00,7
697,8600038560.00,0
698,8600049400.00,6
699,8600060240.00,C
700,8600071120.00,6
701,8600081960.00,9
702,8600092800.00,6
703,8600103640.00,3
704,8600114480.00,6
705,8600125360.00,1
706,8600136200.00,7
707,8600147040.00,4
708,8600157880.00,6
709,8600168720.00,9
710,8600179600.00,6
711,8600190440.00,F
712,8600201280.00,6
713,8600212120.00,E
714,8600222960.00,2
715,8600233840.00,F
716,8600244680.00,6
717,8600255520.00,A
718,8600266360.00,7
719,8600277200.00,3
720,8600288080.00,6
721,8600298920.00,F
722,8600309760.00,6
723,8600320600.00,E
724,8600331440.00,3
725,8600342320.00,B
726,8600353160.00,2
727,8600364000.00,0
728,8600374840.00,6
729,8600385680.00,3
730,8600396560.00,6
731,8600407400.00,8
732,8600418240.00,6
733,8600429080.00,1
734,8600439920.00,7
735,8600450800.00,2
736,8600461640.00,7
737,8600472480.00,3
738,8600483320.00,6
739,8600494160.00,5
740,8600505040.00,7
741,8600515880.00,4
742,8600526720.00,3
743,8600537560.00,D
744,8600548400.00,7
745,8600559280.00,5
746,8600570120.00,7
747,8600580960.00,4
748,8600591800.00,6
749,8600602640.00,6
750,8600613520.00,2
751,8600624360.00,D
752,8600635200.00,3
753,8600646040.00,8
754,8600656880.00,0
755,8600667760.00,D
756,8600678600.00,0
757,8600689440.00,A
758,8600700280.00,4
759,8600711120.00,3
760,8600722000.00,6
761,8600732840.00,F
762,8600743680.00,6
763,8600754520.00,E
764,8600765360.00,7
765,8600776240.00,4
766,8600787080.00,6
767,8600797920.00,5
768,8600808760.00,6
769,8600819600.00,E
770,8600830480.00,7
771,8600841320.00,4
772,8600852160.00,2
773,8600863000.00,D
774,8600873840.00,4
775,8600884720.00,C
776,8600895560.00,6
777,8600906400.00,5
778,8600917240.00,6
779,8600928080.00,E
780,8600938960.00,6
781,8600949800.00,7
782,8600960640.00,7
783,8600971480.00,4
784,8600982320.00,6
785,8600993200.00,8
786,8601004040.00,3
787,8601014880.00,A
788,8601025720.00,2
789,8601036560.00,0
790,8601047440.00,3
791,8601058280.00,4
792,8601069120.00,3
793,8601079960.00,6
794,8601090800.00,3
795,8601101680.00,4
796,8601112520.00,0
797,8601123360.00,D
798,8601134200.00,0
799,8601145080.00,A
800,8601155920.00,4
801,8601166760.00,3
802,8601177600.00,6
803,8601188440.00,F
804,8601199280.00,6
805,8601210160.00,E
806,8601221000.00,6
807,8601231840.00,E
808,8601242680.00,6
809,8601253520.00,5
810,8601264400.00,6
811,8601275240.00,3
812,8601286080.00,7
813,8601296920.00,4
814,8601307760.00,6
815,8601318640.00,9
816,8601329480.00,6
817,8601340320.00,F
818,8601351160.00,6
819,8601362040.00,E
820,8601372880.00,3
821,8601383720.00,A
822,8601394560.00,2
823,8601405400.00,0
824,8601416240.00,6
825,8601427120.00,3
826,8601437960.00,6
827,8601448800.00,C
828,8601459640.00,6
829,8601470480.00,F
830,8601481360.00,7
831,8601492200.00,3
832,8601503040.00,6
833,8601513880.00,5
834,8601524720.00,0
835,8601535600.00,D
836,8601546440.00,0
837,8601557280.00,A
838,8601568120.00,5
839,8601579000.00,6
840,8601589840.00,6
841,8601600680.00,1
842,8601611520.00,7
843,8601622360.00,2
844,8601633200.00,7
845,8601644080.00,9
846,8601654920.00,3
847,8601665760.00,A
848,8601676600.00,2
849,8601687440.00,0
850,8601698320.00,4
851,8601709160.00,1
852,8601720000.00,6
853,8601730840.00,3
854,8601741680.00,6
855,8601752560.00,3
856,8601763400.00,6
857,8601774240.00,5
858,8601785080.00,7
859,8601795960.00,0
860,8601806800.00,7
861,8601817640.00,4
862,8601828480.00,2
863,8601839320.00,D
864,8601850160.00,4
865,8601861040.00,5
866,8601871880.00,6
867,8601882720.00,E
868,8601893560.00,6
869,8601904400.00,3
870,8601915280.00,6
871,8601926120.00,F
872,8601936960.00,6
873,8601947800.00,4
874,8601958640.00,6
875,8601969520.00,9
876,8601980360.00,6
877,8601991200.00,E
878,8602002040.00,6
879,8602012920.00,7
880,8602023760.00,0
881,8602034600.00,D
882,8602045440.00,0
883,8602056280.00,A
884,8602067160.00,5
885,8602078000.00,6
886,8602088840.00,6
887,8602099680.00,1
888,8602110520.00,7
889,8602121360.00,2
890,8602132240.00,7
891,8602143080.00,9
892,8602153920.00,3
893,8602164760.00,A
894,8602175600.00,2
895,8602186480.00,0
896,8602197320.00,4
897,8602208160.00,F
898,8602219000.00,7
899,8602229880.00,2
900,8602240720.00,6
901,8602251560.00,9
902,8602262400.00,6
903,8602273240.00,7
904,8602284120.00,6
905,8602294960.00,9
906,8602305800.00,6
907,8602316640.00,E
908,8602327480.00,0
909,8602338320.00,D
910,8602349200.00,0
911,8602360040.00,A
912,8602370880.00,4
913,8602381720.00,1
914,8602392560.00,6
915,8602403440.00,3
916,8602414280.00,6
917,8602425120.00,3
918,8602435960.00,6
919,8602446840.00,5
920,8602457680.00,7
921,8602468520.00,3
922,8602479360.00,7
923,8602490200.00,3
924,8602501080.00,2
925,8602511920.00,D
926,8602522760.00,4
927,8602533600.00,3
928,8602544440.00,6
929,8602555280.00,F
930,8602566160.00,6
931,8602577000.00,E
932,8602587840.00,7
933,8602598680.00,4
934,8602609520.00,7
935,8602620400.00,2
936,8602631240.00,6
937,8602642080.00,F
938,8602652920.00,6
939,8602663800.00,C
940,8602674640.00,2
941,8602685480.00,D
942,8602696320.00,4
943,8602707160.00,1
944,8602718040.00,6
945,8602728880.00,C
946,8602739720.00,6
947,8602750560.00,C
948,8602761400.00,6
949,8602772240.00,F
950,8602783120.00,7
951,8602793960.00,7
952,8602804800.00,2
953,8602815640.00,D
954,8602826480.00,4
955,8602837360.00,F
956,8602848200.00,7
957,8602859040.00,2
958,8602869880.00,6
959,8602880760.00,9
960,8602891600.00,6
961,8602902440.00,7
962,8602913280.00,6
963,8602924120.00,9
964,8602935000.00,6
965,8602945840.00,E
966,8602956680.00,3
967,8602967520.00,A
968,8602978360.00,2
969,8602989200.00,0
970,8603000080.00,2
971,8603010920.00,A
972,8603021760.00,0
973,8603032600.00,D
974,8603043440.00,0
975,8603054320.00,A
976,8603065160.00,0
977,8603076000.00,D
978,8603086840.00,0
979,8603097720.00,A
980,8603108560.00,7
981,8603119400.00,B
982,8603130240.00,2
983,8603141080.00,2
984,8603151960.00,6
985,8603162800.00,D
986,8603173640.00,7
987,8603184480.00,1
988,8603195320.00,7
989,8603206160.00,4
990,8603217040.00,7
991,8603227880.00,4
992,8603238720.00,2
993,8603249560.00,2
994,8603260400.00,3
995,8603271280.00,A
996,8603282120.00,7
997,8603292960.00,B
998,8603303800.00,2
999,8603314680.00,2
1000,8603325520.00,6
1001,8603336360.00,5
1002,8603347200.00,6
1003,8603358040.00,E
1004,8603368920.00,6
1005,8603379760.00,4
1006,8603390600.00,7
1007,8603401440.00,0
1008,8603412280.00,6
1009,8603423160.00,F
1010,8603434000.00,6
1011,8603444840.00,9
1012,8603455680.00,6
1013,8603466520.00,E
1014,8603477360.00,7
1015,8603488240.00,4
1016,8603499080.00,2
1017,8603509920.00,2
1018,8603520760.00,3
1019,8603531640.00,A
1020,8603542480.00,2
1021,8603553320.00,2
1022,8603564160.00,6
1023,8603575000.00,D
1024,8603585880.00,7
1025,8603596720.00,1
1026,8603607560.00,7
1027,8603618400.00,4
1028,8603629240.00,7
1029,8603640120.00,4
1030,8603650960.00,2
1031,8603661800.00,E
1032,8603672640.00,7
1033,8603683480.00,8
1034,8603694320.00,6
1035,8603705200.00,9
1036,8603716040.00,6
1037,8603726880.00,1
1038,8603737720.00,6
1039,8603748600.00,F
1040,8603759440.00,7
1041,8603770280.00,A
1042,8603781120.00,6
1043,8603791960.00,8
1044,8603802840.00,6
1045,8603813680.00,9
1046,8603824520.00,2
1047,8603835360.00,E
1048,8603846200.00,6
1049,8603857080.00,D
1050,8603867920.00,6
1051,8603878760.00,5
1052,8603889600.00,2
1053,8603900440.00,2
1054,8603911320.00,2
1055,8603922160.00,C
1056,8603933000.00,2
1057,8603943840.00,2
1058,8603954680.00,6
1059,8603965560.00,3
1060,8603976400.00,6
1061,8603987240.00,C
1062,8603998080.00,6
1063,8604008920.00,9
1064,8604019800.00,6
1065,8604030640.00,5
1066,8604041480.00,6
1067,8604052320.00,E
1068,8604063160.00,7
1069,8604074040.00,4
1070,8604084880.00,5
1071,8604095720.00,F
1072,8604106560.00,6
1073,8604117400.00,9
1074,8604128280.00,6
1075,8604139120.00,4
1076,8604149960.00,2
1077,8604160800.00,2
1078,8604171640.00,3
1079,8604182520.00,A
1080,8604193360.00,2
1081,8604204200.00,2
1082,8604215040.00,4
1083,8604225880.00,7
1084,8604236760.00,4
1085,8604247600.00,9
1086,8604258440.00,4
1087,8604269280.00,4
1088,8604280120.00,5
1089,8604291000.00,F
1090,8604301840.00,7
1091,8604312680.00,4
1092,8604323520.00,6
1093,8604334360.00,5
1094,8604345240.00,7
1095,8604356080.00,3
1096,8604366920.00,7
1097,8604377760.00,4
1098,8604388600.00,4
1099,8604399480.00,0
1100,8604410320.00,4
1101,8604421160.00,0
1102,8604432000.00,4
1103,8604442840.00,0
1104,8604453720.00,3
1105,8604464560.00,3
1106,8604475400.00,3
1107,8604486240.00,4
1108,8604497080.00,5
1109,8604507960.00,F
1110,8604518800.00,3
1111,8604529640.00,9
1112,8604540480.00,3
1113,8604551320.00,9
1114,8604562200.00,5
1115,8604573040.00,F
1116,8604583880.00,3
1117,8604594720.00,0
1118,8604605560.00,3
1119,8604616440.00,0
1120,8604627280.00,5
1121,8604638120.00,F
1122,8604648960.00,3
1123,8604659800.00,1
1124,8604670680.00,3
1125,8604681520.00,3
1126,8604692360.00,5
1127,8604703200.00,F
1128,8604714040.00,3
1129,8604724920.00,3
1130,8604735760.00,3
1131,8604746600.00,5
1132,8604757440.00,5
1133,8604768280.00,F
1134,8604779160.00,3
1135,8604790000.00,8
1136,8604800840.00,3
1137,8604811680.00,7
1138,8604822520.00,4
1139,8604833400.00,0
1140,8604844240.00,4
1141,8604855080.00,0
1142,8604865920.00,4
1143,8604876760.00,0
1144,8604887640.00,3
1145,8604898480.00,1
1146,8604909320.00,3
1147,8604920160.00,2
1148,8604931000.00,3
1149,8604941880.00,3
1150,8604952720.00,3
1151,8604963560.00,4
1152,8604974400.00,3
1153,8604985240.00,5
1154,8604996120.00,3
1155,8605006960.00,6
1156,8605017800.00,3
1157,8605028640.00,7
1158,8605039480.00,3
1159,8605050360.00,8
1160,8605061200.00,2
1161,8605072040.00,D
1162,8605082880.00,6
1163,8605093720.00,5
1164,8605104600.00,6
1165,8605115440.00,6
1166,8605126280.00,6
1167,8605137120.00,1
1168,8605147960.00,6
1169,8605158840.00,4
1170,8605169680.00,2
1171,8605180520.00,D
1172,8605191360.00,6
1173,8605202200.00,1
1174,8605213080.00,6
1175,8605223920.00,4
1176,8605234760.00,6
1177,8605245600.00,2
1178,8605256440.00,6
1179,8605267320.00,3
1180,8605278160.00,2
1181,8605289000.00,D
1182,8605299840.00,6
1183,8605310680.00,3
1184,8605321560.00,6
1185,8605332400.00,2
1186,8605343240.00,6
1187,8605354080.00,1
1188,8605364920.00,6
1189,8605375800.00,4
1190,8605386640.00,2
1191,8605397480.00,D
1192,8605408320.00,3
1193,8605419160.00,1
1194,8605430040.00,3
1195,8605440880.00,2
1196,8605451720.00,3
1197,8605462560.00,3
1198,8605473400.00,3
1199,8605484280.00,4
1200,8605495120.00,3
1201,8605505960.00,5
1202,8605516800.00,3
1203,8605527640.00,6
1204,8605538520.00,3
1205,8605549360.00,7
1206,8605560200.00,3
1207,8605571040.00,8
1208,8605581880.00,3
1209,8605592760.00,9
1210,8605603600.00,6
1211,8605614440.00,1
1212,8605625280.00,6
1213,8605636120.00,2
1214,8605647000.00,6
1215,8605657840.00,3
1216,8605668680.00,2
1217,8605679520.00,2
1218,8605690360.00,2
1219,8605701240.00,C
1220,8605712080.00,2
1221,8605722920.00,2
1222,8605733760.00,7
1223,8605744600.00,5
1224,8605755480.00,7
1225,8605766320.00,3
1226,8605777160.00,6
1227,8605788000.00,5
1228,8605798840.00,7
1229,8605809720.00,2
1230,8605820560.00,6
1231,8605831400.00,E
1232,8605842240.00,6
1233,8605853080.00,1
1234,8605863960.00,6
1235,8605874800.00,D
1236,8605885640.00,6
1237,8605896480.00,5
1238,8605907320.00,2
1239,8605918200.00,2
1240,8605929040.00,3
1241,8605939880.00,A
1242,8605950720.00,2
1243,8605961600.00,2
1244,8605972440.00,6
1245,8605983280.00,5
1246,8605994120.00,7
1247,8606004960.00,9
1248,8606015800.00,4
1249,8606026680.00,A
1250,8606037520.00,7
1251,8606048360.00,0
1252,8606059200.00,6
1253,8606070040.00,3
1254,8606080920.00,4
1255,8606091760.00,3
1256,8606102600.00,4
1257,8606113440.00,9
1258,8606124280.00,3
1259,8606135160.00,6
1260,8606146000.00,4
1261,8606156840.00,9
1262,8606167680.00,6
1263,8606178560.00,A
1264,8606189400.00,4
1265,8606200240.00,5
1266,8606211080.00,7
1267,8606221920.00,8
1268,8606232760.00,4
1269,8606243640.00,D
1270,8606254480.00,5
1271,8606265320.00,3
1272,8606276160.00,3
1273,8606287000.00,4
1274,8606297880.00,3
1275,8606308720.00,1
1276,8606319560.00,4
1277,8606330400.00,E
1278,8606341240.00,5
1279,8606352120.00,3
1280,8606362960.00,3
1281,8606373800.00,4
1282,8606384640.00,3
1283,8606395520.00,3
1284,8606406360.00,4
1285,8606417200.00,E
1286,8606428040.00,5
1287,8606438880.00,3
1288,8606449720.00,3
1289,8606460600.00,4
1290,8606471440.00,7
1291,8606482280.00,9
1292,8606493120.00,4
1293,8606503960.00,D
1294,8606514840.00,7
1295,8606525680.00,A
1296,8606536520.00,6
1297,8606547360.00,B
1298,8606558200.00,6
1299,8606569080.00,9
1300,8606579920.00,6
1301,8606590760.00,6
1302,8606601600.00,5
1303,8606612480.00,1
1304,8606623320.00,3
1305,8606634160.00,D
1306,8606645000.00,3
1307,8606655840.00,D
1308,8606666720.00,2
1309,8606677560.00,2
1310,8606688400.00,2
1311,8606699240.00,C
1312,8606710080.00,2
1313,8606720920.00,2
1314,8606731800.00,7
1315,8606742640.00,0
1316,8606753480.00,6
1317,8606764320.00,1
1318,8606775160.00,7
1319,8606786040.00,3
1320,8606796880.00,7
1321,8606807720.00,3
1322,8606818560.00,7
1323,8606829440.00,7
1324,8606840280.00,6
1325,8606851120.00,F
1326,8606861960.00,7
1327,8606872800.00,2
1328,8606883680.00,6
1329,8606894520.00,4
1330,8606905360.00,2
1331,8606916200.00,2
1332,8606927040.00,3
1333,8606937880.00,A
1334,8606948760.00,2
1335,8606959600.00,2
1336,8606970440.00,7
1337,8606981280.00,8
1338,8606992120.00,6
1339,8607003000.00,7
1340,8607013840.00,7
1341,8607024680.00,6
1342,8607035520.00,6
1343,8607046400.00,F
1344,8607057240.00,7
1345,8607068080.00,0
1346,8607078920.00,4
1347,8607089760.00,3
1348,8607100640.00,4
1349,8607111480.00,E
1350,8607122320.00,7
1351,8607133160.00,2
1352,8607144000.00,6
1353,8607154840.00,4
1354,8607165720.00,4
1355,8607176560.00,F
1356,8607187400.00,6
1357,8607198240.00,A
1358,8607209080.00,4
1359,8607219960.00,A
1360,8607230800.00,3
1361,8607241640.00,4
1362,8607252480.00,4
1363,8607263360.00,D
1364,8607274200.00,4
1365,8607285040.00,3
1366,8607295880.00,4
1367,8607306720.00,E
1368,8607317600.00,4
1369,8607328440.00,A
1370,8607339280.00,7
1371,8607350120.00,5
1372,8607360960.00,6
1373,8607371800.00,A
1374,8607382680.00,6
1375,8607393520.00,3
1376,8607404360.00,5
1377,8607415200.00,1
1378,8607426040.00,6
1379,8607436920.00,7
1380,8607447760.00,3
1381,8607458600.00,7
1382,8607469440.00,5
1383,8607480320.00,0
1384,8607491160.00,6
1385,8607502000.00,4
1386,8607512840.00,3
1387,8607523680.00,0
1388,8607534560.00,7
1389,8607545400.00,2
1390,8607556240.00,5
1391,8607567080.00,2
1392,8607577920.00,7
1393,8607588760.00,4
1394,8607599640.00,3
1395,8607610480.00,1
1396,8607621320.00,3
1397,8607632160.00,6
1398,8607643000.00,7
1399,8607653880.00,5
1400,8607664720.00,6
1401,8607675560.00,5
1402,8607686400.00,5
1403,8607697280.00,2
1404,8607708120.00,6
1405,8607718960.00,D
1406,8607729800.00,5
1407,8607740640.00,3
1408,8607751520.00,5
1409,8607762360.00,7
1410,8607773200.00,7
1411,8607784040.00,8
1412,8607794880.00,7
1413,8607805720.00,0
1414,8607816600.00,4
1415,8607827440.00,9
1416,8607838280.00,3
1417,8607849120.00,1
1418,8607859960.00,7
1419,8607870840.00,1
1420,8607881680.00,6
1421,8607892520.00,3
1422,8607903360.00,3
1423,8607914240.00,D
1424,8607925080.00,2
1425,8607935920.00,2
1426,8607946760.00,2
1427,8607957600.00,C
1428,8607968480.00,2
1429,8607979320.00,2
1430,8607990160.00,7
1431,8608001000.00,0
1432,8608011840.00,7
1433,8608022720.00,5
1434,8608033560.00,6
1435,8608044400.00,2
1436,8608055240.00,6
1437,8608066080.00,C
1438,8608076920.00,6
1439,8608087800.00,9
1440,8608098640.00,7
1441,8608109480.00,3
1442,8608120320.00,6
1443,8608131200.00,8
1444,8608142040.00,5
1445,8608152880.00,F
1446,8608163720.00,7
1447,8608174560.00,4
1448,8608185440.00,6
1449,8608196280.00,F
1450,8608207120.00,7
1451,8608217960.00,0
1452,8608228800.00,6
1453,8608239680.00,9
1454,8608250520.00,6
1455,8608261360.00,3
1456,8608272200.00,2
1457,8608283040.00,2
1458,8608293880.00,3
1459,8608304760.00,A
1460,8608315600.00,2
1461,8608326440.00,2
1462,8608337280.00,6
1463,8608348160.00,4
1464,8608359000.00,6
1465,8608369840.00,5
1466,8608380680.00,7
1467,8608391520.00,6
1468,8608402400.00,6
1469,8608413240.00,9
1470,8608424080.00,6
1471,8608434920.00,3
1472,8608445760.00,6
1473,8608456640.00,5
1474,8608467480.00,2
1475,8608478320.00,D
1476,8608489160.00,7
1477,8608500000.00,3
1478,8608510840.00,6
1479,8608521720.00,5
1480,8608532560.00,7
1481,8608543400.00,2
1482,8608554240.00,7
1483,8608565120.00,6
1484,8608575960.00,6
1485,8608586800.00,5
1486,8608597640.00,7
1487,8608608480.00,2
1488,8608619360.00,2
1489,8608630200.00,2
1490,8608641040.00,2
1491,8608651880.00,C
1492,8608662720.00,2
1493,8608673600.00,2
1494,8608684440.00,7
1495,8608695280.00,3
1496,8608706120.00,7
1497,8608716960.00,5
1498,8608727840.00,6
1499,8608738680.00,2
1500,8608749520.00,7
1501,8608760360.00,3
1502,8608771200.00,6
1503,8608782080.00,3
1504,8608792920.00,7
1505,8608803760.00,2
1506,8608814600.00,6
1507,8608825440.00,9
1508,8608836320.00,6
1509,8608847160.00,2
1510,8608858000.00,6
1511,8608868840.00,5
1512,8608879680.00,5
1513,8608890560.00,F
1514,8608901400.00,7
1515,8608912240.00,4
1516,8608923080.00,6
1517,8608933920.00,F
1518,8608944800.00,7
1519,8608955640.00,0
1520,8608966480.00,6
1521,8608977320.00,9
1522,8608988160.00,6
1523,8608999040.00,3
1524,8609009880.00,2
1525,8609020720.00,2
1526,8609031560.00,3
1527,8609042400.00,A
1528,8609053280.00,2
1529,8609064120.00,2
1530,8609074960.00,6
1531,8609085800.00,E
1532,8609096640.00,7
1533,8609107520.00,5
1534,8609118360.00,6
1535,8609129200.00,C
1536,8609140040.00,6
1537,8609150880.00,C
1538,8609161760.00,2
1539,8609172600.00,2
1540,8609183440.00,7
1541,8609194280.00,D
1542,8609205120.00,2
1543,8609216000.00,C
1544,8609226840.00,2
1545,8609237680.00,2
1546,8609248520.00,7
1547,8609259360.00,7
1548,8609270240.00,6
1549,8609281080.00,5
1550,8609291920.00,6
1551,8609302760.00,2
1552,8609313600.00,7
1553,8609324480.00,3
1554,8609335320.00,6
1555,8609346160.00,F
1556,8609357000.00,6
1557,8609367840.00,3
1558,8609378720.00,6
1559,8609389560.00,B
1560,8609400400.00,6
1561,8609411240.00,5
1562,8609422080.00,7
1563,8609432960.00,4
1564,8609443800.00,2
1565,8609454640.00,2
1566,8609465480.00,3
1567,8609476320.00,A
1568,8609487200.00,7
1569,8609498040.00,B
1570,8609508880.00,2
1571,8609519720.00,2
1572,8609530560.00,7
1573,8609541440.00,5
1574,8609552280.00,7
1575,8609563120.00,2
1576,8609573960.00,6
1577,8609584800.00,C
1578,8609595680.00,2
1579,8609606520.00,2
1580,8609617360.00,3
1581,8609628200.00,A
1582,8609639040.00,2
1583,8609649920.00,2
1584,8609660760.00,7
1585,8609671600.00,7
1586,8609682440.00,7
1587,8609693280.00,3
1588,8609704160.00,7
1589,8609715000.00,3
1590,8609725840.00,3
1591,8609736680.00,A
1592,8609747520.00,2
1593,8609758400.00,F
1594,8609769240.00,2
1595,8609780080.00,F
1596,8609790920.00,6
1597,8609801760.00,1
1598,8609812640.00,7
1599,8609823480.00,0
1600,8609834320.00,6
1601,8609845160.00,9
1602,8609856000.00,2
1603,8609866880.00,E
1604,8609877720.00,7
1605,8609888560.00,4
1606,8609899400.00,6
1607,8609910240.00,5
1608,8609921120.00,6
1609,8609931960.00,E
1610,8609942800.00,6
1611,8609953640.00,3
1612,8609964480.00,6
1613,8609975360.00,C
1614,8609986200.00,6
1615,8609997040.00,1
1616,8610007880.00,7
1617,8610018720.00,3
1618,8610029600.00,7
1619,8610040440.00,3
1620,8610051280.00,2
1621,8610062120.00,E
1622,8610072960.00,6
1623,8610083840.00,E
1624,8610094680.00,6
1625,8610105520.00,5
1626,8610116360.00,7
1627,8610127200.00,4
1628,8610138080.00,2
1629,8610148920.00,F
1630,8610159760.00,7
1631,8610170600.00,8
1632,8610181440.00,6
1633,8610192320.00,9
1634,8610203160.00,6
1635,8610214000.00,1
1636,8610224840.00,6
1637,8610235680.00,F
1638,8610246560.00,7
1639,8610257400.00,A
1640,8610268240.00,6
1641,8610279080.00,8
1642,8610289920.00,6
1643,8610300800.00,9
1644,8610311640.00,2
1645,8610322480.00,F
1646,8610333320.00,7
1647,8610344160.00,6
1648,8610355040.00,3
1649,8610365880.00,1
1650,8610376720.00,2
1651,8610387560.00,F
1652,8610398400.00,2
1653,8610409280.00,2
1654,8610420120.00,2
1655,8610430960.00,C
1656,8610441800.00,2
1657,8610452640.00,2
1658,8610463520.00,7
1659,8610474360.00,4
1660,8610485200.00,6
1661,8610496040.00,F
1662,8610506880.00,6
1663,8610517760.00,B
1664,8610528600.00,6
1665,8610539440.00,5
1666,8610550280.00,6
1667,8610561120.00,E
1668,8610572000.00,2
1669,8610582840.00,2
1670,8610593680.00,3
1671,8610604520.00,A
1672,8610615360.00,2
1673,8610626240.00,2
1674,8610637080.00,7
1675,8610647920.00,4
1676,8610658760.00,6
1677,8610669600.00,5
1678,8610680480.00,7
1679,8610691320.00,3
1680,8610702160.00,7
1681,8610713000.00,4
1682,8610723840.00,2
1683,8610734720.00,D
1684,8610745560.00,7
1685,8610756400.00,4
1686,8610767240.00,6
1687,8610778120.00,F
1688,8610788960.00,6
1689,8610799800.00,B
1690,8610810640.00,6
1691,8610821480.00,5
1692,8610832320.00,6
1693,8610843200.00,E
1694,8610854040.00,2
1695,8610864880.00,2
1696,8610875720.00,7
1697,8610886560.00,D
1698,8610897440.00,2
1699,8610908280.00,C
1700,8610919120.00,2
1701,8610929960.00,2
1702,8610940800.00,7
1703,8610951680.00,3
1704,8610962520.00,6
1705,8610973360.00,5
1706,8610984200.00,7
1707,8610995080.00,2
1708,8611005920.00,7
1709,8611016760.00,6
1710,8611027600.00,6
1711,8611038440.00,5
1712,8611049280.00,7
1713,8611060160.00,2
1714,8611071000.00,5
1715,8611081840.00,F
1716,8611092680.00,7
1717,8611103520.00,4
1718,8611114400.00,6
1719,8611125240.00,9
1720,8611136080.00,6
1721,8611146920.00,D
1722,8611157760.00,6
1723,8611168640.00,5
1724,8611179480.00,2
1725,8611190320.00,2
1726,8611201160.00,3
1727,8611212040.00,A
1728,8611222880.00,7
1729,8611233720.00,B
1730,8611244560.00,2
1731,8611255400.00,2
1732,8611266240.00,7
1733,8611277120.00,4
1734,8611287960.00,6
1735,8611298800.00,9
1736,8611309640.00,6
1737,8611320480.00,D
1738,8611331360.00,6
1739,8611342200.00,5
1740,8611353040.00,7
1741,8611363880.00,3
1742,8611374720.00,7
1743,8611385600.00,4
1744,8611396440.00,6
1745,8611407280.00,1
1746,8611418120.00,6
1747,8611429000.00,D
1748,8611439840.00,7
1749,8611450680.00,0
1750,8611461520.00,2
1751,8611472360.00,2
1752,8611483240.00,3
1753,8611494080.00,A
1754,8611504920.00,3
1755,8611515760.00,1
1756,8611526600.00,3
1757,8611537440.00,7
1758,8611548320.00,3
1759,8611559160.00,7
1760,8611570000.00,3
1761,8611580840.00,6
1762,8611591680.00,3
1763,8611602560.00,5
1764,8611613400.00,3
1765,8611624240.00,1
1766,8611635080.00,3
1767,8611645960.00,9
1768,8611656800.00,3
1769,8611667640.00,9
1770,8611678480.00,3
1771,8611689320.00,3
1772,8611700200.00,3
1773,8611711040.00,0
1774,8611721880.00,3
1775,8611732720.00,3
1776,8611743560.00,3
1777,8611754400.00,8
1778,8611765280.00,3
1779,8611776120.00,1
1780,8611786960.00,2
1781,8611797800.00,C
1782,8611808640.00,2
1783,8611819520.00,2
1784,8611830360.00,7
1785,8611841200.00,4
1786,8611852040.00,6
1787,8611862920.00,9
1788,8611873760.00,6
1789,8611884600.00,D
1790,8611895440.00,6
1791,8611906280.00,5
1792,8611917160.00,7
1793,8611928000.00,A
1794,8611938840.00,6
1795,8611949680.00,F
1796,8611960520.00,6
1797,8611971360.00,E
1798,8611982240.00,6
1799,8611993080.00,5
1800,8612003920.00,5
1801,8612014760.00,F
1802,8612025600.00,6
1803,8612036480.00,F
1804,8612047320.00,6
1805,8612058160.00,6
1806,8612069000.00,6
1807,8612079880.00,6
1808,8612090720.00,7
1809,8612101560.00,3
1810,8612112400.00,6
1811,8612123240.00,5
1812,8612134120.00,7
1813,8612144960.00,4
1814,8612155800.00,2
1815,8612166640.00,2
1816,8612177480.00,3
1817,8612188320.00,A
1818,8612199200.00,3
1819,8612210040.00,4
1820,8612220880.00,3
1821,8612231720.00,8
1822,8612242560.00,3
1823,8612253440.00,0
1824,8612264280.00,7
1825,8612275120.00,D
1826,8612285960.00,2
1827,8612296840.00,C
1828,8612307680.00,2
1829,8612318520.00,2
1830,8612329360.00,6
1831,8612340200.00,6
1832,8612351080.00,6
1833,8612361920.00,9
1834,8612372760.00,7
1835,8612383600.00,2
1836,8612394440.00,6
1837,8612405280.00,D
1838,8612416160.00,7
1839,8612427000.00,7
1840,8612437840.00,6
1841,8612448680.00,1
1842,8612459520.00,7
1843,8612470400.00,2
1844,8612481240.00,6
1845,8612492080.00,5
1846,8612502920.00,2
1847,8612513800.00,2
1848,8612524640.00,3
1849,8612535480.00,A
1850,8612546320.00,7
1851,8612557160.00,B
1852,8612568040.00,2
1853,8612578880.00,2
1854,8612589720.00,7
1855,8612600560.00,6
1856,8612611400.00,6
1857,8612622280.00,5
1858,8612633120.00,7
1859,8612643960.00,2
1860,8612654800.00,7
1861,8612665640.00,3
1862,8612676480.00,6
1863,8612687360.00,9
1864,8612698200.00,6
1865,8612709040.00,F
1866,8612719880.00,6
1867,8612730760.00,E
1868,8612741600.00,2
1869,8612752440.00,2
1870,8612763280.00,3
1871,8612774120.00,A
1872,8612785000.00,2
1873,8612795840.00,2
1874,8612806680.00,3
1875,8612817520.00,1
1876,8612828360.00,2
1877,8612839240.00,E
1878,8612850080.00,3
1879,8612860920.00,0
1880,8612871760.00,2
1881,8612882600.00,E
1882,8612893440.00,3
1883,8612904320.00,0
1884,8612915160.00,2
1885,8612926000.00,2
1886,8612936840.00,2
1887,8612947720.00,C
1888,8612958560.00,2
1889,8612969400.00,2
1890,8612980240.00,7
1891,8612991080.00,5
1892,8613001960.00,7
1893,8613012800.00,2
1894,8613023640.00,6
1895,8613034480.00,C
1896,8613045320.00,2
1897,8613056200.00,2
1898,8613067040.00,3
1899,8613077880.00,A
1900,8613088720.00,2
1901,8613099560.00,2
1902,8613110400.00,2
1903,8613121280.00,2
1904,8613132120.00,7
1905,8613142960.00,D
1906,8613153800.00,7
1907,8613164680.00,D
1908,8613175520.00,[0D]
1909,8613186360.00,[0A]
1910,8643152920.00,[0D]
1911,8643163760.00,[0A]
1912,8643174640.00,+
1913,8643185480.00,M
1914,8643196320.00,I
1915,8643207160.00,P
1916,8643218000.00,U
1917,8643228880.00,R
1918,8643239720.00,C
1919,8643250560.00,:
1920,8643261400.00,[20]
1921,8643272240.00,"
1922,8643283120.00,d
1923,8643293960.00,i
1924,8643304800.00,s
1925,8643315640.00,c
1926,8643326480.00,o
1927,8643337320.00,n
1928,8643348200.00,n
1929,8643359040.00,"
1930,8643369880.00,,
1931,8643380720.00,0
1932,8643391600.00,,
1933,8643402440.00,1
1934,8643413280.00,[0D]
1935,8643424120.00,[0A]
1936,8644495920.00,[0D]
1937,8644506760.00,[0A]
1938,8644517600.00,+
1939,8644528440.00,C
1940,8644539320.00,M
1941,8644550160.00,E
1942,8644561000.00,[20]
1943,8644571840.00,E
1944,8644582680.00,R
1945,8644593560.00,R
1946,8644604400.00,O
1947,8644615240.00,R
1948,8644626080.00,:
1949,8644636920.00,[20]
1950,8644647760.00,5
1951,8644658640.00,5
1952,8644669480.00,1
1953,8644680320.00,[0D]
1954,8644691160.00,[0A]
1955,8646088400.00,[0D]
1956,8646099240.00,[0A]
1957,8646110080.00,+
1958,8646120960.00,M
1959,8646131800.00,I
1960,8646142640.00,P
1961,8646153480.00,S
1962,8646164320.00,T
1963,8646175200.00,A
1964,8646186040.00,T
1965,8646196880.00,E
1966,8646207720.00,:
1967,8646218560.00,[20]
1968,8646229440.00,0
1969,8646240280.00,,
1970,8646251120.00,,
1971,8646261960.00,,
1972,8646272800.00,,
1973,8646283680.00,"
1974,8646294520.00,I
1975,8646305360.00,N
1976,8646316200.00,I
1977,8646327040.00,T
1978,8646337920.00,I
1979,8646348760.00,A
1980,8646359600.00,L
1981,8646370440.00,"
1982,8646381280.00,[0D]
1983,8646392160.00,[0A]
1984,8646403000.00,[0D]
1985,8646413840.00,[0A]
1986,8646424680.00,O
1987,8646435520.00,K
1988,8646446400.00,[0D]
1989,8646457240.00,[0A]
1990,8647846880.00,[0D]
1991,8647857720.00,[0A]
1992,8647868560.00,O
1993,8647879400.00,K
1994,8647890240.00,[0D]
1995,8647901120.00,[0A]
1996,9253156520.00,[0D]
1997,9253167360.00,[0A]
1998,9253178240.00,+
1999,9253189080.00,M
2000,9253199920.00,I
2001,9253210760.00,P
2002,9253221600.00,O
2003,9253232480.00,P
2004,9253243320.00,E
2005,9253254160.00,N
2006,9253265000.00,:
2007,9253275840.00,[20]
2008,9253286720.00,0
2009,9253297560.00,,
2010,9253308400.00,0
2011,9253319240.00,[0D]
2012,9253330080.00,[0A]
2013,9464556200.00,[0D]
2014,9464567040.00,[0A]
2015,9464577920.00,+
2016,9464588760.00,M
2017,9464599600.00,I
2018,9464610440.00,P
2019,9464621280.00,S
2020,9464632160.00,E
2021,9464643000.00,N
2022,9464653840.00,D
2023,9464664680.00,:
2024,9464675520.00,[20]
2025,9464686360.00,0
2026,9464697240.00,,
2027,9464708080.00,2
2028,9464718920.00,9
2029,9464729760.00,3
2030,9464740600.00,[0D]
2031,9464751480.00,[0A]
2032,9464762320.00,[0D]
2033,9464773160.00,[0A]
2034,9464784000.00,O
2035,9464794880.00,K
2036,9464805720.00,[0D]
2037,9464816560.00,[0A]
2038,9586305680.00,[0D]
2039,9586316520.00,[0A]
2040,9586327400.00,+
2041,9586338240.00,M
2042,9586349080.00,I
2043,9586359920.00,P
2044,9586370760.00,U
2045,9586381640.00,R
2046,9586392480.00,C
2047,9586403320.00,:
2048,9586414160.00,[20]
2049,9586425000.00,"
2050,9586435840.00,r
2051,9586446720.00,t
2052,9586457560.00,c
2053,9586468400.00,p
2054,9586479240.00,"
2055,9586490080.00,,
2056,9586500960.00,0
2057,9586511800.00,,
2058,9586522640.00,1
2059,9586533480.00,6
2060,9586544360.00,6
2061,9586555200.00,,
2062,9586566040.00,4
2063,9586576880.00,8
2064,9586587720.00,5
2065,9586598600.00,4
2066,9586609440.00,5
2067,9586620280.00,4
2068,9586631120.00,5
2069,9586641960.00,0
2070,9586652800.00,2
2071,9586663680.00,F
2072,9586674520.00,3
2073,9586685360.00,1
2074,9586696200.00,2
2075,9586707040.00,E
2076,9586717920.00,3
2077,9586728760.00,1
2078,9586739600.00,2
2079,9586750440.00,0
2080,9586761320.00,3
2081,9586772160.00,1
2082,9586783000.00,3
2083,9586793840.00,0
2084,9586804680.00,3
2085,9586815560.00,1
2086,9586826400.00,2
2087,9586837240.00,0
2088,9586848080.00,5
2089,9586858920.00,3
2090,9586869760.00,7
2091,9586880640.00,7
2092,9586891480.00,6
2093,9586902320.00,9
2094,9586913160.00,7
2095,9586924000.00,4
2096,9586934880.00,6
2097,9586945720.00,3
2098,9586956560.00,6
2099,9586967400.00,8
2100,9586978280.00,6
2101,9586989120.00,9
2102,9586999960.00,6
2103,9587010800.00,E
2104,9587021640.00,6
2105,9587032520.00,7
2106,9587043360.00,2
2107,9587054200.00,0
2108,9587065040.00,5
2109,9587075880.00,0
2110,9587086760.00,7
2111,9587097600.00,2
2112,9587108440.00,6
2113,9587119280.00,F
2114,9587130120.00,7
2115,9587140960.00,4
2116,9587151840.00,6
2117,9587162680.00,F
2118,9587173520.00,6
2119,9587184360.00,3
2120,9587195240.00,6
2121,9587206080.00,F
2122,9587216920.00,6
2123,9587227760.00,C
2124,9587238600.00,7
2125,9587249480.00,3
2126,9587260320.00,0
2127,9587271160.00,D
2128,9587282000.00,0
2129,9587292840.00,A
2130,9587303720.00,4
2131,9587314560.00,4
2132,9587325400.00,6
2133,9587336240.00,1
2134,9587347080.00,7
2135,9587357920.00,4
2136,9587368800.00,6
2137,9587379640.00,5
2138,9587390480.00,3
2139,9587401320.00,A
2140,9587412200.00,2
2141,9587423040.00,0
2142,9587433880.00,5
2143,9587444720.00,3
2144,9587455560.00,6
2145,9587466440.00,1
2146,9587477280.00,7
2147,9587488120.00,4
2148,9587498960.00,2
2149,9587509800.00,C
2150,9587520680.00,2
2151,9587531520.00,0
2152,9587542360.00,3
2153,9587553200.00,1
2154,9587564040.00,3
2155,9587574880.00,8
2156,9587585760.00,2
2157,9587596600.00,0
2158,9587607440.00,4
2159,9587618280.00,1
2160,9587629160.00,7
2161,9587640000.00,0
2162,9587650840.00,7
2163,9587661680.00,2
2164,9587672520.00,2
2165,9587683400.00,0
2166,9587694240.00,3
2167,9587705080.00,2
2168,9587715920.00,3
2169,9587726760.00,0
2170,9587737640.00,3
2171,9587748480.00,2
2172,9587759320.00,3
2173,9587770160.00,6
2174,9587781000.00,2
2175,9587791840.00,0
2176,9587802720.00,3
2177,9587813560.00,1
2178,9587824400.00,3
2179,9587835240.00,3
2180,9587846120.00,3
2181,9587856960.00,A
2182,9587867800.00,3
2183,9587878640.00,4
2184,9587889480.00,3
2185,9587900360.00,5
2186,9587911200.00,3
2187,9587922040.00,A
2188,9587932880.00,3
2189,9587943720.00,3
2190,9587954600.00,3
2191,9587965440.00,1
2192,9587976280.00,2
2193,9587987120.00,0
2194,9587997960.00,4
2195,9588008800.00,7
2196,9588019680.00,4
2197,9588030520.00,D
2198,9588041360.00,5
2199,9588052200.00,4
2200,9588063080.00,0
2201,9588073920.00,D
2202,9588084760.00,0
2203,9588095600.00,A
2204,9588106440.00,4
2205,9588117320.00,3
2206,9588128160.00,6
2207,9588139000.00,F
2208,9588149840.00,6
2209,9588160680.00,E
2210,9588171560.00,6
2211,9588182400.00,E
2212,9588193240.00,6
2213,9588204080.00,5
2214,9588214920.00,6
2215,9588225760.00,3
2216,9588236640.00,7
2217,9588247480.00,4
2218,9588258320.00,6
2219,9588269160.00,9
2220,9588280040.00,6
2221,9588290880.00,F
2222,9588301720.00,6
2223,9588312560.00,E
2224,9588323400.00,3
2225,9588334280.00,A
2226,9588345120.00,2
2227,9588355960.00,0
2228,9588366800.00,7
2229,9588377640.00,5
2230,9588388520.00,7
2231,9588399360.00,0
2232,9588410200.00,6
2233,9588421040.00,7
2234,9588431880.00,7
2235,9588442760.00,2
2236,9588453600.00,6
2237,9588464440.00,1
2238,9588475280.00,6
2239,9588486120.00,4
2240,9588497000.00,6
2241,9588507840.00,5
2242,9588518680.00,0
2243,9588529520.00,D
2244,9588540360.00,0
2245,9588551240.00,A
2246,9588562080.00,5
2247,9588572920.00,5
2248,9588583760.00,7
2249,9588594600.00,0
2250,9588605480.00,6
2251,9588616320.00,7
2252,9588627160.00,7
2253,9588638000.00,2
2254,9588648840.00,6
2255,9588659720.00,1
2256,9588670560.00,6
2257,9588681400.00,4
2258,9588692240.00,6
2259,9588703080.00,5
2260,9588713960.00,3
2261,9588724800.00,A
2262,9588735640.00,2
2263,9588746480.00,0
2264,9588757320.00,7
2265,9588768200.00,7
2266,9588779040.00,6
2267,9588789880.00,5
2268,9588800720.00,6
2269,9588811560.00,2
2270,9588822440.00,7
2271,9588833280.00,3
2272,9588844120.00,6
2273,9588854960.00,F
2274,9588865800.00,6
2275,9588876680.00,3
2276,9588887520.00,6
2277,9588898360.00,B
2278,9588909200.00,6
2279,9588920040.00,5
2280,9588930920.00,7
2281,9588941760.00,4
2282,9588952600.00,0
2283,9588963440.00,D
2284,9588974280.00,0
2285,9588985160.00,A
2286,9588996000.00,5
2287,9589006840.00,3
2288,9589017680.00,6
2289,9589028520.00,5
2290,9589039400.00,6
2291,9589050240.00,3
2292,9589061080.00,2
2293,9589071920.00,D
2294,9589082760.00,5
2295,9589093640.00,7
2296,9589104480.00,6
2297,9589115320.00,5
2298,9589126160.00,6
2299,9589137000.00,2
2300,9589147880.00,5
2301,9589158720.00,3
2302,9589169560.00,6
2303,9589180400.00,F
2304,9589191240.00,6
2305,9589202120.00,3
2306,9589212960.00,6
2307,9589223800.00,B
2308,9589234640.00,6
2309,9589245480.00,5
2310,9589256360.00,7
2311,9589267200.00,4
2312,9589278040.00,2
2313,9589288880.00,D
2314,9589299720.00,4
2315,9589310600.00,1
2316,9589321440.00,6
2317,9589332280.00,3
2318,9589343120.00,6
2319,9589353960.00,3
2320,9589364840.00,6
2321,9589375680.00,5
2322,9589386520.00,7
2323,9589397360.00,0
2324,9589408200.00,7
2325,9589419080.00,4
2326,9589429920.00,3
2327,9589440760.00,A
2328,9589451600.00,2
2329,9589462440.00,0
2330,9589473320.00,7
2331,9589484160.00,3
2332,9589495000.00,3
2333,9589505840.00,3
2334,9589516680.00,7
2335,9589527560.00,0
2336,9589538400.00,5
2337,9589549240.00,0
2338,9589560080.00,4
2339,9589570920.00,C
2340,9589581800.00,4
2341,9589592640.00,D
2342,9589603480.00,4
2343,9589614320.00,2
2344,9589625160.00,6
2345,9589636040.00,9
2346,9589646880.00,5
2347,9589657720.00,4
2348,9589668560.00,7
2349,9589679400.00,8
2350,9589690280.00,6
2351,9589701120.00,1
2352,9589711960.00,5
2353,9589722800.00,1
2354,9589733640.00,3
2355,9589744520.00,9
2356,9589755360.00,6
2357,9589766200.00,B
2358,9589777040.00,5
2359,9589787880.00,9
2360,9589798760.00,4
2361,9589809600.00,7
2362,9589820440.00,7
2363,9589831280.00,A
2364,9589842160.00,7
2365,9589853000.00,A
2366,9589863840.00,6
2367,9589874680.00,8
2368,9589885520.00,5
2369,9589896360.00,A
2370,9589907240.00,5
2371,9589918080.00,2
2372,9589928920.00,6
2373,9589939760.00,2
2374,9589950600.00,4
2375,9589961480.00,B
2376,9589972320.00,2
2377,9589983160.00,B
2378,9589994000.00,7
2379,9590004840.00,8
2380,9590015720.00,4
2381,9590026560.00,F
2382,9590037400.00,6
2383,9590048240.00,F
2384,9590059120.00,3
2385,9590069960.00,D
2386,9590080800.00,0
2387,9590091640.00,D
2388,9590102480.00,0
2389,9590113320.00,A
2390,9590124200.00,0
2391,9590135040.00,D
2392,9590145880.00,0
2393,9590156720.00,A
2394,9590167560.00,[0D]
2395,9590178440.00,[0A]
2396,9596694840.00,[0D]
2397,9596705680.00,[0A]
2398,9596716520.00,+
2399,9596727360.00,M
2400,9596738240.00,I
2401,9596749080.00,P
2402,9596759920.00,S
2403,9596770760.00,E
2404,9596781600.00,N
2405,9596792480.00,D
2406,9596803320.00,:
2407,9596814160.00,[20]
2408,9596825000.00,0
2409,9596835840.00,,
2410,9596846720.00,1
2411,9596857560.00,7
2412,9596868400.00,0
2413,9596879240.00,[0D]
2414,9596890080.00,[0A]
2415,9596900960.00,[0D]
2416,9596911800.00,[0A]
2417,9596922640.00,O
2418,9596933480.00,K
2419,9596944320.00,[0D]
2420,9596955200.00,[0A]
2421,9749843880.00,[0D]
2422,9749854760.00,[0A]
2423,9749865600.00,+
2424,9749876440.00,M
2425,9749887280.00,I
2426,9749898160.00,P
2427,9749909000.00,U
2428,9749919840.00,R
2429,9749930680.00,C
2430,9749941520.00,:
2431,9749952400.00,[20]
2432,9749963240.00,"
2433,9749974080.00,r
2434,9749984920.00,t
2435,9749995760.00,c
2436,9750006600.00,p
2437,9750017480.00,"
2438,9750028320.00,,
2439,9750039160.00,0
2440,9750050000.00,,
2441,9750060840.00,1
2442,9750071720.00,6
2443,9750082560.00,6
2444,9750093400.00,,
2445,9750104240.00,8
2446,9750115120.00,1
2447,9750125960.00,7
2448,9750136800.00,E
2449,9750147640.00,0
2450,9750158480.00,0
2451,9750169360.00,A
2452,9750180200.00,2
2453,9750191040.00,7
2454,9750201880.00,B
2455,9750212720.00,2
2456,9750223600.00,2
2457,9750234440.00,7
2458,9750245280.00,4
2459,9750256120.00,7
2460,9750266960.00,9
2461,9750277800.00,7
2462,9750288680.00,0
2463,9750299520.00,6
2464,9750310360.00,5
2465,9750321200.00,2
2466,9750332080.00,2
2467,9750342920.00,3
2468,9750353760.00,A
2469,9750364600.00,2
2470,9750375440.00,2
2471,9750386320.00,6
2472,9750397160.00,8
2473,9750408000.00,6
2474,9750418840.00,5
2475,9750429680.00,6
2476,9750440560.00,C
2477,9750451400.00,6
2478,9750462240.00,C
2479,9750473080.00,6
2480,9750483920.00,F
2481,9750494760.00,2
2482,9750505640.00,2
2483,9750516480.00,2
2484,9750527320.00,C
2485,9750538160.00,2
2486,9750549040.00,2
2487,9750559880.00,7
2488,9750570720.00,6
2489,9750581560.00,6
2490,9750592400.00,5
2491,9750603280.00,7
2492,9750614120.00,2
2493,9750624960.00,7
2494,9750635800.00,3
2495,9750646640.00,6
2496,9750657520.00,9
2497,9750668360.00,6
2498,9750679200.00,F
2499,9750690040.00,6
2500,9750700880.00,E
2501,9750711720.00,2
2502,9750722600.00,2
2503,9750733440.00,3
2504,9750744280.00,A
2505,9750755120.00,3
2506,9750766000.00,3
2507,9750776840.00,2
2508,9750787680.00,C
2509,9750798520.00,2
2510,9750809360.00,2
2511,9750820240.00,7
2512,9750831080.00,4
2513,9750841920.00,7
2514,9750852760.00,2
2515,9750863600.00,6
2516,9750874480.00,1
2517,9750885320.00,6
2518,9750896160.00,E
2519,9750907000.00,7
2520,9750917840.00,3
2521,9750928680.00,7
2522,9750939560.00,0
2523,9750950400.00,6
2524,9750961240.00,F
2525,9750972080.00,7
2526,9750982960.00,2
2527,9750993800.00,7
2528,9751004640.00,4
2529,9751015480.00,2
2530,9751026320.00,2
2531,9751037200.00,3
2532,9751048040.00,A
2533,9751058880.00,2
2534,9751069720.00,2
2535,9751080560.00,7
2536,9751091440.00,7
2537,9751102280.00,6
2538,9751113120.00,5
2539,9751123960.00,6
2540,9751134800.00,2
2541,9751145640.00,7
2542,9751156520.00,3
2543,9751167360.00,6
2544,9751178200.00,F
2545,9751189040.00,6
2546,9751199920.00,3
2547,9751210760.00,6
2548,9751221600.00,B
2549,9751232440.00,6
2550,9751243280.00,5
2551,9751254160.00,7
2552,9751265000.00,4
2553,9751275840.00,2
2554,9751286680.00,2
2555,9751297520.00,2
2556,9751308400.00,C
2557,9751319240.00,2
2558,9751330080.00,2
2559,9751340920.00,6
2560,9751351760.00,1
2561,9751362640.00,7
2562,9751373480.00,5
2563,9751384320.00,6
2564,9751395160.00,4
2565,9751406000.00,6
2566,9751416880.00,9
2567,9751427720.00,6
2568,9751438560.00,F
2569,9751449400.00,5
2570,9751460240.00,F
2571,9751471120.00,7
2572,9751481960.00,0
2573,9751492800.00,6
2574,9751503640.00,1
2575,9751514480.00,7
2576,9751525360.00,2
2577,9751536200.00,6
2578,9751547040.00,1
2579,9751557880.00,6
2580,9751568720.00,D
2581,9751579600.00,7
2582,9751590440.00,3
2583,9751601280.00,2
2584,9751612120.00,2
2585,9751622960.00,3
2586,9751633840.00,A
2587,9751644680.00,7
2588,9751655520.00,B
2589,9751666360.00,2
2590,9751677200.00,2
2591,9751688080.00,6
2592,9751698920.00,6
2593,9751709760.00,6
2594,9751720600.00,F
2595,9751731440.00,7
2596,9751742320.00,2
2597,9751753160.00,6
2598,9751764000.00,D
2599,9751774840.00,6
2600,9751785680.00,1
2601,9751796560.00,7
2602,9751807400.00,4
2603,9751818240.00,2
2604,9751829080.00,2
2605,9751839920.00,3
2606,9751850800.00,A
2607,9751861640.00,2
2608,9751872480.00,2
2609,9751883320.00,6
2610,9751894160.00,F
2611,9751905040.00,7
2612,9751915880.00,0
2613,9751926720.00,7
2614,9751937560.00,5
2615,9751948400.00,7
2616,9751959280.00,3
2617,9751970120.00,2
2618,9751980960.00,2
2619,9751991800.00,2
2620,9752002640.00,C
2621,9752013520.00,2
2622,9752024360.00,2
2623,9752035200.00,7
2624,9752046040.00,3
2625,9752056880.00,6
2626,9752067760.00,1
2627,9752078600.00,6
2628,9752089440.00,D
2629,9752100280.00,7
2630,9752111120.00,0
2631,9752122000.00,6
2632,9752132840.00,C
2633,9752143680.00,6
2634,9752154520.00,5
2635,9752165360.00,5
2636,9752176240.00,F
2637,9752187080.00,7
2638,9752197920.00,2
2639,9752208760.00,6
2640,9752219600.00,1
2641,9752230480.00,7
2642,9752241320.00,4
2643,9752252160.00,6
2644,9752263000.00,5
2645,9752273840.00,2
2646,9752284720.00,2
2647,9752295560.00,3
2648,9752306400.00,A
2649,9752317240.00,3
2650,9752328080.00,2
2651,9752338960.00,3
2652,9752349800.00,4
2653,9752360640.00,3
2654,9752371480.00,0
2655,9752382320.00,3
2656,9752393200.00,0
2657,9752404040.00,3
2658,9752414880.00,0
2659,9752425720.00,2
2660,9752436560.00,C
2661,9752447440.00,2
2662,9752458280.00,2
2663,9752469120.00,6
2664,9752479960.00,3
2665,9752490800.00,6
2666,9752501680.00,8
2667,9752512520.00,6
2668,9752523360.00,1
2669,9752534200.00,6
2670,9752545040.00,E
2671,9752555920.00,6
2672,9752566760.00,E
2673,9752577600.00,6
2674,9752588440.00,5
2675,9752599280.00,6
2676,9752610160.00,C
2677,9752621000.00,7
2678,9752631840.00,3
2679,9752642680.00,2
2680,9752653520.00,2
2681,9752664400.00,3
2682,9752675240.00,A
2683,9752686080.00,3
2684,9752696920.00,1
2685,9752707760.00,2
2686,9752718640.00,C
2687,9752729480.00,2
2688,9752740320.00,2
2689,9752751160.00,6
2690,9752762000.00,6
2691,9752772880.00,7
2692,9752783720.00,2
2693,9752794560.00,6
2694,9752805400.00,1
2695,9752816240.00,6
2696,9752827120.00,D
2697,9752837960.00,6
2698,9752848800.00,5
2699,9752859640.00,5
2700,9752870480.00,F
2701,9752881360.00,6
2702,9752892200.00,4
2703,9752903040.00,7
2704,9752913880.00,5
2705,9752924720.00,7
2706,9752935600.00,2
2707,9752946440.00,6
2708,9752957280.00,1
2709,9752968120.00,7
2710,9752978960.00,4
2711,9752989840.00,6
2712,9753000680.00,9
2713,9753011520.00,6
2714,9753022360.00,F
2715,9753033200.00,6
2716,9753044080.00,E
2717,9753054920.00,2
2718,9753065760.00,2
2719,9753076600.00,3
2720,9753087440.00,A
2721,9753098320.00,3
2722,9753109160.00,6
2723,9753120000.00,3
2724,9753130840.00,0
2725,9753141680.00,7
2726,9753152560.00,D
2727,9753163400.00,2
2728,9753174240.00,C
2729,9753185080.00,2
2730,9753195960.00,2
2731,9753206800.00,7
2732,9753217640.00,3
2733,9753228480.00,6
2734,9753239320.00,5
2735,9753250160.00,7
2736,9753261040.00,3
2737,9753271880.00,7
2738,9753282720.00,3
2739,9753293560.00,6
2740,9753304400.00,9
2741,9753315280.00,6
2742,9753326120.00,F
2743,9753336960.00,6
2744,9753347800.00,E
2745,9753358640.00,5
2746,9753369520.00,F
2747,9753380360.00,6
2748,9753391200.00,9
2749,9753402040.00,6
2750,9753412920.00,4
2751,9753423760.00,2
2752,9753434600.00,2
2753,9753445440.00,3
2754,9753456280.00,A
2755,9753467160.00,2
2756,9753478000.00,2
2757,9753488840.00,3
2758,9753499680.00,3
2759,9753510520.00,6
2760,9753521360.00,6
2761,9753532240.00,3
2762,9753543080.00,2
2763,9753553920.00,6
2764,9753564760.00,6
2765,9753575600.00,3
2766,9753586480.00,3
2767,9753597320.00,3
2768,9753608160.00,7
2769,9753619000.00,3
2770,9753629880.00,8
2771,9753640720.00,6
2772,9753651560.00,1
2773,9753662400.00,2
2774,9753673240.00,2
2775,9753684120.00,7
2776,9753694960.00,D
2777,9753705800.00,[0D]
2778,9753716640.00,[0A]
2779,9758154560.00,[0D]
2780,9758165400.00,[0A]
2781,9758176280.00,+
2782,9758187120.00,M
2783,9758197960.00,I
2784,9758208800.00,P
2785,9758219640.00,S
2786,9758230520.00,E
2787,9758241360.00,N
2788,9758252200.00,D
2789,9758263040.00,:
2790,9758273880.00,[20]
2791,9758284760.00,0
2792,9758295600.00,,
2793,9758306440.00,7
2794,9758317280.00,9
2795,9758328120.00,[0D]
2796,9758339000.00,[0A]
2797,9758354160.00,[0D]
2798,9758365040.00,[0A]
2799,9758375880.00,O
2800,9758386720.00,K
2801,9758397560.00,[0D]
2802,9758408400.00,[0A]
2803,9760670240.00,[0D]
2804,9760681080.00,[0A]
2805,9760691920.00,+
2806,9760702760.00,M
2807,9760713600.00,I
2808,9760724480.00,P
2809,9760735320.00,S
2810,9760746160.00,E
2811,9760757000.00,N
2812,9760767840.00,D
2813,9760778720.00,:
2814,9760789560.00,[20]
2815,9760800400.00,0
2816,9760811240.00,,
2817,9760822080.00,3
2818,9760832960.00,0
2819,9760843800.00,[0D]
2820,9760854640.00,[0A]
2821,9760865480.00,[0D]
2822,9760876320.00,[0A]
2823,9760887200.00,O
2824,9760898040.00,K
2825,9760908880.00,[0D]
2826,9760919720.00,[0A]
2827,9769318280.00,[0D]
2828,9769329120.00,[0A]
2829,9769339960.00,+
2830,9769350800.00,M
2831,9769361640.00,I
2832,9769372520.00,P
2833,9769383360.00,U
2834,9769394200.00,R
2835,9769405040.00,C
2836,9769415880.00,:
2837,9769426760.00,[20]
2838,9769437600.00,"
2839,9769448440.00,r
2840,9769459280.00,t
2841,9769470120.00,c
2842,9769481000.00,p
2843,9769491840.00,"
2844,9769502680.00,,
2845,9769513520.00,0
2846,9769524360.00,,
2847,9769535240.00,3
2848,9769546080.00,2
2849,9769556920.00,3
2850,9769567760.00,,
2851,9769578600.00,8
2852,9769589480.00,1
2853,9769600320.00,7
2854,9769611160.00,E
2855,9769622000.00,0
2856,9769632840.00,1
2857,9769643720.00,3
2858,9769654560.00,F
2859,9769665400.00,7
2860,9769676240.00,B
2861,9769687080.00,2
2862,9769697960.00,2
2863,9769708800.00,7
2864,9769719640.00,4
2865,9769730480.00,7
2866,9769741320.00,9
2867,9769752200.00,7
2868,9769763040.00,0
2869,9769773880.00,6
2870,9769784720.00,5
2871,9769795560.00,2
2872,9769806440.00,2
2873,9769817280.00,3
2874,9769828120.00,A
2875,9769838960.00,2
2876,9769849800.00,2
2877,9769860680.00,6
2878,9769871520.00,D
2879,9769882360.00,6
2880,9769893200.00,3
2881,9769904040.00,7
2882,9769914920.00,0
2883,9769925760.00,2
2884,9769936600.00,2
2885,9769947440.00,2
2886,9769958280.00,C
2887,9769969160.00,2
2888,9769980000.00,2
2889,9769990840.00,7
2890,9770001680.00,0
2891,9770012520.00,6
2892,9770023400.00,1
2893,9770034240.00,7
2894,9770045080.00,9
2895,9770055920.00,6
2896,9770066760.00,C
2897,9770077640.00,6
2898,9770088480.00,F
2899,9770099320.00,6
2900,9770110160.00,1
2901,9770121000.00,6
2902,9770131880.00,4
2903,9770142720.00,2
2904,9770153560.00,2
2905,9770164400.00,3
2906,9770175240.00,A
2907,9770186120.00,7
2908,9770196960.00,B
2909,9770207800.00,2
2910,9770218640.00,2
2911,9770229480.00,6
2912,9770240360.00,A
2913,9770251200.00,7
2914,9770262040.00,3
2915,9770272880.00,6
2916,9770283720.00,F
2917,9770294600.00,6
2918,9770305440.00,E
2919,9770316280.00,7
2920,9770327120.00,2
2921,9770337960.00,7
2922,9770348840.00,0
2923,9770359680.00,6
2924,9770370520.00,3
2925,9770381360.00,2
2926,9770392200.00,2
2927,9770403080.00,3
2928,9770413920.00,A
2929,9770424760.00,2
2930,9770435600.00,2
2931,9770446440.00,3
2932,9770457320.00,2
2933,9770468160.00,2
2934,9770479000.00,E
2935,9770489840.00,3
2936,9770500680.00,0
2937,9770511560.00,2
2938,9770522400.00,2
2939,9770533240.00,2
2940,9770544080.00,C
2941,9770554920.00,2
2942,9770565800.00,2
2943,9770576640.00,6
2944,9770587480.00,D
2945,9770598320.00,6
2946,9770609160.00,5
2947,9770620040.00,7
2948,9770630880.00,4
2949,9770641720.00,6
2950,9770652560.00,8
2951,9770663400.00,6
2952,9770674280.00,F
2953,9770685120.00,6
2954,9770695960.00,4
2955,9770706800.00,2
2956,9770717640.00,2
2957,9770728520.00,3
2958,9770739360.00,A
2959,9770750200.00,2
2960,9770761040.00,2
2961,9770771880.00,6
2962,9770782760.00,9
2963,9770793600.00,6
2964,9770804440.00,E
2965,9770815280.00,6
2966,9770826120.00,9
2967,9770837000.00,7
2968,9770847840.00,4
2969,9770858680.00,6
2970,9770869520.00,9
2971,9770880360.00,6
2972,9770891240.00,1
2973,9770902080.00,6
2974,9770912920.00,C
2975,9770923760.00,6
2976,9770934600.00,9
2977,9770945480.00,7
2978,9770956320.00,A
2979,9770967160.00,6
2980,9770978000.00,5
2981,9770988840.00,2
2982,9770999720.00,2
2983,9771010560.00,2
2984,9771021400.00,C
2985,9771032240.00,2
2986,9771043080.00,2
2987,9771053960.00,6
2988,9771064800.00,9
2989,9771075640.00,6
2990,9771086480.00,4
2991,9771097320.00,2
2992,9771108200.00,2
2993,9771119040.00,3
2994,9771129880.00,A
2995,9771140720.00,3
2996,9771151600.00,1
2997,9771162440.00,2
2998,9771173280.00,C
2999,9771184120.00,2
3000,9771194960.00,2
3001,9771205800.00,7
3002,9771216680.00,0
3003,9771227520.00,6
3004,9771238360.00,1
3005,9771249200.00,7
3006,9771260040.00,2
3007,9771270920.00,6
3008,9771281760.00,1
3009,9771292600.00,6
3010,9771303440.00,D
3011,9771314280.00,7
3012,9771325160.00,3
3013,9771336000.00,2
3014,9771346840.00,2
3015,9771357680.00,3
3016,9771368560.00,A
3017,9771379400.00,7
3018,9771390240.00,B
3019,9771401080.00,2
3020,9771411920.00,2
3021,9771422760.00,7
3022,9771433640.00,0
3023,9771444480.00,7
3024,9771455320.00,2
3025,9771466160.00,6
3026,9771477000.00,F
3027,9771487880.00,7
3028,9771498720.00,4
3029,9771509560.00,6
3030,9771520400.00,F
3031,9771531240.00,6
3032,9771542120.00,3
3033,9771552960.00,6
3034,9771563800.00,F
3035,9771574640.00,6
3036,9771585520.00,C
3037,9771596360.00,5
3038,9771607200.00,6
3039,9771618040.00,6
3040,9771628880.00,5
3041,9771639720.00,7
3042,9771650600.00,2
3043,9771661440.00,7
3044,9771672280.00,3
3045,9771683120.00,6
3046,9771693960.00,9
3047,9771704840.00,6
3048,9771715680.00,F
3049,9771726520.00,6
3050,9771737360.00,E
3051,9771748200.00,2
3052,9771759080.00,2
3053,9771769920.00,3
3054,9771780760.00,A
3055,9771791600.00,2
3056,9771802480.00,2
3057,9771813320.00,3
3058,9771824160.00,2
3059,9771835000.00,3
3060,9771845840.00,0
3061,9771856720.00,3
3062,9771867560.00,2
3063,9771878400.00,3
3064,9771889240.00,4
3065,9771900080.00,2
3066,9771910920.00,D
3067,9771921800.00,3
3068,9771932640.00,1
3069,9771943480.00,3
3070,9771954320.00,1
3071,9771965160.00,2
3072,9771976040.00,D
3073,9771986880.00,3
3074,9771997720.00,0
3075,9772008560.00,3
3076,9772019440.00,5
3077,9772030280.00,2
3078,9772041120.00,2
3079,9772051960.00,2
3080,9772062800.00,C
3081,9772073680.00,2
3082,9772084520.00,2
3083,9772095360.00,6
3084,9772106200.00,3
3085,9772117040.00,6
3086,9772127880.00,1
3087,9772138760.00,7
3088,9772149600.00,0
3089,9772160440.00,6
3090,9772171280.00,1
3091,9772182120.00,6
3092,9772193000.00,2
3093,9772203840.00,6
3094,9772214680.00,9
3095,9772225520.00,6
3096,9772236400.00,C
3097,9772247240.00,6
3098,9772258080.00,9
3099,9772268920.00,7
3100,9772279760.00,4
3101,9772290640.00,6
3102,9772301480.00,9
3103,9772312320.00,6
3104,9772323160.00,5
3105,9772334000.00,7
3106,9772344840.00,3
3107,9772355720.00,2
3108,9772366560.00,2
3109,9772377400.00,3
3110,9772388240.00,A
3111,9772399080.00,7
3112,9772409960.00,B
3113,9772420800.00,2
3114,9772431640.00,2
3115,9772442480.00,7
3116,9772453360.00,6
3117,9772464200.00,6
3118,9772475040.00,9
3119,9772485880.00,7
3120,9772496720.00,3
3121,9772507600.00,6
3122,9772518440.00,9
3123,9772529280.00,6
3124,9772540120.00,F
3125,9772550960.00,6
3126,9772561800.00,E
3127,9772572680.00,2
3128,9772583520.00,2
3129,9772594360.00,3
3130,9772605200.00,A
3131,9772616040.00,7
3132,9772626920.00,B
3133,9772637760.00,2
3134,9772648600.00,2
3135,9772659440.00,7
3136,9772670320.00,5
3137,9772681160.00,7
3138,9772692000.00,2
3139,9772702840.00,6
3140,9772713680.00,C
3141,9772724560.00,2
3142,9772735400.00,2
3143,9772746240.00,3
3144,9772757080.00,A
3145,9772767920.00,2
3146,9772778800.00,2
3147,9772789640.00,6
3148,9772800480.00,8
3149,9772811320.00,7
3150,9772822160.00,4
3151,9772833000.00,7
3152,9772843880.00,4
3153,9772854720.00,7
3154,9772865560.00,0
3155,9772876400.00,3
3156,9772887280.00,A
3157,9772898120.00,2
3158,9772908960.00,F
3159,9772919800.00,2
3160,9772930640.00,F
3161,9772941520.00,6
3162,9772952360.00,1
3163,9772963200.00,7
3164,9772974040.00,0
3165,9772984880.00,6
3166,9772995760.00,9
3167,9773006600.00,2
3168,9773017440.00,E
3169,9773028280.00,7
3170,9773039120.00,8
3171,9773049960.00,6
3172,9773060840.00,9
3173,9773071680.00,6
3174,9773082520.00,1
3175,9773093360.00,6
3176,9773104240.00,F
3177,9773115080.00,7
3178,9773125920.00,A
3179,9773136760.00,6
3180,9773147600.00,8
3181,9773158480.00,6
3182,9773169320.00,9
3183,9773180160.00,2
3184,9773191000.00,E
3185,9773201840.00,6
3186,9773212720.00,D
3187,9773223560.00,6
3188,9773234400.00,5
3189,9773245240.00,2
3190,9773256080.00,F
3191,9773266920.00,7
3192,9773277800.00,6
3193,9773288640.00,6
3194,9773299480.00,9
3195,9773310320.00,7
3196,9773321200.00,3
3197,9773332040.00,6
3198,9773342880.00,9
3199,9773353720.00,6
3200,9773364560.00,F
3201,9773375440.00,6
3202,9773386280.00,E
3203,9773397120.00,2
3204,9773407960.00,F
3205,9773418800.00,6
3206,9773429680.00,5
3207,9773440520.00,7
3208,9773451360.00,8
3209,9773462200.00,7
3210,9773473040.00,0
3211,9773483880.00,6
3212,9773494760.00,C
3213,9773505600.00,6
3214,9773516440.00,1
3215,9773527280.00,6
3216,9773538160.00,9
3217,9773549000.00,6
3218,9773559840.00,E
3219,9773570680.00,2
3220,9773581520.00,2
3221,9773592400.00,2
3222,9773603240.00,C
3223,9773614080.00,2
3224,9773624920.00,2
3225,9773635760.00,7
3226,9773646640.00,4
3227,9773657480.00,6
3228,9773668320.00,F
3229,9773679160.00,6
3230,9773690000.00,B
3231,9773700840.00,6
3232,9773711720.00,5
3233,9773722560.00,6
3234,9773733400.00,E
3235,9773744240.00,2
3236,9773755120.00,2
3237,9773765960.00,3
3238,9773776800.00,A
3239,9773787640.00,2
3240,9773798480.00,2
3241,9773809360.00,3
3242,9773820200.00,3
3243,9773831040.00,6
3244,9773841880.00,6
3245,9773852720.00,3
3246,9773863600.00,2
3247,9773874440.00,6
3248,9773885280.00,6
3249,9773896120.00,3
3250,9773906960.00,3
3251,9773917800.00,3
3252,9773928680.00,7
3253,9773939520.00,3
3254,9773950360.00,8
3255,9773961200.00,6
3256,9773972080.00,1
3257,9773982920.00,2
3258,9773993760.00,D
3259,9774004600.00,3
3260,9774015440.00,7
3261,9774026320.00,3
3262,9774037160.00,8
3263,9774048000.00,3
3264,9774058840.00,4
3265,9774069680.00,3
3266,9774080560.00,1
3267,9774091400.00,2
3268,9774102240.00,D
3269,9774113080.00,3
3270,9774123920.00,4
3271,9774134800.00,6
3272,9774145640.00,6
3273,9774156480.00,3
3274,9774167320.00,6
3275,9774178160.00,3
3276,9774189040.00,5
3277,9774199880.00,2
3278,9774210720.00,D
3279,9774221560.00,6
3280,9774232400.00,2
3281,9774243280.00,3
3282,9774254120.00,7
3283,9774264960.00,6
3284,9774275800.00,5
3285,9774286640.00,3
3286,9774297520.00,3
3287,9774308360.00,2
3288,9774319200.00,D
3289,9774330040.00,3
3290,9774340880.00,9
3291,9774351760.00,6
3292,9774362600.00,3
3293,9774373440.00,6
3294,9774384280.00,5
3295,9774395120.00,6
3296,9774406000.00,5
3297,9774416840.00,3
3298,9774427680.00,8
3299,9774438520.00,6
3300,9774449360.00,3
3301,9774460240.00,6
3302,9774471080.00,2
3303,9774481920.00,3
3304,9774492760.00,0
3305,9774503600.00,3
3306,9774514480.00,6
3307,9774525320.00,3
3308,9774536160.00,1
3309,9774547000.00,3
3310,9774557840.00,0
3311,9774568720.00,6
3312,9774579560.00,2
3313,9774590400.00,2
3314,9774601240.00,2
3315,9774612080.00,7
3316,9774622960.00,D
3317,9774633800.00,7
3318,9774644640.00,D
3319,9774655480.00,2
3320,9774666320.00,C
3321,9774677200.00,2
3322,9774688040.00,2
3323,9774698880.00,6
3324,9774709720.00,3
3325,9774720560.00,6
3326,9774731440.00,C
3327,9774742280.00,6
3328,9774753120.00,9
3329,9774763960.00,6
3330,9774774800.00,5
3331,9774785680.00,6
3332,9774796520.00,E
3333,9774807360.00,7
3334,9774818200.00,4
3335,9774829040.00,4
3336,9774839920.00,9
3337,9774850760.00,6
3338,9774861600.00,E
3339,9774872440.00,6
3340,9774883280.00,6
3341,9774894160.00,6
3342,9774905000.00,F
3343,9774915840.00,2
3344,9774926680.00,2
3345,9774937520.00,3
3346,9774948400.00,A
3347,9774959240.00,7
3348,9774970080.00,B
3349,9774980920.00,2
3350,9774991760.00,2
3351,9775002640.00,6
3352,9775013480.00,E
3353,9775024320.00,6
3354,9775035160.00,1
3355,9775046000.00,6
3356,9775056880.00,D
3357,9775067720.00,6
3358,9775078560.00,5
3359,9775089400.00,2
3360,9775100240.00,2
3361,9775111120.00,3
3362,9775121960.00,A
3363,9775132800.00,2
3364,9775143640.00,2
3365,9775154480.00,7
3366,9775165360.00,8
3367,9775176200.00,6
3368,9775187040.00,9
3369,9775197880.00,6
3370,9775208720.00,1
3371,9775219600.00,6
3372,9775230440.00,F
3373,9775241280.00,7
3374,9775252120.00,A
3375,9775262960.00,6
3376,9775273840.00,8
3377,9775284680.00,6
3378,9775295520.00,9
3379,9775306360.00,2
3380,9775317200.00,D
3381,9775328080.00,6
3382,9775338920.00,D
3383,9775349760.00,7
3384,9775360600.00,1
3385,9775371440.00,7
3386,9775382320.00,4
3387,9775393160.00,7
3388,9775404000.00,4
3389,9775414840.00,2
3390,9775425680.00,D
3391,9775436560.00,6
3392,9775447400.00,3
3393,9775458240.00,6
3394,9775469080.00,C
3395,9775479920.00,6
3396,9775490800.00,9
3397,9775501640.00,6
3398,9775512480.00,5
3399,9775523320.00,6
3400,9775534160.00,E
3401,9775545040.00,7
3402,9775555880.00,4
3403,9775566720.00,2
3404,9775577560.00,2
3405,9775588400.00,2
3406,9775599280.00,C
3407,9775610120.00,2
3408,9775620960.00,2
3409,9775631800.00,7
3410,9775642640.00,6
3411,9775653520.00,6
3412,9775664360.00,5
3413,9775675200.00,7
3414,9775686040.00,2
3415,9775696880.00,7
3416,9775707760.00,3
3417,9775718600.00,6
3418,9775729440.00,9
3419,9775740280.00,6
3420,9775751160.00,F
3421,9775762000.00,6
3422,9775772840.00,E
3423,9775783680.00,2
3424,9775794520.00,2
3425,9775805360.00,3
3426,9775816240.00,A
3427,9775827080.00,2
3428,9775837920.00,2
3429,9775848760.00,3
3430,9775859600.00,1
3431,9775870480.00,2
3432,9775881320.00,E
3433,9775892160.00,3
3434,9775903000.00,0
3435,9775913840.00,2
3436,9775924720.00,E
3437,9775935560.00,3
3438,9775946400.00,0
3439,9775957240.00,2
3440,9775968120.00,2
3441,9775978960.00,7
3442,9775989800.00,D
3443,9776000640.00,7
3444,9776011480.00,D
3445,9776022320.00,7
3446,9776033200.00,D
3447,9776044040.00,2
3448,9776054880.00,C
3449,9776065720.00,2
3450,9776076560.00,2
3451,9776087440.00,7
3452,9776098280.00,3
3453,9776109120.00,6
3454,9776119960.00,5
3455,9776130800.00,7
3456,9776141680.00,3
3457,9776152520.00,7
3458,9776163360.00,3
3459,9776174200.00,6
3460,9776185080.00,9
3461,9776195920.00,6
3462,9776206760.00,F
3463,9776217600.00,6
3464,9776228440.00,E
3465,9776239280.00,5
3466,9776250160.00,F
3467,9776261000.00,6
3468,9776271840.00,9
3469,9776282680.00,6
3470,9776293520.00,4
3471,9776304400.00,2
3472,9776315240.00,2
3473,9776326080.00,3
3474,9776336920.00,A
3475,9776347760.00,2
3476,9776358640.00,2
3477,9776369480.00,3
3478,9776380320.00,3
3479,9776391160.00,6
3480,9776402040.00,6
3481,9776412880.00,3
3482,9776423720.00,2
3483,9776434560.00,6
3484,9776445400.00,6
3485,9776456240.00,3
3486,9776467120.00,3
3487,9776477960.00,3
3488,9776488800.00,7
3489,9776499640.00,3
3490,9776510480.00,8
3491,9776521360.00,6
3492,9776532200.00,1
3493,9776543040.00,2
3494,9776553880.00,2
3495,9776564720.00,7
3496,9776575600.00,D
3497,9776586440.00,[0D]
3498,9776597280.00,[0A]
3499,9784739800.00,[0D]
3500,9784750640.00,[0A]
3501,9784761520.00,+
3502,9784772360.00,M
3503,9784783200.00,I
3504,9784794040.00,P
3505,9784804880.00,S
3506,9784815760.00,E
3507,9784826600.00,N
3508,9784837440.00,D
3509,9784848280.00,:
3510,9784859120.00,[20]
3511,9784870000.00,0
3512,9784880840.00,,
3513,9784891680.00,9
3514,9784902520.00,2
3515,9784913360.00,[0D]
3516,9784924240.00,[0A]
3517,9784935080.00,[0D]
3518,9784945920.00,[0A]
3519,9784956760.00,O
3520,9784967600.00,K
3521,9784978480.00,[0D]
3522,9784989320.00,[0A]
3523,9810420320.00,[0D]
3524,9810431160.00,[0A]
3525,9810442000.00,+
3526,9810452880.00,M
3527,9810463720.00,I
3528,9810474560.00,P
3529,9810485400.00,S
3530,9810496240.00,E
3531,9810507120.00,N
3532,9810517960.00,D
3533,9810528800.00,:
3534,9810539640.00,[20]
3535,9810550480.00,0
3536,9810561360.00,,
3537,9810572200.00,1
3538,9810583040.00,6
3539,9810593880.00,0
3540,9810604720.00,[0D]
3541,9810615600.00,[0A]
3542,9810626440.00,[0D]
3543,9810637280.00,[0A]
3544,9810648120.00,O
3545,9810658960.00,K
3546,9810669840.00,[0D]
3547,9810680680.00,[0A]
3548,9836712680.00,[0D]
3549,9836723520.00,[0A]
3550,9836734360.00,+
3551,9836745200.00,M
3552,9836756040.00,I
3553,9836766880.00,P
3554,9836777760.00,S
3555,9836788600.00,E
3556,9836799440.00,N
3557,9836810280.00,D
3558,9836821160.00,:
3559,9836832000.00,[20]
3560,9836842840.00,0
3561,9836853680.00,,
3562,9836864520.00,1
3563,9836875400.00,9
3564,9836886240.00,0
3565,9836897080.00,[0D]
3566,9836907920.00,[0A]
3567,9836918760.00,[0D]
3568,9836929640.00,[0A]
3569,9836940480.00,O
3570,9836951320.00,K
3571,9836962160.00,[0D]
3572,9836973000.00,[0A]
3573,9863399880.00,[0D]
3574,9863410720.00,[0A]
3575,9863421560.00,+
3576,9863432440.00,M
3577,9863443280.00,I
3578,9863454120.00,P
3579,9863464960.00,S
3580,9863475800.00,E
3581,9863486640.00,N
3582,9863497520.00,D
3583,9863508360.00,:
3584,9863519200.00,[20]
3585,9863530040.00,0
3586,9863540880.00,,
3587,9863551760.00,1
3588,9863562600.00,9
3589,9863573440.00,8
3590,9863584280.00,[0D]
3591,9863595120.00,[0A]
3592,9863606000.00,[0D]
3593,9863616840.00,[0A]
3594,9863627680.00,O
3595,9863638520.00,K
3596,9863649400.00,[0D]
3597,9863660240.00,[0A]
3598,9891978960.00,[0D]
3599,9891989840.00,[0A]
3600,9892000680.00,+
3601,9892011520.00,M
3602,9892022360.00,I
3603,9892033200.00,P
3604,9892044080.00,S
3605,9892054920.00,E
3606,9892065760.00,N
3607,9892076600.00,D
3608,9892087440.00,:
3609,9892098320.00,[20]
3610,9892109160.00,0
3611,9892120000.00,,
3612,9892130840.00,1
3613,9892141680.00,7
3614,9892152560.00,5
3615,9892163400.00,[0D]
3616,9892174240.00,[0A]
3617,9892185080.00,[0D]
3618,9892195920.00,[0A]
3619,9892206800.00,O
3620,9892217640.00,K
3621,9892228480.00,[0D]
3622,9892239320.00,[0A]
3623,9918499120.00,[0D]
3624,9918509960.00,[0A]
3625,9918520840.00,+
3626,9918531680.00,M
3627,9918542520.00,I
3628,9918553360.00,P
3629,9918564200.00,S
3630,9918575080.00,E
3631,9918585920.00,N
3632,9918596760.00,D
3633,9918607600.00,:
3634,9918618440.00,[20]
3635,9918629320.00,0
3636,9918640160.00,,
3637,9918651000.00,1
3638,9918661840.00,9
3639,9918672680.00,9
3640,9918683560.00,[0D]
3641,9918694400.00,[0A]
3642,9918705240.00,[0D]
3643,9918716080.00,[0A]
3644,9918726920.00,O
3645,9918737800.00,K
3646,9918748640.00,[0D]
3647,9918759480.00,[0A]
3648,9945557320.00,[0D]
3649,9945568200.00,[0A]
3650,9945579040.00,+
3651,9945589880.00,M
3652,9945600720.00,I
3653,9945611560.00,P
3654,9945622440.00,S
3655,9945633280.00,E
3656,9945644120.00,N
3657,9945654960.00,D
3658,9945665840.00,:
3659,9945676680.00,[20]
3660,9945687520.00,0
3661,9945698360.00,,
3662,9945709200.00,2
3663,9945720080.00,1
3664,9945730920.00,3
3665,9945741760.00,[0D]
3666,9945752600.00,[0A]
3667,9945763440.00,[0D]
3668,9945774320.00,[0A]
3669,9945785160.00,O
3670,9945796000.00,K
3671,9945806840.00,[0D]
3672,9945817680.00,[0A]
3673,9971568720.00,[0D]
3674,9971579560.00,[0A]
3675,9971590400.00,+
3676,9971601280.00,M
3677,9971612120.00,I
3678,9971622960.00,P
3679,9971633800.00,S
3680,9971644640.00,E
3681,9971655520.00,N
3682,9971666360.00,D
3683,9971677200.00,:
3684,9971688040.00,[20]
3685,9971698880.00,0
3686,9971709760.00,,
3687,9971720600.00,1
3688,9971731440.00,7
3689,9971742280.00,7
3690,9971753120.00,[0D]
3691,9971764000.00,[0A]
3692,9971774840.00,[0D]
3693,9971785680.00,[0A]
3694,9971796520.00,O
3695,9971807360.00,K
3696,9971818240.00,[0D]
3697,9971829080.00,[0A]
3698,9997546480.00,[0D]
3699,9997557320.00,[0A]
3700,9997568160.00,+
3701,9997579000.00,M
3702,9997589840.00,I
3703,9997600720.00,P
3704,9997611560.00,S
3705,9997622400.00,E
3706,9997633240.00,N
3707,9997644120.00,D
3708,9997654960.00,:
3709,9997665800.00,[20]
3710,9997676640.00,0
3711,9997687480.00,,
3712,9997698360.00,1
3713,9997709200.00,7
3714,9997720040.00,8
3715,9997730880.00,[0D]
3716,9997741720.00,[0A]
3717,9997752600.00,[0D]
3718,9997763440.00,[0A]
3719,9997774280.00,O
3720,9997785120.00,K
3721,9997795960.00,[0D]
3722,9997806800.00,[0A]
3723,10023889800.00,[0D]
3724,10023900640.00,[0A]
3725,10023911480.00,+
3726,10023922360.00,M
3727,10023933200.00,I
3728,10023944040.00,P
3729,10023954880.00,S
3730,10023965720.00,E
3731,10023976600.00,N
3732,10023987440.00,D
3733,10023998280.00,:
3734,10024009120.00,[20]
3735,10024019960.00,0
3736,10024030840.00,,
3737,10024041680.00,1
3738,10024052520.00,8
3739,10024063360.00,3
3740,10024074200.00,[0D]
3741,10024085040.00,[0A]
3742,10024095920.00,[0D]
3743,10024106760.00,[0A]
3744,10024117600.00,O
3745,10024128440.00,K
3746,10024139320.00,[0D]
3747,10024150160.00,[0A]
3748,10049528000.00,[0D]
3749,10049538840.00,[0A]
3750,10049549720.00,+
3751,10049560560.00,M
3752,10049571400.00,I
3753,10049582240.00,P
3754,10049593080.00,S
3755,10049603960.00,E
3756,10049614800.00,N
3757,10049625640.00,D
3758,10049636480.00,:
3759,10049647320.00,[20]
3760,10049658160.00,0
3761,10049669040.00,,
3762,10049679880.00,1
3763,10049690720.00,5
3764,10049701560.00,4
3765,10049712400.00,[0D]
3766,10049723280.00,[0A]
3767,10049734120.00,[0D]
3768,10049744960.00,[0A]
3769,10049755800.00,O
3770,10049766680.00,K
3771,10049777520.00,[0D]
3772,10049788360.00,[0A]
3773,10074492560.00,[0D]
3774,10074503400.00,[0A]
3775,10074514240.00,+
3776,10074525080.00,M
3777,10074535920.00,I
3778,10074546800.00,P
3779,10074557640.00,S
3780,10074568480.00,E
3781,10074579320.00,N
3782,10074590160.00,D
3783,10074601040.00,:
3784,10074611880.00,[20]
3785,10074622720.00,0
3786,10074633560.00,,
3787,10074644440.00,1
3788,10074655280.00,3
3789,10074666120.00,0
3790,10074676960.00,[0D]
3791,10074687800.00,[0A]
3792,10074698680.00,[0D]
3793,10074709520.00,[0A]
3794,10074720360.00,O
3795,10074731200.00,K
3796,10074742040.00,[0D]
3797,10074752880.00,[0A]
3798,10098597920.00,[0D]
3799,10098608800.00,[0A]
3800,10098619640.00,+
3801,10098630480.00,M
3802,10098641320.00,I
3803,10098652160.00,P
3804,10098663000.00,S
3805,10098673880.00,E
3806,10098684720.00,N
3807,10098695560.00,D
3808,10098706400.00,:
3809,10098717240.00,[20]
3810,10098728120.00,0
3811,10098738960.00,,
3812,10098749800.00,9
3813,10098760640.00,8
3814,10098771480.00,[0D]
3815,10098782360.00,[0A]
3816,10098793200.00,[0D]
3817,10098804040.00,[0A]
3818,10098814880.00,O
3819,10098825760.00,K
3820,10098836600.00,[0D]
3821,10098847440.00,[0A]
3822,10122258560.00,[0D]
3823,10122269400.00,[0A]
3824,10122280240.00,+
3825,10122291080.00,M
3826,10122301920.00,I
3827,10122312760.00,P
3828,10122323640.00,S
3829,10122334480.00,E
3830,10122345320.00,N
3831,10122356160.00,D
3832,10122367040.00,:
3833,10122377880.00,[20]
3834,10122388720.00,0
3835,10122399560.00,,
3836,10122410400.00,5
3837,10122421280.00,4
3838,10122432120.00,[0D]
3839,10122442960.00,[0A]
3840,10122453800.00,[0D]
3841,10122464640.00,[0A]
3842,10122475520.00,O
3843,10122486360.00,K
3844,10122497200.00,[0D]
3845,10122508040.00,[0A]
3846,10145181480.00,[0D]
3847,10145192320.00,[0A]
3848,10145203200.00,+
3849,10145214040.00,M
3850,10145224880.00,I
3851,10145235720.00,P
3852,10145246600.00,S
3853,10145257440.00,E
3854,10145268280.00,N
3855,10145279120.00,D
3856,10145289960.00,:
3857,10145300800.00,[20]
3858,10145311680.00,0
3859,10145322520.00,,
3860,10145333360.00,3
3861,10145344200.00,1
3862,10145355040.00,[0D]
3863,10145365920.00,[0A]
3864,10145376760.00,[0D]
3865,10145387600.00,[0A]
3866,10145398440.00,O
3867,10145409280.00,K
3868,10145420160.00,[0D]
3869,10145431000.00,[0A]
3870,10167709560.00,[0D]
3871,10167720400.00,[0A]
3872,10167731280.00,+
3873,10167742120.00,M
3874,10167752960.00,I
3875,10167763800.00,P
3876,10167774640.00,S
3877,10167785520.00,E
3878,10167796360.00,N
3879,10167807200.00,D
3880,10167818040.00,:
3881,10167828880.00,[20]
3882,10167839760.00,0
3883,10167850600.00,,
3884,10167861440.00,3
3885,10167872280.00,1
3886,10167883120.00,[0D]
3887,10167894000.00,[0A]
3888,10167904840.00,[0D]
3889,10167915680.00,[0A]
3890,10167926520.00,O
3891,10167937400.00,K
3892,10167948240.00,[0D]
3893,10167959080.00,[0A]
3894,10190228960.00,[0D]
3895,10190239800.00,[0A]
3896,10190250680.00,+
3897,10190261520.00,M
3898,10190272360.00,I
3899,10190283200.00,P
3900,10190294040.00,S
3901,10190304920.00,E
3902,10190315760.00,N
3903,10190326600.00,D
3904,10190337440.00,:
3905,10190348320.00,[20]
3906,10190359160.00,0
3907,10190370000.00,,
3908,10190380840.00,3
3909,10190391680.00,1
3910,10190402560.00,[0D]
3911,10190413400.00,[0A]
3912,10190424240.00,[0D]
3913,10190435080.00,[0A]
3914,10190445920.00,O
3915,10190456760.00,K
3916,10190467640.00,[0D]
3917,10190478480.00,[0A]
3918,10212755960.00,[0D]
3919,10212766800.00,[0A]
3920,10212777680.00,+
3921,10212788520.00,M
3922,10212799360.00,I
3923,10212810200.00,P
3924,10212821040.00,S
3925,10212831920.00,E
3926,10212842760.00,N
3927,10212853600.00,D
3928,10212864440.00,:
3929,10212875280.00,[20]
3930,10212886160.00,0
3931,10212897000.00,,
3932,10212907840.00,3
3933,10212918680.00,1
3934,10212929520.00,[0D]
3935,10212940400.00,[0A]
3936,10212951240.00,[0D]
3937,10212962080.00,[0A]
3938,10212972920.00,O
3939,10212983760.00,K
3940,10212994640.00,[0D]
3941,10213005480.00,[0A]
3942,10235256920.00,[0D]
3943,10235267760.00,[0A]
3944,10235278640.00,+
3945,10235289480.00,M
3946,10235300320.00,I
3947,10235311160.00,P
3948,10235322000.00,S
3949,10235332880.00,E
3950,10235343720.00,N
3951,10235354560.00,D
3952,10235365400.00,:
3953,10235376240.00,[20]
3954,10235387120.00,0
3955,10235397960.00,,
3956,10235408800.00,3
3957,10235419640.00,1
3958,10235430480.00,[0D]
3959,10235441360.00,[0A]
3960,10235452200.00,[0D]
3961,10235463040.00,[0A]
3962,10235473880.00,O
3963,10235484720.00,K
3964,10235495600.00,[0D]
3965,10235506440.00,[0A]
3966,10257970520.00,[0D]
3967,10257981360.00,[0A]
3968,10257992200.00,+
3969,10258003040.00,M
3970,10258013920.00,I
3971,10258024760.00,P
3972,10258035600.00,S
3973,10258046440.00,E
3974,10258057280.00,N
3975,10258068160.00,D
3976,10258079000.00,:
3977,10258089840.00,[20]
3978,10258100680.00,0
3979,10258111520.00,,
3980,10258122360.00,3
3981,10258133240.00,1
3982,10258144080.00,[0D]
3983,10258154920.00,[0A]
3984,10258165760.00,[0D]
3985,10258176600.00,[0A]
3986,10258187480.00,O
3987,10258198320.00,K
3988,10258209160.00,[0D]
3989,10258220000.00,[0A]
3990,10280479080.00,[0D]
3991,10280489920.00,[0A]
3992,10280500760.00,+
3993,10280511600.00,M
3994,10280522440.00,I
3995,10280533320.00,P
3996,10280544160.00,S
3997,10280555000.00,E
3998,10280565840.00,N
3999,10280576680.00,D
4000,10280587520.00,:
4001,10280598400.00,[20]
4002,10280609240.00,0
4003,10280620080.00,,
4004,10280630920.00,3
4005,10280641760.00,1
4006,10280652640.00,[0D]
4007,10280663480.00,[0A]
4008,10280674320.00,[0D]
4009,10280685160.00,[0A]
4010,10280696040.00,O
4011,10280706880.00,K
4012,10280717720.00,[0D]
4013,10280728560.00,[0A]
4014,10308449600.00,[0D]
4015,10308460440.00,[0A]
4016,10308471280.00,+
4017,10308482120.00,M
4018,10308493000.00,I
4019,10308503840.00,P
4020,10308514680.00,S
4021,10308525520.00,E
4022,10308536360.00,N
4023,10308547240.00,D
4024,10308558080.00,:
4025,10308568920.00,[20]
4026,10308579760.00,0
4027,10308590600.00,,
4028,10308601480.00,3
4029,10308612320.00,1
4030,10308623160.00,[0D]
4031,10308634000.00,[0A]
4032,10308644840.00,[0D]
4033,10308655720.00,[0A]
4034,10308666560.00,O
4035,10308677400.00,K
4036,10308688240.00,[0D]
4037,10308699080.00,[0A]
4038,10330941880.00,[0D]
4039,10330952720.00,[0A]
4040,10330963560.00,+
4041,10330974400.00,M
4042,10330985280.00,I
4043,10330996120.00,P
4044,10331006960.00,S
4045,10331017800.00,E
4046,10331028640.00,N
4047,10331039520.00,D
4048,10331050360.00,:
4049,10331061200.00,[20]
4050,10331072040.00,0
4051,10331082880.00,,
4052,10331093760.00,3
4053,10331104600.00,1
4054,10331115440.00,[0D]
4055,10331126280.00,[0A]
4056,10331137120.00,[0D]
4057,10331148000.00,[0A]
4058,10331158840.00,O
4059,10331169680.00,K
4060,10331180520.00,[0D]
4061,10331191360.00,[0A]
4062,10353474280.00,[0D]
4063,10353485160.00,[0A]
4064,10353496000.00,+
4065,10353506840.00,M
4066,10353517680.00,I
4067,10353528520.00,P
4068,10353539400.00,S
4069,10353550240.00,E
4070,10353561080.00,N
4071,10353571920.00,D
4072,10353582760.00,:
4073,10353593600.00,[20]
4074,10353604480.00,0
4075,10353615320.00,,
4076,10353626160.00,3
4077,10353637000.00,1
4078,10353647840.00,[0D]
4079,10353658720.00,[0A]
4080,10353669560.00,[0D]
4081,10353680400.00,[0A]
4082,10353691240.00,O
4083,10353702120.00,K
4084,10353712960.00,[0D]
4085,10353723800.00,[0A]
4086,10375923200.00,[0D]
4087,10375934040.00,[0A]
4088,10375944880.00,+
4089,10375955720.00,M
4090,10375966560.00,I
4091,10375977400.00,P
4092,10375988280.00,S
4093,10375999120.00,E
4094,10376009960.00,N
4095,10376020800.00,D
4096,10376031680.00,:
4097,10376042520.00,[20]
4098,10376053360.00,0
4099,10376064200.00,,
4100,10376075040.00,3
4101,10376085920.00,1
4102,10376096760.00,[0D]
4103,10376107600.00,[0A]
4104,10376118440.00,[0D]
4105,10376129280.00,[0A]
4106,10376140160.00,O
4107,10376151000.00,K
4108,10376161840.00,[0D]
4109,10376172680.00,[0A]
4110,10398561920.00,[0D]
4111,10398572760.00,[0A]
4112,10398583600.00,+
4113,10398594440.00,M
4114,10398605320.00,I
4115,10398616160.00,P
4116,10398627000.00,S
4117,10398637840.00,E
4118,10398648680.00,N
4119,10398659520.00,D
4120,10398670400.00,:
4121,10398681240.00,[20]
4122,10398692080.00,0
4123,10398702920.00,,
4124,10398713800.00,3
4125,10398724640.00,1
4126,10398735480.00,[0D]
4127,10398746320.00,[0A]
4128,10398757160.00,[0D]
4129,10398768040.00,[0A]
4130,10398778880.00,O
4131,10398789720.00,K
4132,10398800560.00,[0D]
4133,10398811400.00,[0A]
4134,10421212560.00,[0D]
4135,10421223400.00,[0A]
4136,10421234280.00,+
4137,10421245120.00,M
4138,10421255960.00,I
4139,10421266800.00,P
4140,10421277680.00,S
4141,10421288520.00,E
4142,10421299360.00,N
4143,10421310200.00,D
4144,10421321040.00,:
4145,10421331920.00,[20]
4146,10421342760.00,0
4147,10421353600.00,,
4148,10421364440.00,3
4149,10421375280.00,1
4150,10421386160.00,[0D]
4151,10421397000.00,[0A]
4152,10421407840.00,[0D]
4153,10421418680.00,[0A]
4154,10421429520.00,O
4155,10421440360.00,K
4156,10421451240.00,[0D]
4157,10421462080.00,[0A]
4158,10444721320.00,[0D]
4159,10444732160.00,[0A]
4160,10444743000.00,+
4161,10444753840.00,M
4162,10444764720.00,I
4163,10444775560.00,P
4164,10444786400.00,S
4165,10444797240.00,E
4166,10444808120.00,N
4167,10444818960.00,D
4168,10444829800.00,:
4169,10444840640.00,[20]
4170,10444851480.00,0
4171,10444862320.00,,
4172,10444873200.00,3
4173,10444884040.00,1
4174,10444894880.00,[0D]
4175,10444905720.00,[0A]
4176,10444916560.00,[0D]
4177,10444927440.00,[0A]
4178,10444938280.00,O
4179,10444949120.00,K
4180,10444959960.00,[0D]
4181,10444970800.00,[0A]
4182,10468145440.00,[0D]
4183,10468156280.00,[0A]
4184,10468167120.00,+
4185,10468178000.00,M
4186,10468188840.00,I
4187,10468199680.00,P
4188,10468210520.00,S
4189,10468221360.00,E
4190,10468232240.00,N
4191,10468243080.00,D
4192,10468253920.00,:
4193,10468264760.00,[20]
4194,10468275600.00,0
4195,10468286480.00,,
4196,10468297320.00,6
4197,10468308160.00,2
4198,10468319000.00,[0D]
4199,10468329840.00,[0A]
4200,10468340720.00,[0D]
4201,10468351560.00,[0A]
4202,10468362400.00,O
4203,10468373240.00,K
4204,10468384080.00,[0D]
4205,10468394960.00,[0A]
4206,10721142920.00,[0D]
4207,10721153760.00,[0A]
4208,10721164640.00,+
4209,10721175480.00,M
4210,10721186320.00,I
4211,10721197160.00,P
4212,10721208000.00,U
4213,10721218840.00,R
4214,10721229720.00,C
4215,10721240560.00,:
4216,10721251400.00,[20]
4217,10721262240.00,"
4218,10721273120.00,r
4219,10721283960.00,t
4220,10721294800.00,c
4221,10721305640.00,p
4222,10721316480.00,"
4223,10721327360.00,,
4224,10721338200.00,0
4225,10721349040.00,,
4226,10721359880.00,7
4227,10721370720.00,6
4228,10721381560.00,,
4229,10721392440.00,8
4230,10721403280.00,1
4231,10721414120.00,4
4232,10721424960.00,A
4233,10721435800.00,7
4234,10721446680.00,B
4235,10721457520.00,2
4236,10721468360.00,2
4237,10721479200.00,7
4238,10721490080.00,4
4239,10721500920.00,7
4240,10721511760.00,9
4241,10721522600.00,7
4242,10721533440.00,0
4243,10721544320.00,6
4244,10721555160.00,5
4245,10721566000.00,2
4246,10721576840.00,2
4247,10721587680.00,3
4248,10721598560.00,A
4249,10721609400.00,2
4250,10721620240.00,2
4251,10721631080.00,7
4252,10721641920.00,4
4253,10721652760.00,7
4254,10721663640.00,4
4255,10721674480.00,7
4256,10721685320.00,3
4257,10721696160.00,2
4258,10721707040.00,2
4259,10721717880.00,2
4260,10721728720.00,C
4261,10721739560.00,2
4262,10721750400.00,2
4263,10721761280.00,7
4264,10721772120.00,3
4265,10721782960.00,7
4266,10721793800.00,4
4267,10721804640.00,6
4268,10721815520.00,1
4269,10721826360.00,7
4270,10721837200.00,4
4271,10721848040.00,6
4272,10721858880.00,5
4273,10721869720.00,2
4274,10721880600.00,2
4275,10721891440.00,3
4276,10721902280.00,A
4277,10721913120.00,2
4278,10721924000.00,2
4279,10721934840.00,7
4280,10721945680.00,3
4281,10721956520.00,7
4282,10721967360.00,4
4283,10721978240.00,6
4284,10721989080.00,1
4285,10721999920.00,7
4286,10722010760.00,2
4287,10722021600.00,7
4288,10722032480.00,4
4289,10722043320.00,2
4290,10722054160.00,2
4291,10722065000.00,2
4292,10722075840.00,C
4293,10722086720.00,2
4294,10722097560.00,2
4295,10722108400.00,7
4296,10722119240.00,3
4297,10722130080.00,6
4298,10722140960.00,1
4299,10722151800.00,6
4300,10722162640.00,D
4301,10722173480.00,7
4302,10722184320.00,0
4303,10722195200.00,6
4304,10722206040.00,C
4305,10722216880.00,6
4306,10722227720.00,5
4307,10722238560.00,5
4308,10722249440.00,F
4309,10722260280.00,7
4310,10722271120.00,2
4311,10722281960.00,6
4312,10722292800.00,1
4313,10722303680.00,7
4314,10722314520.00,4
4315,10722325360.00,6
4316,10722336200.00,5
4317,10722347040.00,2
4318,10722357920.00,2
4319,10722368760.00,3
4320,10722379600.00,A
4321,10722390440.00,3
4322,10722401280.00,2
4323,10722412160.00,3
4324,10722423000.00,4
4325,10722433840.00,3
4326,10722444680.00,0
4327,10722455520.00,3
4328,10722466400.00,0
4329,10722477240.00,3
4330,10722488080.00,0
4331,10722498920.00,2
4332,10722509760.00,C
4333,10722520640.00,2
4334,10722531480.00,2
4335,10722542320.00,7
4336,10722553160.00,3
4337,10722564000.00,6
4338,10722574880.00,5
4339,10722585720.00,7
4340,10722596560.00,3
4341,10722607400.00,7
4342,10722618240.00,3
4343,10722629120.00,6
4344,10722639960.00,9
4345,10722650800.00,6
4346,10722661640.00,F
4347,10722672480.00,6
4348,10722683360.00,E
4349,10722694200.00,5
4350,10722705040.00,F
4351,10722715880.00,6
4352,10722726720.00,9
4353,10722737600.00,6
4354,10722748440.00,4
4355,10722759280.00,2
4356,10722770120.00,2
4357,10722780960.00,3
4358,10722791840.00,A
4359,10722802680.00,2
4360,10722813520.00,2
4361,10722824360.00,3
4362,10722835200.00,3
4363,10722846080.00,6
4364,10722856920.00,6
4365,10722867760.00,3
4366,10722878600.00,2
4367,10722889440.00,6
4368,10722900320.00,6
4369,10722911160.00,3
4370,10722922000.00,3
4371,10722932840.00,3
4372,10722943680.00,7
4373,10722954560.00,3
4374,10722965400.00,8
4375,10722976240.00,6
4376,10722987080.00,1
4377,10722997920.00,2
4378,10723008800.00,2
4379,10723019640.00,7
4380,10723030480.00,D
4381,10723041320.00,[0D]
4382,10723052160.00,[0A]
4383,10739330720.00,[0D]
4384,10739341560.00,[0A]
4385,10739352400.00,+
4386,10739363240.00,M
4387,10739374120.00,I
4388,10739384960.00,P
4389,10739395800.00,U
4390,10739406640.00,R
4391,10739417480.00,C
4392,10739428360.00,:
4393,10739439200.00,[20]
4394,10739450040.00,"
4395,10739460880.00,r
4396,10739471720.00,t
4397,10739482600.00,c
4398,10739493440.00,p
4399,10739504280.00,"
4400,10739515120.00,,
4401,10739525960.00,0
4402,10739536840.00,,
4403,10739547680.00,5
4404,10739558520.00,9
4405,10739569360.00,,
4406,10739580200.00,8
4407,10739591080.00,1
4408,10739601920.00,3
4409,10739612760.00,9
4410,10739623600.00,7
4411,10739634440.00,B
4412,10739645320.00,2
4413,10739656160.00,2
4414,10739667000.00,7
4415,10739677840.00,4
4416,10739688680.00,7
4417,10739699560.00,9
4418,10739710400.00,7
4419,10739721240.00,0
4420,10739732080.00,6
4421,10739742920.00,5
4422,10739753800.00,2
4423,10739764640.00,2
4424,10739775480.00,3
4425,10739786320.00,A
4426,10739797160.00,2
4427,10739808040.00,2
4428,10739818880.00,7
4429,10739829720.00,3
4430,10739840560.00,7
4431,10739851400.00,4
4432,10739862280.00,7
4433,10739873120.00,4
4434,10739883960.00,2
4435,10739894800.00,2
4436,10739905680.00,2
4437,10739916520.00,C
4438,10739927360.00,2
4439,10739938200.00,2
4440,10739949040.00,7
4441,10739959880.00,4
4442,10739970760.00,6
4443,10739981600.00,5
4444,10739992440.00,7
4445,10740003280.00,8
4446,10740014120.00,7
4447,10740025000.00,4
4448,10740035840.00,2
4449,10740046680.00,2
4450,10740057520.00,3
4451,10740068360.00,A
4452,10740079240.00,2
4453,10740090080.00,2
4454,10740100920.00,E
4455,10740111760.00,4
4456,10740122640.00,B
4457,10740133480.00,D
4458,10740144320.00,A
4459,10740155160.00,0
4460,10740166000.00,E
4461,10740176840.00,5
4462,10740187720.00,A
4463,10740198560.00,5
4464,10740209400.00,B
4465,10740220240.00,D
4466,10740231080.00,E
4467,10740241960.00,3
4468,10740252800.00,8
4469,10740263640.00,0
4470,10740274480.00,8
4471,10740285320.00,2
4472,10740296200.00,2
4473,10740307040.00,2
4474,10740317880.00,2
4475,10740328720.00,C
4476,10740339600.00,2
4477,10740350440.00,2
4478,10740361280.00,7
4479,10740372120.00,3
4480,10740382960.00,6
4481,10740393800.00,5
4482,10740404680.00,7
4483,10740415520.00,3
4484,10740426360.00,7
4485,10740437200.00,3
4486,10740448040.00,6
4487,10740458920.00,9
4488,10740469760.00,6
4489,10740480600.00,F
4490,10740491440.00,6
4491,10740502280.00,E
4492,10740513160.00,5
4493,10740524000.00,F
4494,10740534840.00,6
4495,10740545680.00,9
4496,10740556560.00,6
4497,10740567400.00,4
4498,10740578240.00,2
4499,10740589080.00,2
4500,10740599920.00,3
4501,10740610760.00,A
4502,10740621640.00,2
4503,10740632480.00,2
4504,10740643320.00,3
4505,10740654160.00,3
4506,10740665000.00,6
4507,10740675880.00,6
4508,10740686720.00,3
4509,10740697560.00,2
4510,10740708400.00,6
4511,10740719240.00,6
4512,10740730120.00,3
4513,10740740960.00,3
4514,10740751800.00,3
4515,10740762640.00,7
4516,10740773520.00,3
4517,10740784360.00,8
4518,10740795200.00,6
4519,10740806040.00,1
4520,10740816880.00,2
4521,10740827720.00,2
4522,10740838600.00,7
4523,10740849440.00,D
4524,10740860280.00,[0D]
4525,10740871120.00,[0A]
4526,11022490040.00,[0D]
4527,11022500920.00,[0A]
4528,11022511760.00,+
4529,11022522600.00,M
4530,11022533440.00,I
4531,11022544280.00,P
4532,11022555160.00,U
4533,11022566000.00,R
4534,11022576840.00,C
4535,11022587680.00,:
4536,11022598520.00,[20]
4537,11022609400.00,"
4538,11022620240.00,r
4539,11022631080.00,t
4540,11022641920.00,c
4541,11022652760.00,p
4542,11022663640.00,"
4543,11022674480.00,,
4544,11022685320.00,0
4545,11022696160.00,,
4546,11022707000.00,7
4547,11022717880.00,2
4548,11022728720.00,,
4549,11022739560.00,8
4550,11022750400.00,1
4551,11022761240.00,4
4552,11022772120.00,6
4553,11022782960.00,7
4554,11022793800.00,B
4555,11022804640.00,2
4556,11022815480.00,2
4557,11022826360.00,7
4558,11022837200.00,4
4559,11022848040.00,7
4560,11022858880.00,9
4561,11022869720.00,7
4562,11022880600.00,0
4563,11022891440.00,6
4564,11022902280.00,5
4565,11022913120.00,2
4566,11022923960.00,2
4567,11022934840.00,3
4568,11022945680.00,A
4569,11022956520.00,2
4570,11022967360.00,2
4571,11022978200.00,6
4572,11022989080.00,C
4573,11022999920.00,6
4574,11023010760.00,C
4575,11023021600.00,6
4576,11023032440.00,D
4577,11023043320.00,2
4578,11023054160.00,2
4579,11023065000.00,2
4580,11023075840.00,C
4581,11023086680.00,2
4582,11023097560.00,2
4583,11023108400.00,7
4584,11023119240.00,4
4585,11023130080.00,6
4586,11023140920.00,5
4587,11023151800.00,7
4588,11023162640.00,8
4589,11023173480.00,7
4590,11023184320.00,4
4591,11023195160.00,2
4592,11023206040.00,2
4593,11023216880.00,3
4594,11023227720.00,A
4595,11023238560.00,2
4596,11023249400.00,2
4597,11023260280.00,F
4598,11023271120.00,0
4599,11023281960.00,9
4600,11023292800.00,F
4601,11023303640.00,9
4602,11023314520.00,8
4603,11023325360.00,8
4604,11023336200.00,A
4605,11023347040.00,2
4606,11023357880.00,2
4607,11023368760.00,2
4608,11023379600.00,C
4609,11023390440.00,2
4610,11023401280.00,2
4611,11023412120.00,6
4612,11023423000.00,5
4613,11023433840.00,6
4614,11023444680.00,D
4615,11023455520.00,6
4616,11023466360.00,F
4617,11023477240.00,7
4618,11023488080.00,4
4619,11023498920.00,6
4620,11023509760.00,9
4621,11023520600.00,6
4622,11023531480.00,F
4623,11023542320.00,6
4624,11023553160.00,E
4625,11023564000.00,2
4626,11023574840.00,2
4627,11023585720.00,3
4628,11023596560.00,A
4629,11023607400.00,2
4630,11023618240.00,2
4631,11023629080.00,6
4632,11023639960.00,8
4633,11023650800.00,6
4634,11023661640.00,1
4635,11023672480.00,7
4636,11023683320.00,0
4637,11023694200.00,7
4638,11023705040.00,0
4639,11023715880.00,7
4640,11023726720.00,9
4641,11023737560.00,2
4642,11023748440.00,2
4643,11023759280.00,2
4644,11023770120.00,C
4645,11023780960.00,2
4646,11023791800.00,2
4647,11023802680.00,7
4648,11023813520.00,3
4649,11023824360.00,6
4650,11023835200.00,5
4651,11023846080.00,7
4652,11023856920.00,3
4653,11023867760.00,7
4654,11023878600.00,3
4655,11023889440.00,6
4656,11023900280.00,9
4657,11023911160.00,6
4658,11023922000.00,F
4659,11023932840.00,6
4660,11023943680.00,E
4661,11023954520.00,5
4662,11023965400.00,F
4663,11023976240.00,6
4664,11023987080.00,9
4665,11023997920.00,6
4666,11024008760.00,4
4667,11024019640.00,2
4668,11024030480.00,2
4669,11024041320.00,3
4670,11024052160.00,A
4671,11024063040.00,2
4672,11024073880.00,2
4673,11024084720.00,3
4674,11024095560.00,3
4675,11024106400.00,6
4676,11024117240.00,6
4677,11024128120.00,3
4678,11024138960.00,2
4679,11024149800.00,6
4680,11024160640.00,6
4681,11024171480.00,3
4682,11024182360.00,3
4683,11024193200.00,3
4684,11024204040.00,7
4685,11024214880.00,3
4686,11024225720.00,8
4687,11024236600.00,6
4688,11024247440.00,1
4689,11024258280.00,2
4690,11024269120.00,2
4691,11024280000.00,7
4692,11024290840.00,D
4693,11024301680.00,[0D]
4694,11024312520.00,[0A]
4695,11122761560.00,[0D]
4696,11122772400.00,[0A]
4697,11122783240.00,+
4698,11122794080.00,M
4699,11122804920.00,I
4700,11122815800.00,P
4701,11122826640.00,U
4702,11122837480.00,R
4703,11122848320.00,C
4704,11122859160.00,:
4705,11122870040.00,[20]
4706,11122880880.00,"
4707,11122891720.00,r
4708,11122902560.00,t
4709,11122913400.00,c
4710,11122924280.00,p
4711,11122935120.00,"
4712,11122945960.00,,
4713,11122956800.00,0
4714,11122967640.00,,
4715,11122978520.00,1
4716,11122989360.00,1
4717,11123000200.00,1
4718,11123011040.00,,
4719,11123021880.00,8
4720,11123032760.00,1
4721,11123043600.00,6
4722,11123054440.00,D
4723,11123065280.00,7
4724,11123076120.00,B
4725,11123087000.00,2
4726,11123097840.00,2
4727,11123108680.00,7
4728,11123119520.00,4
4729,11123130360.00,7
4730,11123141240.00,9
4731,11123152080.00,7
4732,11123162920.00,0
4733,11123173760.00,6
4734,11123184600.00,5
4735,11123195480.00,2
4736,11123206320.00,2
4737,11123217160.00,3
4738,11123228000.00,A
4739,11123238840.00,2
4740,11123249720.00,2
4741,11123260560.00,7
4742,11123271400.00,4
4743,11123282240.00,7
4744,11123293080.00,4
4745,11123303960.00,7
4746,11123314800.00,3
4747,11123325640.00,2
4748,11123336480.00,2
4749,11123347320.00,2
4750,11123358200.00,C
4751,11123369040.00,2
4752,11123379880.00,2
4753,11123390720.00,7
4754,11123401560.00,3
4755,11123412440.00,7
4756,11123423280.00,4
4757,11123434120.00,6
4758,11123444960.00,1
4759,11123455800.00,7
4760,11123466680.00,4
4761,11123477520.00,6
4762,11123488360.00,5
4763,11123499200.00,2
4764,11123510040.00,2
4765,11123520920.00,3
4766,11123531760.00,A
4767,11123542600.00,2
4768,11123553440.00,2
4769,11123564320.00,7
4770,11123575160.00,3
4771,11123586000.00,6
4772,11123596840.00,5
4773,11123607680.00,6
4774,11123618520.00,E
4775,11123629400.00,7
4776,11123640240.00,4
4777,11123651080.00,6
4778,11123661920.00,5
4779,11123672760.00,6
4780,11123683640.00,E
4781,11123694480.00,6
4782,11123705320.00,3
4783,11123716160.00,6
4784,11123727000.00,5
4785,11123737880.00,5
4786,11123748720.00,F
4787,11123759560.00,7
4788,11123770400.00,3
4789,11123781280.00,7
4790,11123792120.00,4
4791,11123802960.00,6
4792,11123813800.00,1
4793,11123824640.00,7
4794,11123835480.00,2
4795,11123846360.00,7
4796,11123857200.00,4
4797,11123868040.00,2
4798,11123878880.00,2
4799,11123889720.00,2
4800,11123900600.00,C
4801,11123911440.00,2
4802,11123922280.00,2
4803,11123933120.00,7
4804,11123943960.00,4
4805,11123954840.00,6
4806,11123965680.00,5
4807,11123976520.00,7
4808,11123987360.00,8
4809,11123998240.00,7
4810,11124009080.00,4
4811,11124019920.00,2
4812,11124030760.00,2
4813,11124041600.00,3
4814,11124052440.00,A
4815,11124063320.00,2
4816,11124074160.00,2
4817,11124085000.00,E
4818,11124095840.00,4
4819,11124106680.00,B
4820,11124117560.00,D
4821,11124128400.00,A
4822,11124139240.00,0
4823,11124150080.00,E
4824,11124160920.00,5
4825,11124171800.00,A
4826,11124182640.00,5
4827,11124193480.00,B
4828,11124204320.00,D
4829,11124215200.00,E
4830,11124226040.00,5
4831,11124236880.00,9
4832,11124247720.00,1
4833,11124258560.00,8
4834,11124269440.00,0
4835,11124280280.00,E
4836,11124291120.00,F
4837,11124301960.00,B
4838,11124312800.00,C
4839,11124323640.00,8
4840,11124334520.00,C
4841,11124345360.00,E
4842,11124356200.00,4
4843,11124367040.00,B
4844,11124377880.00,B
4845,11124388760.00,8
4846,11124399600.00,A
4847,11124410440.00,E
4848,11124421280.00,5
4849,11124432160.00,A
4850,11124443000.00,4
4851,11124453840.00,A
4852,11124464680.00,9
4853,11124475520.00,E
4854,11124486400.00,8
4855,11124497240.00,B
4856,11124508080.00,F
4857,11124518920.00,8
4858,11124529760.00,7
4859,11124540600.00,E
4860,11124551480.00,5
4861,11124562320.00,B
4862,11124573160.00,E
4863,11124584000.00,9
4864,11124594840.00,7
4865,11124605720.00,E
4866,11124616560.00,6
4867,11124627400.00,8
4868,11124638240.00,0
4869,11124649120.00,8
4870,11124659960.00,E
4871,11124670800.00,E
4872,11124681640.00,4
4873,11124692480.00,B
4874,11124703360.00,9
4875,11124714200.00,8
4876,11124725040.00,8
4877,11124735880.00,E
4878,11124746720.00,6
4879,11124757560.00,A
4880,11124768440.00,0
4881,11124779280.00,B
4882,11124790120.00,7
4883,11124800960.00,E
4884,11124811800.00,F
4885,11124822680.00,B
4886,11124833520.00,C
4887,11124844360.00,9
4888,11124855200.00,F
4889,11124866080.00,2
4890,11124876920.00,2
4891,11124887760.00,2
4892,11124898600.00,C
4893,11124909440.00,2
4894,11124920320.00,2
4895,11124931160.00,7
4896,11124942000.00,3
4897,11124952840.00,6
4898,11124963680.00,5
4899,11124974520.00,7
4900,11124985400.00,3
4901,11124996240.00,7
4902,11125007080.00,3
4903,11125017920.00,6
4904,11125028760.00,9
4905,11125039640.00,6
4906,11125050480.00,F
4907,11125061320.00,6
4908,11125072160.00,E
4909,11125083040.00,5
4910,11125093880.00,F
4911,11125104720.00,6
4912,11125115560.00,9
4913,11125126400.00,6
4914,11125137280.00,4
4915,11125148120.00,2
4916,11125158960.00,2
4917,11125169800.00,3
4918,11125180640.00,A
4919,11125191480.00,2
4920,11125202360.00,2
4921,11125213200.00,3
4922,11125224040.00,3
4923,11125234880.00,6
4924,11125245720.00,6
4925,11125256600.00,3
4926,11125267440.00,2
4927,11125278280.00,6
4928,11125289120.00,6
4929,11125300000.00,3
4930,11125310840.00,3
4931,11125321680.00,3
4932,11125332520.00,7
4933,11125343360.00,3
4934,11125354240.00,8
4935,11125365080.00,6
4936,11125375920.00,1
4937,11125386760.00,2
4938,11125397600.00,2
4939,11125408480.00,7
4940,11125419320.00,D
4941,11125430160.00,[0D]
4942,11125441000.00,[0A]
4943,11350070960.00,[0D]
4944,11350081800.00,[0A]
4945,11350092640.00,+
4946,11350103480.00,M
4947,11350114320.00,I
4948,11350125200.00,P
4949,11350136040.00,U
4950,11350146880.00,R
4951,11350157720.00,C
4952,11350168560.00,:
4953,11350179440.00,[20]
4954,11350190280.00,"
4955,11350201120.00,r
4956,11350211960.00,t
4957,11350222800.00,c
4958,11350233640.00,p
4959,11350244520.00,"
4960,11350255360.00,,
4961,11350266200.00,0
4962,11350277040.00,,
4963,11350287920.00,1
4964,11350298760.00,1
4965,11350309600.00,9
4966,11350320440.00,,
4967,11350331280.00,8
4968,11350342160.00,2
4969,11350353000.00,7
4970,11350363840.00,5
4971,11350374680.00,0
4972,11350385520.00,0
4973,11350396400.00,0
4974,11350407240.00,0
4975,11350418080.00,0
4976,11350428920.00,0
4977,11350439760.00,7
4978,11350450640.00,1
4979,11350461480.00,6
4980,11350472320.00,B
4981,11350483160.00,8
4982,11350494000.00,3
4983,11350504880.00,2
4984,11350515720.00,A
4985,11350526560.00,2
4986,11350537400.00,0
4987,11350548240.00,0
4988,11350559120.00,C
4989,11350569960.00,2
4990,11350580800.00,7
4991,11350591640.00,0
4992,11350602480.00,F
4993,11350613360.00,8
4994,11350624200.00,7
4995,11350635040.00,9
4996,11350645880.00,1
4997,11350656720.00,C
4998,11350667600.00,0
4999,11350678440.00,2
5000,11350689280.00,4
5001,11350700120.00,0
5002,11350710960.00,E
5003,11350721840.00,B
5004,11350732680.00,6
5005,11350743520.00,D
5006,11350754360.00,A
5007,11350765200.00,D
5008,11350776080.00,7
5009,11350786920.00,0
5010,11350797760.00,0
5011,11350808600.00,0
5012,11350819440.00,2
5013,11350830320.00,A
5014,11350841160.00,2
5015,11350852000.00,D
5016,11350862840.00,6
5017,11350873680.00,4
5018,11350884560.00,D
5019,11350895400.00,6
5020,11350906240.00,8
5021,11350917080.00,9
5022,11350927920.00,E
5023,11350938800.00,6
5024,11350949640.00,1
5025,11350960480.00,B
5026,11350971320.00,7
5027,11350982160.00,D
5028,11350993040.00,8
5029,11351003880.00,C
5030,11351014720.00,0
5031,11351025560.00,5
5032,11351036400.00,3
5033,11351047280.00,E
5034,11351058120.00,B
5035,11351068960.00,2
5036,11351079800.00,D
5037,11351090640.00,6
5038,11351101520.00,6
5039,11351112360.00,C
5040,11351123200.00,A
5041,11351134040.00,D
5042,11351144880.00,9
5043,11351155760.00,A
5044,11351166600.00,B
5045,11351177440.00,7
5046,11351188280.00,A
5047,11351199120.00,D
5048,11351210000.00,B
5049,11351220840.00,0
5050,11351231680.00,5
5051,11351242520.00,6
5052,11351253360.00,1
5053,11351264240.00,B
5054,11351275080.00,E
5055,11351285920.00,8
5056,11351296760.00,2
5057,11351307600.00,C
5058,11351318480.00,C
5059,11351329320.00,D
5060,11351340160.00,C
5061,11351351000.00,0
5062,11351361840.00,9
5063,11351372720.00,8
5064,11351383560.00,7
5065,11351394400.00,D
5066,11351405240.00,8
5067,11351416080.00,4
5068,11351426960.00,2
5069,11351437800.00,2
5070,11351448640.00,2
5071,11351459480.00,0
5072,11351470320.00,B
5073,11351481200.00,5
5074,11351492040.00,F
5075,11351502880.00,C
5076,11351513720.00,2
5077,11351524560.00,4
5078,11351535440.00,3
5079,11351546280.00,D
5080,11351557120.00,B
5081,11351567960.00,C
5082,11351578800.00,5
5083,11351589680.00,9
5084,11351600520.00,E
5085,11351611360.00,5
5086,11351622200.00,3
5087,11351633040.00,E
5088,11351643920.00,5
5089,11351654760.00,1
5090,11351665600.00,8
5091,11351676440.00,9
5092,11351687280.00,1
5093,11351698160.00,7
5094,11351709000.00,E
5095,11351719840.00,5
5096,11351730680.00,6
5097,11351741520.00,7
5098,11351752400.00,E
5099,11351763240.00,6
5100,11351774080.00,B
5101,11351784920.00,D
5102,11351795760.00,6
5103,11351806640.00,5
5104,11351817480.00,1
5105,11351828320.00,7
5106,11351839160.00,E
5107,11351850040.00,1
5108,11351860880.00,B
5109,11351871720.00,F
5110,11351882560.00,A
5111,11351893400.00,3
5112,11351904240.00,F
5113,11351915120.00,B
5114,11351925960.00,E
5115,11351936800.00,7
5116,11351947640.00,4
5117,11351958480.00,0
5118,11351969360.00,2
5119,11351980200.00,9
5120,11351991040.00,0
5121,11352001880.00,6
5122,11352012720.00,7
5123,11352023600.00,1
5124,11352034440.00,1
5125,11352045280.00,A
5126,11352056120.00,D
5127,11352067000.00,8
5128,11352077840.00,A
5129,11352088680.00,0
5130,11352099520.00,D
5131,11352110360.00,1
5132,11352121200.00,5
5133,11352132080.00,6
5134,11352142920.00,9
5135,11352153760.00,0
5136,11352164600.00,B
5137,11352175440.00,5
5138,11352186320.00,F
5139,11352197160.00,B
5140,11352208000.00,4
5141,11352218840.00,1
5142,11352229680.00,B
5143,11352240560.00,B
5144,11352251400.00,3
5145,11352262240.00,3
5146,11352273080.00,8
5147,11352283960.00,F
5148,11352294800.00,0
5149,11352305640.00,2
5150,11352316480.00,C
5151,11352327320.00,6
5152,11352338160.00,F
5153,11352349040.00,B
5154,11352359880.00,5
5155,11352370720.00,9
5156,11352381560.00,2
5157,11352392400.00,6
5158,11352403280.00,3
5159,11352414120.00,6
5160,11352424960.00,8
5161,11352435800.00,7
5162,11352446640.00,D
5163,11352457520.00,B
5164,11352468360.00,1
5165,11352479200.00,6
5166,11352490040.00,1
5167,11352500920.00,2
5168,11352511760.00,F
5169,11352522600.00,B
5170,11352533440.00,4
5171,11352544280.00,C
5172,11352555160.00,C
5173,11352566000.00,B
5174,11352576840.00,9
5175,11352587680.00,3
5176,11352598520.00,0
5177,11352609360.00,B
5178,11352620240.00,8
5179,11352631080.00,E
5180,11352641920.00,9
5181,11352652760.00,3
5182,11352663600.00,F
5183,11352674480.00,2
5184,11352685320.00,C
5185,11352696160.00,F
5186,11352707000.00,1
5187,11352717880.00,3
5188,11352728720.00,5
5189,11352739560.00,D
5190,11352750400.00,E
5191,11352761240.00,C
5192,11352772120.00,2
5193,11352782960.00,D
5194,11352793800.00,F
5195,11352804640.00,9
5196,11352815480.00,E
5197,11352826320.00,C
5198,11352837200.00,9
5199,11352848040.00,6
5200,11352858880.00,B
5201,11352869720.00,3
5202,11352880560.00,B
5203,11352891440.00,9
5204,11352902280.00,F
5205,11352913120.00,[0D]
5206,11352923960.00,[0A]
5207,11368716520.00,[0D]
5208,11368727360.00,[0A]
5209,11368738200.00,+
5210,11368749080.00,M
5211,11368759920.00,I
5212,11368770760.00,P
5213,11368781600.00,U
5214,11368792440.00,R
5215,11368803320.00,C
5216,11368814160.00,:
5217,11368825000.00,[20]
5218,11368835840.00,"
5219,11368846680.00,r
5220,11368857520.00,t
5221,11368868400.00,c
5222,11368879240.00,p
5223,11368890080.00,"
5224,11368900920.00,,
5225,11368911800.00,0
5226,11368922640.00,,
5227,11368933480.00,1
5228,11368944320.00,3
5229,11368955160.00,8
5230,11368966040.00,,
5231,11368976880.00,8
5232,11368987720.00,2
5233,11368998560.00,7
5234,11369009400.00,E
5235,11369020280.00,0
5236,11369031120.00,0
5237,11369041960.00,8
5238,11369052800.00,6
5239,11369063640.00,0
5240,11369074480.00,0
5241,11369085360.00,0
5242,11369096200.00,0
5243,11369107040.00,0
5244,11369117880.00,0
5245,11369128760.00,8
5246,11369139600.00,2
5247,11369150440.00,6
5248,11369161280.00,B
5249,11369172120.00,8
5250,11369183000.00,3
5251,11369193840.00,2
5252,11369204680.00,6
5253,11369215520.00,2
5254,11369226360.00,8
5255,11369237240.00,0
5256,11369248080.00,B
5257,11369258920.00,6
5258,11369269760.00,0
5259,11369280600.00,8
5260,11369291440.00,5
5261,11369302320.00,D
5262,11369313160.00,C
5263,11369324000.00,B
5264,11369334840.00,9
5265,11369345720.00,C
5266,11369356560.00,0
5267,11369367400.00,5
5268,11369378240.00,C
5269,11369389080.00,9
5270,11369399960.00,6
5271,11369410800.00,5
5272,11369421640.00,A
5273,11369432480.00,0
5274,11369443320.00,C
5275,11369454200.00,5
5276,11369465040.00,8
5277,11369475880.00,0
5278,11369486720.00,C
5279,11369497560.00,3
5280,11369508400.00,9
5281,11369519280.00,9
5282,11369530120.00,5
5283,11369540960.00,1
5284,11369551800.00,5
5285,11369562680.00,C
5286,11369573520.00,D
5287,11369584360.00,D
5288,11369595200.00,3
5289,11369606040.00,8
5290,11369616920.00,8
5291,11369627760.00,1
5292,11369638600.00,8
5293,11369649440.00,D
5294,11369660280.00,7
5295,11369671160.00,B
5296,11369682000.00,6
5297,11369692840.00,7
5298,11369703680.00,8
5299,11369714520.00,C
5300,11369725360.00,9
5301,11369736240.00,7
5302,11369747080.00,4
5303,11369757920.00,8
5304,11369768760.00,3
5305,11369779640.00,9
5306,11369790480.00,8
5307,11369801320.00,2
5308,11369812160.00,3
5309,11369823000.00,E
5310,11369833880.00,6
5311,11369844720.00,1
5312,11369855560.00,0
5313,11369866400.00,C
5314,11369877240.00,F
5315,11369888120.00,F
5316,11369898960.00,E
5317,11369909800.00,5
5318,11369920640.00,0
5319,11369931480.00,6
5320,11369942320.00,8
5321,11369953200.00,F
5322,11369964040.00,7
5323,11369974880.00,E
5324,11369985720.00,D
5325,11369996600.00,8
5326,11370007440.00,7
5327,11370018280.00,2
5328,11370029120.00,B
5329,11370039960.00,A
5330,11370050840.00,0
5331,11370061680.00,0
5332,11370072520.00,B
5333,11370083360.00,6
5334,11370094200.00,0
5335,11370105080.00,0
5336,11370115920.00,7
5337,11370126760.00,1
5338,11370137600.00,9
5339,11370148440.00,4
5340,11370159320.00,6
5341,11370170160.00,5
5342,11370181000.00,1
5343,11370191840.00,7
5344,11370202680.00,A
5345,11370213560.00,5
5346,11370224400.00,9
5347,11370235240.00,7
5348,11370246080.00,3
5349,11370256920.00,1
5350,11370267800.00,5
5351,11370278640.00,4
5352,11370289480.00,7
5353,11370300320.00,A
5354,11370311160.00,3
5355,11370322040.00,7
5356,11370332880.00,0
5357,11370343720.00,6
5358,11370354560.00,0
5359,11370365400.00,1
5360,11370376280.00,2
5361,11370387120.00,2
5362,11370397960.00,8
5363,11370408800.00,0
5364,11370419640.00,B
5365,11370430520.00,6
5366,11370441360.00,6
5367,11370452200.00,2
5368,11370463040.00,3
5369,11370473880.00,E
5370,11370484760.00,6
5371,11370495600.00,7
5372,11370506440.00,F
5373,11370517280.00,5
5374,11370528120.00,4
5375,11370539000.00,E
5376,11370549840.00,8
5377,11370560680.00,D
5378,11370571520.00,5
5379,11370582360.00,0
5380,11370593240.00,7
5381,11370604080.00,2
5382,11370614920.00,5
5383,11370625760.00,5
5384,11370636600.00,5
5385,11370647480.00,3
5386,11370658320.00,3
5387,11370669160.00,2
5388,11370680000.00,C
5389,11370690840.00,7
5390,11370701720.00,4
5391,11370712560.00,7
5392,11370723400.00,0
5393,11370734240.00,C
5394,11370745080.00,B
5395,11370755960.00,3
5396,11370766800.00,1
5397,11370777640.00,7
5398,11370788480.00,5
5399,11370799320.00,7
5400,11370810200.00,3
5401,11370821040.00,9
5402,11370831880.00,3
5403,11370842720.00,E
5404,11370853560.00,4
5405,11370864440.00,3
5406,11370875280.00,F
5407,11370886120.00,5
5408,11370896960.00,2
5409,11370907800.00,7
5410,11370918680.00,0
5411,11370929520.00,0
5412,11370940360.00,C
5413,11370951200.00,4
5414,11370962040.00,5
5415,11370972920.00,F
5416,11370983760.00,F
5417,11370994600.00,5
5418,11371005440.00,6
5419,11371016280.00,C
5420,11371027160.00,2
5421,11371038000.00,B
5422,11371048840.00,4
5423,11371059680.00,2
5424,11371070520.00,A
5425,11371081400.00,D
5426,11371092240.00,0
5427,11371103080.00,7
5428,11371113920.00,9
5429,11371124760.00,7
5430,11371135640.00,D
5431,11371146480.00,2
5432,11371157320.00,C
5433,11371168160.00,0
5434,11371179000.00,7
5435,11371189880.00,7
5436,11371200720.00,2
5437,11371211560.00,2
5438,11371222400.00,0
5439,11371233240.00,C
5440,11371244120.00,F
5441,11371254960.00,1
5442,11371265800.00,E
5443,11371276640.00,E
5444,11371287480.00,D
5445,11371298360.00,B
5446,11371309200.00,0
5447,11371320040.00,D
5448,11371330880.00,3
5449,11371341720.00,9
5450,11371352600.00,C
5451,11371363440.00,B
5452,11371374280.00,6
5453,11371385120.00,9
5454,11371395960.00,C
5455,11371406840.00,E
5456,11371417680.00,F
5457,11371428520.00,2
5458,11371439360.00,4
5459,11371450200.00,7
5460,11371461080.00,A
5461,11371471920.00,4
5462,11371482760.00,6
5463,11371493600.00,4
5464,11371504440.00,3
5465,11371515320.00,A
5466,11371526160.00,3
5467,11371537000.00,4
5468,11371547840.00,9
5469,11371558680.00,D
5470,11371569560.00,A
5471,11371580400.00,9
5472,11371591240.00,E
5473,11371602080.00,F
5474,11371612920.00,B
5475,11371623800.00,8
5476,11371634640.00,D
5477,11371645480.00,4
5478,11371656320.00,6
5479,11371667160.00,D
5480,11371678040.00,D
5481,11371688880.00,8
5482,11371699720.00,5
5483,11371710560.00,2
5484,11371721400.00,1
5485,11371732280.00,9
5486,11371743120.00,8
5487,11371753960.00,8
5488,11371764800.00,6
5489,11371775640.00,B
5490,11371786520.00,6
5491,11371797360.00,E
5492,11371808200.00,B
5493,11371819040.00,3
5494,11371829880.00,9
5495,11371840760.00,8
5496,11371851600.00,3
5497,11371862440.00,0
5498,11371873280.00,7
5499,11371884120.00,5
5500,11371895000.00,5
5501,11371905840.00,5
5502,11371916680.00,8
5503,11371927520.00,6
5504,11371938360.00,C
5505,11371949240.00,A
5506,11371960080.00,9
5507,11371970920.00,[0D]
5508,11371981760.00,[0A]
5509,11391188200.00,[0D]
5510,11391199040.00,[0A]
5511,11391209880.00,+
5512,11391220720.00,M
5513,11391231560.00,I
5514,11391242440.00,P
5515,11391253280.00,U
5516,11391264120.00,R
5517,11391274960.00,C
5518,11391285800.00,:
5519,11391296680.00,[20]
5520,11391307520.00,"
5521,11391318360.00,r
5522,11391329200.00,t
5523,11391340040.00,c
5524,11391350920.00,p
5525,11391361760.00,"
5526,11391372600.00,,
5527,11391383440.00,0
5528,11391394320.00,,
5529,11391405160.00,2
5530,11391416000.00,4
5531,11391426840.00,3
5532,11391437680.00,,
5533,11391448520.00,8
5534,11391459400.00,2
5535,11391470240.00,7
5536,11391481080.00,E
5537,11391491920.00,0
5538,11391502760.00,0
5539,11391513640.00,E
5540,11391524480.00,F
5541,11391535320.00,0
5542,11391546160.00,0
5543,11391557000.00,0
5544,11391567880.00,0
5545,11391578720.00,0
5546,11391589560.00,0
5547,11391600400.00,E
5548,11391611280.00,B
5549,11391622120.00,6
5550,11391632960.00,B
5551,11391643800.00,8
5552,11391654640.00,3
5553,11391665480.00,4
5554,11391676360.00,1
5555,11391687200.00,5
5556,11391698040.00,8
5557,11391708880.00,8
5558,11391719720.00,6
5559,11391730600.00,2
5560,11391741440.00,4
5561,11391752280.00,3
5562,11391763120.00,8
5563,11391773960.00,9
5564,11391784840.00,D
5565,11391795680.00,C
5566,11391806520.00,2
5567,11391817360.00,C
5568,11391828240.00,B
5569,11391839080.00,5
5570,11391849920.00,9
5571,11391860760.00,5
5572,11391871600.00,2
5573,11391882440.00,4
5574,11391893320.00,3
5575,11391904160.00,A
5576,11391915000.00,4
5577,11391925840.00,1
5578,11391936680.00,F
5579,11391947560.00,3
5580,11391958400.00,1
5581,11391969240.00,F
5582,11391980080.00,D
5583,11391990920.00,2
5584,11392001800.00,E
5585,11392012640.00,B
5586,11392023480.00,C
5587,11392034320.00,A
5588,11392045200.00,A
5589,11392056040.00,E
5590,11392066880.00,4
5591,11392077720.00,D
5592,11392088560.00,F
5593,11392099440.00,F
5594,11392110280.00,A
5595,11392121120.00,6
5596,11392131960.00,6
5597,11392142800.00,5
5598,11392153640.00,E
5599,11392164520.00,2
5600,11392175360.00,9
5601,11392186200.00,5
5602,11392197040.00,1
5603,11392207880.00,3
5604,11392218760.00,5
5605,11392229600.00,2
5606,11392240440.00,F
5607,11392251280.00,6
5608,11392262160.00,F
5609,11392273000.00,F
5610,11392283840.00,8
5611,11392294680.00,3
5612,11392305520.00,4
5613,11392316400.00,0
5614,11392327240.00,D
5615,11392338080.00,6
5616,11392348920.00,E
5617,11392359760.00,3
5618,11392370600.00,4
5619,11392381480.00,9
5620,11392392320.00,2
5621,11392403160.00,5
5622,11392414000.00,C
5623,11392424840.00,C
5624,11392435720.00,9
5625,11392446560.00,4
5626,11392457400.00,0
5627,11392468240.00,0
5628,11392479120.00,3
5629,11392489960.00,3
5630,11392500800.00,2
5631,11392511640.00,3
5632,11392522480.00,5
5633,11392533360.00,B
5634,11392544200.00,C
5635,11392555040.00,8
5636,11392565880.00,7
5637,11392576720.00,0
5638,11392587560.00,2
5639,11392598440.00,0
5640,11392609280.00,E
5641,11392620120.00,4
5642,11392630960.00,4
5643,11392641800.00,B
5644,11392652680.00,B
5645,11392663520.00,E
5646,11392674360.00,C
5647,11392685200.00,E
5648,11392696080.00,1
5649,11392706920.00,1
5650,11392717760.00,B
5651,11392728600.00,D
5652,11392739440.00,3
5653,11392750320.00,9
5654,11392761160.00,D
5655,11392772000.00,F
5656,11392782840.00,D
5657,11392793680.00,D
5658,11392804560.00,4
5659,11392815400.00,7
5660,11392826240.00,9
5661,11392837080.00,A
5662,11392847920.00,8
5663,11392858760.00,3
5664,11392869640.00,B
5665,11392880480.00,F
5666,11392891320.00,3
5667,11392902160.00,D
5668,11392913040.00,1
5669,11392923880.00,3
5670,11392934720.00,2
5671,11392945560.00,1
5672,11392956400.00,5
5673,11392967280.00,B
5674,11392978120.00,8
5675,11392988960.00,F
5676,11392999800.00,3
5677,11393010640.00,5
5678,11393021520.00,C
5679,11393032360.00,A
5680,11393043200.00,6
5681,11393054040.00,8
5682,11393064880.00,B
5683,11393075720.00,F
5684,11393086600.00,A
5685,11393097440.00,E
5686,11393108280.00,E
5687,11393119120.00,9
5688,11393130000.00,A
5689,11393140840.00,6
5690,11393151680.00,E
5691,11393162520.00,0
5692,11393173360.00,A
5693,11393184240.00,D
5694,11393195080.00,B
5695,11393205920.00,4
5696,11393216760.00,F
5697,11393227600.00,B
5698,11393238480.00,E
5699,11393249320.00,F
5700,11393260160.00,D
5701,11393271000.00,C
5702,11393281840.00,8
5703,11393292680.00,1
5704,11393303560.00,C
5705,11393314400.00,D
5706,11393325240.00,A
5707,11393336080.00,D
5708,11393346960.00,9
5709,11393357800.00,7
5710,11393368640.00,0
5711,11393379480.00,E
5712,11393390320.00,B
5713,11393401200.00,1
5714,11393412040.00,1
5715,11393422880.00,D
5716,11393433720.00,2
5717,11393444560.00,6
5718,11393455440.00,D
5719,11393466280.00,0
5720,11393477120.00,8
5721,11393487960.00,E
5722,11393498800.00,0
5723,11393509640.00,8
5724,11393520520.00,B
5725,11393531360.00,A
5726,11393542200.00,6
5727,11393553040.00,E
5728,11393563920.00,4
5729,11393574760.00,F
5730,11393585600.00,A
5731,11393596440.00,F
5732,11393607280.00,1
5733,11393618160.00,8
5734,11393629000.00,3
5735,11393639840.00,D
5736,11393650680.00,5
5737,11393661520.00,5
5738,11393672400.00,B
5739,11393683240.00,6
5740,11393694080.00,D
5741,11393704920.00,C
5742,11393715760.00,B
5743,11393726600.00,2
5744,11393737480.00,5
5745,11393748320.00,E
5746,11393759160.00,2
5747,11393770000.00,7
5748,11393780880.00,5
5749,11393791720.00,1
5750,11393802560.00,C
5751,11393813400.00,5
5752,11393824240.00,0
5753,11393835120.00,3
5754,11393845960.00,F
5755,11393856800.00,D
5756,11393867640.00,1
5757,11393878480.00,C
5758,11393889360.00,F
5759,11393900200.00,5
5760,11393911040.00,C
5761,11393921880.00,D
5762,11393932720.00,7
5763,11393943560.00,3
5764,11393954440.00,4
5765,11393965280.00,3
5766,11393976120.00,5
5767,11393986960.00,5
5768,11393997840.00,D
5769,11394008680.00,3
5770,11394019520.00,9
5771,11394030360.00,3
5772,11394041200.00,6
5773,11394052080.00,D
5774,11394062920.00,0
5775,11394073760.00,0
5776,11394084600.00,D
5777,11394095440.00,7
5778,11394106320.00,4
5779,11394117160.00,D
5780,11394128000.00,A
5781,11394138840.00,0
5782,11394149680.00,6
5783,11394160520.00,3
5784,11394171400.00,7
5785,11394182240.00,E
5786,11394193080.00,8
5787,11394203920.00,0
5788,11394214800.00,5
5789,11394225640.00,5
5790,11394236480.00,E
5791,11394247320.00,6
5792,11394258160.00,6
5793,11394269040.00,4
5794,11394279880.00,5
5795,11394290720.00,1
5796,11394301560.00,8
5797,11394312400.00,5
5798,11394323280.00,B
5799,11394334120.00,0
5800,11394344960.00,D
5801,11394355800.00,A
5802,11394366640.00,4
5803,11394377520.00,1
5804,11394388360.00,2
5805,11394399200.00,2
5806,11394410040.00,B
5807,11394420880.00,E
5808,11394431760.00,4
5809,11394442600.00,7
5810,11394453440.00,9
5811,11394464280.00,F
5812,11394475120.00,6
5813,11394486000.00,0
5814,11394496840.00,9
5815,11394507680.00,5
5816,11394518520.00,5
5817,11394529360.00,B
5818,11394540240.00,4
5819,11394551080.00,E
5820,11394561920.00,D
5821,11394572760.00,3
5822,11394583600.00,2
5823,11394594480.00,2
5824,11394605320.00,4
5825,11394616160.00,C
5826,11394627000.00,1
5827,11394637840.00,3
5828,11394648720.00,9
5829,11394659560.00,8
5830,11394670400.00,B
5831,11394681240.00,C
5832,11394692080.00,5
5833,11394702960.00,A
5834,11394713800.00,7
5835,11394724640.00,1
5836,11394735480.00,D
5837,11394746320.00,A
5838,11394757200.00,3
5839,11394768040.00,0
5840,11394778880.00,1
5841,11394789720.00,B
5842,11394800560.00,E
5843,11394811440.00,B
5844,11394822280.00,5
5845,11394833120.00,D
5846,11394843960.00,4
5847,11394854800.00,7
5848,11394865680.00,3
5849,11394876520.00,7
5850,11394887360.00,7
5851,11394898200.00,0
5852,11394909040.00,F
5853,11394919920.00,1
5854,11394930760.00,F
5855,11394941600.00,7
5856,11394952440.00,9
5857,11394963280.00,9
5858,11394974160.00,0
5859,11394985000.00,E
5860,11394995840.00,5
5861,11395006680.00,9
5862,11395017520.00,2
5863,11395028400.00,A
5864,11395039240.00,4
5865,11395050080.00,5
5866,11395060920.00,D
5867,11395071760.00,9
5868,11395082640.00,0
5869,11395093480.00,7
5870,11395104320.00,F
5871,11395115160.00,5
5872,11395126000.00,D
5873,11395136880.00,2
5874,11395147720.00,8
5875,11395158560.00,0
5876,11395169400.00,F
5877,11395180240.00,F
5878,11395191120.00,8
5879,11395201960.00,8
5880,11395212800.00,2
5881,11395223640.00,5
5882,11395234480.00,F
5883,11395245360.00,3
5884,11395256200.00,1
5885,11395267040.00,2
5886,11395277880.00,B
5887,11395288720.00,9
5888,11395299600.00,A
5889,11395310440.00,9
5890,11395321280.00,7
5891,11395332120.00,B
5892,11395342960.00,3
5893,11395353840.00,D
5894,11395364680.00,6
5895,11395375520.00,9
5896,11395386360.00,3
5897,11395397200.00,F
5898,11395408080.00,5
5899,11395418920.00,A
5900,11395429760.00,B
5901,11395440600.00,A
5902,11395451440.00,E
5903,11395462320.00,D
5904,11395473160.00,4
5905,11395484000.00,3
5906,11395494840.00,F
5907,11395505680.00,6
5908,11395516560.00,9
5909,11395527400.00,D
5910,11395538240.00,A
5911,11395549080.00,F
5912,11395559920.00,C
5913,11395570800.00,B
5914,11395581640.00,9
5915,11395592480.00,5
5916,11395603320.00,3
5917,11395614160.00,8
5918,11395625040.00,B
5919,11395635880.00,D
5920,11395646720.00,0
5921,11395657560.00,B
5922,11395668400.00,5
5923,11395679280.00,C
5924,11395690120.00,F
5925,11395700960.00,7
5926,11395711800.00,3
5927,11395722640.00,A
5928,11395733520.00,8
5929,11395744360.00,3
5930,11395755200.00,4
5931,11395766040.00,A
5932,11395776920.00,2
5933,11395787760.00,2
5934,11395798600.00,1
5935,11395809440.00,1
5936,11395820280.00,2
5937,11395831120.00,2
5938,11395842000.00,6
5939,11395852840.00,D
5940,11395863680.00,4
5941,11395874520.00,6
5942,11395885360.00,F
5943,11395896240.00,A
5944,11395907080.00,4
5945,11395917920.00,6
5946,11395928760.00,3
5947,11395939600.00,3
5948,11395950480.00,5
5949,11395961320.00,3
5950,11395972160.00,D
5951,11395983000.00,A
5952,11395993880.00,D
5953,11396004720.00,E
5954,11396015560.00,8
5955,11396026400.00,1
5956,11396037240.00,7
5957,11396048080.00,A
5958,11396058960.00,F
5959,11396069800.00,9
5960,11396080640.00,1
5961,11396091480.00,B
5962,11396102320.00,6
5963,11396113200.00,7
5964,11396124040.00,E
5965,11396134880.00,5
5966,11396145720.00,6
5967,11396156560.00,7
5968,11396167440.00,8
5969,11396178280.00,9
5970,11396189120.00,7
5971,11396199960.00,B
5972,11396210840.00,D
5973,11396221680.00,B
5974,11396232520.00,D
5975,11396243360.00,C
5976,11396254200.00,9
5977,11396265040.00,8
5978,11396275920.00,B
5979,11396286760.00,F
5980,11396297600.00,D
5981,11396308440.00,5
5982,11396319280.00,0
5983,11396330160.00,E
5984,11396341000.00,9
5985,11396351840.00,2
5986,11396362680.00,9
5987,11396373520.00,D
5988,11396384400.00,F
5989,11396395240.00,6
5990,11396406080.00,C
5991,11396416920.00,D
5992,11396427800.00,A
5993,11396438640.00,A
5994,11396449480.00,7
5995,11396460320.00,C
5996,11396471160.00,3
5997,11396482000.00,C
5998,11396492880.00,F
5999,11396503720.00,8
6000,11396514560.00,9
6001,11396525400.00,E
6002,11396536240.00,3
6003,11396547120.00,0
6004,11396557960.00,A
6005,11396568800.00,A
6006,11396579640.00,4
6007,11396590480.00,E
6008,11396601360.00,E
6009,11396612200.00,A
6010,11396623040.00,7
6011,11396633880.00,E
6012,11396644760.00,6
6013,11396655600.00,5
6014,11396666440.00,6
6015,11396677280.00,2
6016,11396688120.00,A
6017,11396699000.00,2
6018,11396709840.00,9
6019,11396720680.00,[0D]
6020,11396731520.00,[0A]
6021,11412258280.00,[0D]
6022,11412269160.00,[0A]
6023,11412280000.00,+
6024,11412290840.00,M
6025,11412301680.00,I
6026,11412312520.00,P
6027,11412323400.00,U
6028,11412334240.00,R
6029,11412345080.00,C
6030,11412355920.00,:
6031,11412366760.00,[20]
6032,11412377640.00,"
6033,11412388480.00,r
6034,11412399320.00,t
6035,11412410160.00,c
6036,11412421000.00,p
6037,11412431840.00,"
6038,11412442720.00,,
6039,11412453560.00,0
6040,11412464400.00,,
6041,11412475240.00,2
6042,11412486120.00,1
6043,11412496960.00,6
6044,11412507800.00,,
6045,11412518640.00,8
6046,11412529480.00,2
6047,11412540360.00,7
6048,11412551200.00,E
6049,11412562040.00,0
6050,11412572880.00,0
6051,11412583720.00,D
6052,11412594600.00,4
6053,11412605440.00,0
6054,11412616280.00,0
6055,11412627120.00,0
6056,11412637960.00,0
6057,11412648800.00,0
6058,11412659680.00,0
6059,11412670520.00,D
6060,11412681360.00,0
6061,11412692200.00,6
6062,11412703080.00,B
6063,11412713920.00,8
6064,11412724760.00,3
6065,11412735600.00,4
6066,11412746440.00,2
6067,11412757320.00,4
6068,11412768160.00,3
6069,11412779000.00,B
6070,11412789840.00,5
6071,11412800680.00,2
6072,11412811560.00,3
6073,11412822400.00,8
6074,11412833240.00,7
6075,11412844080.00,0
6076,11412854920.00,8
6077,11412865760.00,2
6078,11412876640.00,D
6079,11412887480.00,6
6080,11412898320.00,B
6081,11412909160.00,8
6082,11412920040.00,8
6083,11412930880.00,6
6084,11412941720.00,B
6085,11412952560.00,1
6086,11412963400.00,8
6087,11412974280.00,0
6088,11412985120.00,D
6089,11412995960.00,A
6090,11413006800.00,F
6091,11413017640.00,D
6092,11413028520.00,A
6093,11413039360.00,0
6094,11413050200.00,B
6095,11413061040.00,C
6096,11413071880.00,4
6097,11413082720.00,4
6098,11413093600.00,D
6099,11413104440.00,D
6100,11413115280.00,3
6101,11413126120.00,C
6102,11413137000.00,6
6103,11413147840.00,3
6104,11413158680.00,4
6105,11413169520.00,5
6106,11413180360.00,F
6107,11413191240.00,4
6108,11413202080.00,2
6109,11413212920.00,5
6110,11413223760.00,3
6111,11413234600.00,4
6112,11413245480.00,8
6113,11413256320.00,E
6114,11413267160.00,8
6115,11413278000.00,8
6116,11413288840.00,D
6117,11413299720.00,4
6118,11413310560.00,1
6119,11413321400.00,A
6120,11413332240.00,9
6121,11413343080.00,C
6122,11413353960.00,3
6123,11413364800.00,F
6124,11413375640.00,1
6125,11413386480.00,3
6126,11413397320.00,B
6127,11413408200.00,9
6128,11413419040.00,4
6129,11413429880.00,1
6130,11413440720.00,2
6131,11413451560.00,3
6132,11413462440.00,6
6133,11413473280.00,3
6134,11413484120.00,1
6135,11413494960.00,9
6136,11413505800.00,9
6137,11413516640.00,1
6138,11413527520.00,9
6139,11413538360.00,1
6140,11413549200.00,0
6141,11413560040.00,D
6142,11413570920.00,C
6143,11413581760.00,2
6144,11413592600.00,9
6145,11413603440.00,5
6146,11413614280.00,4
6147,11413625160.00,9
6148,11413636000.00,9
6149,11413646840.00,F
6150,11413657680.00,B
6151,11413668520.00,7
6152,11413679400.00,D
6153,11413690240.00,E
6154,11413701080.00,6
6155,11413711920.00,7
6156,11413722760.00,A
6157,11413733640.00,E
6158,11413744480.00,B
6159,11413755320.00,1
6160,11413766160.00,7
6161,11413777000.00,A
6162,11413787880.00,2
6163,11413798720.00,6
6164,11413809560.00,9
6165,11413820400.00,1
6166,11413831240.00,7
6167,11413842120.00,A
6168,11413852960.00,A
6169,11413863800.00,F
6170,11413874640.00,7
6171,11413885480.00,6
6172,11413896360.00,0
6173,11413907200.00,9
6174,11413918040.00,0
6175,11413928880.00,9
6176,11413939720.00,0
6177,11413950600.00,0
6178,11413961440.00,A
6179,11413972280.00,A
6180,11413983120.00,9
6181,11413993960.00,6
6182,11414004840.00,D
6183,11414015680.00,5
6184,11414026520.00,C
6185,11414037360.00,1
6186,11414048200.00,B
6187,11414059080.00,6
6188,11414069920.00,6
6189,11414080760.00,7
6190,11414091600.00,1
6191,11414102440.00,A
6192,11414113320.00,C
6193,11414124160.00,D
6194,11414135000.00,4
6195,11414145840.00,D
6196,11414156680.00,F
6197,11414167560.00,C
6198,11414178400.00,5
6199,11414189240.00,7
6200,11414200080.00,C
6201,11414210920.00,B
6202,11414221800.00,5
6203,11414232640.00,1
6204,11414243480.00,A
6205,11414254320.00,2
6206,11414265160.00,2
6207,11414276040.00,2
6208,11414286880.00,7
6209,11414297720.00,B
6210,11414308560.00,8
6211,11414319400.00,9
6212,11414330280.00,6
6213,11414341120.00,2
6214,11414351960.00,6
6215,11414362800.00,6
6216,11414373640.00,5
6217,11414384520.00,C
6218,11414395360.00,6
6219,11414406200.00,D
6220,11414417040.00,D
6221,11414427880.00,6
6222,11414438760.00,3
6223,11414449600.00,3
6224,11414460440.00,5
6225,11414471280.00,A
6226,11414482120.00,9
6227,11414493000.00,E
6228,11414503840.00,F
6229,11414514680.00,7
6230,11414525520.00,0
6231,11414536360.00,7
6232,11414547240.00,C
6233,11414558080.00,E
6234,11414568920.00,1
6235,11414579760.00,1
6236,11414590600.00,F
6237,11414601480.00,1
6238,11414612320.00,2
6239,11414623160.00,5
6240,11414634000.00,0
6241,11414644840.00,0
6242,11414655720.00,0
6243,11414666560.00,9
6244,11414677400.00,C
6245,11414688240.00,1
6246,11414699080.00,B
6247,11414709960.00,C
6248,11414720800.00,6
6249,11414731640.00,0
6250,11414742480.00,6
6251,11414753320.00,8
6252,11414764200.00,8
6253,11414775040.00,6
6254,11414785880.00,0
6255,11414796720.00,8
6256,11414807560.00,8
6257,11414818440.00,3
6258,11414829280.00,8
6259,11414840120.00,7
6260,11414850960.00,2
6261,11414861800.00,D
6262,11414872680.00,A
6263,11414883520.00,7
6264,11414894360.00,1
6265,11414905200.00,3
6266,11414916040.00,D
6267,11414926920.00,E
6268,11414937760.00,4
6269,11414948600.00,5
6270,11414959440.00,D
6271,11414970280.00,7
6272,11414981160.00,A
6273,11414992000.00,3
6274,11415002840.00,6
6275,11415013680.00,6
6276,11415024520.00,1
6277,11415035400.00,5
6278,11415046240.00,E
6279,11415057080.00,2
6280,11415067920.00,9
6281,11415078760.00,A
6282,11415089640.00,A
6283,11415100480.00,A
6284,11415111320.00,E
6285,11415122160.00,D
6286,11415133040.00,7
6287,11415143880.00,5
6288,11415154720.00,B
6289,11415165560.00,D
6290,11415176400.00,E
6291,11415187240.00,3
6292,11415198120.00,2
6293,11415208960.00,B
6294,11415219800.00,A
6295,11415230640.00,8
6296,11415241480.00,B
6297,11415252360.00,9
6298,11415263200.00,D
6299,11415274040.00,4
6300,11415284880.00,D
6301,11415295720.00,6
6302,11415306600.00,8
6303,11415317440.00,D
6304,11415328280.00,5
6305,11415339120.00,2
6306,11415350000.00,A
6307,11415360840.00,0
6308,11415371680.00,6
6309,11415382520.00,7
6310,11415393360.00,5
6311,11415404200.00,E
6312,11415415080.00,2
6313,11415425920.00,5
6314,11415436760.00,3
6315,11415447600.00,8
6316,11415458440.00,5
6317,11415469320.00,B
6318,11415480160.00,5
6319,11415491000.00,4
6320,11415501840.00,5
6321,11415512680.00,4
6322,11415523560.00,2
6323,11415534400.00,F
6324,11415545240.00,7
6325,11415556080.00,A
6326,11415566960.00,4
6327,11415577800.00,5
6328,11415588640.00,5
6329,11415599480.00,C
6330,11415610320.00,A
6331,11415621160.00,D
6332,11415632040.00,D
6333,11415642880.00,3
6334,11415653720.00,2
6335,11415664560.00,B
6336,11415675400.00,5
6337,11415686280.00,3
6338,11415697120.00,B
6339,11415707960.00,C
6340,11415718800.00,7
6341,11415729640.00,F
6342,11415740520.00,D
6343,11415751360.00,7
6344,11415762200.00,7
6345,11415773040.00,B
6346,11415783920.00,B
6347,11415794760.00,C
6348,11415805600.00,4
6349,11415816440.00,A
6350,11415827280.00,9
6351,11415838120.00,A
6352,11415849000.00,0
6353,11415859840.00,B
6354,11415870680.00,3
6355,11415881520.00,F
6356,11415892360.00,E
6357,11415903240.00,8
6358,11415914080.00,0
6359,11415924920.00,1
6360,11415935760.00,0
6361,11415946600.00,D
6362,11415957480.00,4
6363,11415968320.00,8
6364,11415979160.00,4
6365,11415990000.00,B
6366,11416000880.00,0
6367,11416011720.00,C
6368,11416022560.00,0
6369,11416033400.00,C
6370,11416044240.00,C
6371,11416055120.00,6
6372,11416065960.00,C
6373,11416076800.00,C
6374,11416087640.00,F
6375,11416098480.00,D
6376,11416109320.00,4
6377,11416120200.00,8
6378,11416131040.00,5
6379,11416141880.00,F
6380,11416152720.00,4
6381,11416163560.00,9
6382,11416174440.00,9
6383,11416185280.00,B
6384,11416196120.00,1
6385,11416206960.00,3
6386,11416217840.00,2
6387,11416228680.00,8
6388,11416239520.00,1
6389,11416250360.00,8
6390,11416261200.00,9
6391,11416272080.00,C
6392,11416282920.00,9
6393,11416293760.00,6
6394,11416304600.00,A
6395,11416315440.00,2
6396,11416326280.00,C
6397,11416337160.00,9
6398,11416348000.00,3
6399,11416358840.00,7
6400,11416369680.00,A
6401,11416380520.00,B
6402,11416391400.00,2
6403,11416402240.00,1
6404,11416413080.00,8
6405,11416423920.00,E
6406,11416434800.00,8
6407,11416445640.00,2
6408,11416456480.00,5
6409,11416467320.00,F
6410,11416478160.00,E
6411,11416489040.00,F
6412,11416499880.00,F
6413,11416510720.00,A
6414,11416521560.00,B
6415,11416532400.00,8
6416,11416543240.00,9
6417,11416554120.00,1
6418,11416564960.00,A
6419,11416575800.00,F
6420,11416586640.00,5
6421,11416597480.00,D
6422,11416608360.00,C
6423,11416619200.00,5
6424,11416630040.00,5
6425,11416640880.00,9
6426,11416651760.00,2
6427,11416662600.00,D
6428,11416673440.00,C
6429,11416684280.00,7
6430,11416695120.00,7
6431,11416706000.00,E
6432,11416716840.00,E
6433,11416727680.00,F
6434,11416738520.00,C
6435,11416749360.00,4
6436,11416760200.00,6
6437,11416771080.00,B
6438,11416781920.00,3
6439,11416792760.00,2
6440,11416803600.00,5
6441,11416814440.00,F
6442,11416825320.00,2
6443,11416836160.00,C
6444,11416847000.00,6
6445,11416857840.00,1
6446,11416868720.00,A
6447,11416879560.00,5
6448,11416890400.00,0
6449,11416901240.00,7
6450,11416912080.00,B
6451,11416922960.00,B
6452,11416933800.00,D
6453,11416944640.00,4
6454,11416955480.00,1
6455,11416966320.00,C
6456,11416977200.00,E
6457,11416988040.00,2
6458,11416998880.00,B
6459,11417009720.00,E
6460,11417020560.00,8
6461,11417031400.00,8
6462,11417042280.00,0
6463,11417053120.00,A
6464,11417063960.00,C
6465,11417074800.00,7
6466,11417085680.00,8
6467,11417096520.00,9
6468,11417107360.00,4
6469,11417118200.00,1
6470,11417129040.00,6
6471,11417139920.00,1
6472,11417150760.00,8
6473,11417161600.00,9
6474,11417172440.00,6
6475,11417183280.00,D
6476,11417194160.00,8
6477,11417205000.00,[0D]
6478,11417215840.00,[0A]
6479,11462819840.00,[0D]
6480,11462830680.00,[0A]
6481,11462841520.00,+
6482,11462852360.00,M
6483,11462863200.00,I
6484,11462874080.00,P
6485,11462884920.00,U
6486,11462895760.00,R
6487,11462906600.00,C
6488,11462917440.00,:
6489,11462928280.00,[20]
6490,11462939160.00,"
6491,11462950000.00,r
6492,11462960840.00,t
6493,11462971680.00,c
6494,11462982560.00,p
6495,11462993400.00,"
6496,11463004240.00,,
6497,11463015080.00,0
6498,11463025920.00,,
6499,11463036800.00,2
6500,11463047640.00,4
6501,11463058480.00,3
6502,11463069320.00,,
6503,11463080160.00,8
6504,11463091040.00,2
6505,11463101880.00,7
6506,11463112720.00,E
6507,11463123560.00,0
6508,11463134400.00,0
6509,11463145240.00,E
6510,11463156120.00,F
6511,11463166960.00,0
6512,11463177800.00,0
6513,11463188640.00,0
6514,11463199520.00,0
6515,11463210360.00,0
6516,11463221200.00,0
6517,11463232040.00,E
6518,11463242880.00,B
6519,11463253760.00,6
6520,11463264600.00,B
6521,11463275440.00,8
6522,11463286280.00,3
6523,11463297120.00,4
6524,11463308000.00,9
6525,11463318840.00,4
6526,11463329680.00,E
6527,11463340520.00,B
6528,11463351360.00,4
6529,11463362200.00,0
6530,11463373080.00,2
6531,11463383920.00,9
6532,11463394760.00,8
6533,11463405600.00,2
6534,11463416480.00,3
6535,11463427320.00,0
6536,11463438160.00,A
6537,11463449000.00,4
6538,11463459840.00,A
6539,11463470720.00,E
6540,11463481560.00,7
6541,11463492400.00,4
6542,11463503240.00,3
6543,11463514080.00,E
6544,11463524960.00,8
6545,11463535800.00,2
6546,11463546640.00,E
6547,11463557480.00,7
6548,11463568320.00,E
6549,11463579200.00,D
6550,11463590040.00,C
6551,11463600880.00,A
6552,11463611720.00,0
6553,11463622560.00,4
6554,11463633440.00,5
6555,11463644280.00,4
6556,11463655120.00,E
6557,11463665960.00,1
6558,11463676800.00,5
6559,11463687680.00,F
6560,11463698520.00,5
6561,11463709360.00,F
6562,11463720200.00,2
6563,11463731040.00,8
6564,11463741920.00,E
6565,11463752760.00,4
6566,11463763600.00,3
6567,11463774440.00,8
6568,11463785280.00,A
6569,11463796160.00,A
6570,11463807000.00,0
6571,11463817840.00,4
6572,11463828680.00,6
6573,11463839520.00,6
6574,11463850400.00,F
6575,11463861240.00,D
6576,11463872080.00,9
6577,11463882920.00,B
6578,11463893760.00,D
6579,11463904640.00,B
6580,11463915480.00,B
6581,11463926320.00,5
6582,11463937160.00,0
6583,11463948000.00,B
6584,11463958880.00,6
6585,11463969720.00,7
6586,11463980560.00,D
6587,11463991400.00,4
6588,11464002240.00,9
6589,11464013120.00,7
6590,11464023960.00,C
6591,11464034800.00,6
6592,11464045640.00,F
6593,11464056480.00,F
6594,11464067360.00,5
6595,11464078200.00,A
6596,11464089040.00,9
6597,11464099880.00,3
6598,11464110720.00,9
6599,11464121600.00,C
6600,11464132440.00,4
6601,11464143280.00,F
6602,11464154120.00,5
6603,11464164960.00,C
6604,11464175840.00,4
6605,11464186680.00,E
6606,11464197520.00,9
6607,11464208360.00,B
6608,11464219200.00,E
6609,11464230080.00,8
6610,11464240920.00,8
6611,11464251760.00,D
6612,11464262600.00,7
6613,11464273440.00,7
6614,11464284320.00,4
6615,11464295160.00,1
6616,11464306000.00,2
6617,11464316840.00,5
6618,11464327680.00,4
6619,11464338560.00,8
6620,11464349400.00,8
6621,11464360240.00,A
6622,11464371080.00,F
6623,11464381920.00,9
6624,11464392800.00,C
6625,11464403640.00,1
6626,11464414480.00,8
6627,11464425320.00,4
6628,11464436160.00,9
6629,11464447040.00,A
6630,11464457880.00,B
6631,11464468720.00,8
6632,11464479560.00,3
6633,11464490400.00,A
6634,11464501280.00,8
6635,11464512120.00,8
6636,11464522960.00,6
6637,11464533800.00,4
6638,11464544640.00,2
6639,11464555520.00,1
6640,11464566360.00,8
6641,11464577200.00,4
6642,11464588040.00,D
6643,11464598880.00,A
6644,11464609760.00,E
6645,11464620600.00,9
6646,11464631440.00,4
6647,11464642280.00,7
6648,11464653120.00,3
6649,11464664000.00,1
6650,11464674840.00,F
6651,11464685680.00,B
6652,11464696520.00,1
6653,11464707360.00,3
6654,11464718240.00,1
6655,11464729080.00,E
6656,11464739920.00,D
6657,11464750760.00,E
6658,11464761600.00,C
6659,11464772480.00,B
6660,11464783320.00,9
6661,11464794160.00,0
6662,11464805000.00,F
6663,11464815840.00,9
6664,11464826720.00,6
6665,11464837560.00,C
6666,11464848400.00,5
6667,11464859240.00,7
6668,11464870080.00,F
6669,11464880960.00,7
6670,11464891800.00,F
6671,11464902640.00,D
6672,11464913480.00,7
6673,11464924320.00,B
6674,11464935200.00,6
6675,11464946040.00,E
6676,11464956880.00,9
6677,11464967720.00,C
6678,11464978560.00,C
6679,11464989440.00,C
6680,11465000280.00,2
6681,11465011120.00,5
6682,11465021960.00,5
6683,11465032800.00,3
6684,11465043680.00,D
6685,11465054520.00,C
6686,11465065360.00,C
6687,11465076200.00,E
6688,11465087040.00,E
6689,11465097920.00,5
6690,11465108760.00,1
6691,11465119600.00,7
6692,11465130440.00,9
6693,11465141280.00,C
6694,11465152160.00,E
6695,11465163000.00,4
6696,11465173840.00,5
6697,11465184680.00,E
6698,11465195520.00,B
6699,11465206400.00,5
6700,11465217240.00,4
6701,11465228080.00,8
6702,11465238920.00,4
6703,11465249760.00,E
6704,11465260640.00,F
6705,11465271480.00,4
6706,11465282320.00,E
6707,11465293160.00,6
6708,11465304000.00,B
6709,11465314880.00,1
6710,11465325720.00,8
6711,11465336560.00,C
6712,11465347400.00,6
6713,11465358240.00,D
6714,11465369120.00,5
6715,11465379960.00,B
6716,11465390800.00,9
6717,11465401640.00,A
6718,11465412520.00,7
6719,11465423360.00,D
6720,11465434200.00,6
6721,11465445040.00,2
6722,11465455880.00,A
6723,11465466720.00,D
6724,11465477600.00,0
6725,11465488440.00,1
6726,11465499280.00,5
6727,11465510120.00,5
6728,11465520960.00,A
6729,11465531840.00,3
6730,11465542680.00,A
6731,11465553520.00,6
6732,11465564360.00,2
6733,11465575200.00,A
6734,11465586080.00,D
6735,11465596920.00,0
6736,11465607760.00,8
6737,11465618600.00,7
6738,11465629480.00,1
6739,11465640320.00,4
6740,11465651160.00,C
6741,11465662000.00,2
6742,11465672840.00,C
6743,11465683680.00,D
6744,11465694560.00,D
6745,11465705400.00,F
6746,11465716240.00,E
6747,11465727080.00,6
6748,11465737920.00,B
6749,11465748800.00,1
6750,11465759640.00,B
6751,11465770480.00,9
6752,11465781320.00,3
6753,11465792160.00,A
6754,11465803040.00,8
6755,11465813880.00,7
6756,11465824720.00,1
6757,11465835560.00,D
6758,11465846440.00,C
6759,11465857280.00,3
6760,11465868120.00,2
6761,11465878960.00,9
6762,11465889800.00,C
6763,11465900640.00,E
6764,11465911520.00,0
6765,11465922360.00,C
6766,11465933200.00,7
6767,11465944040.00,5
6768,11465954880.00,1
6769,11465965760.00,E
6770,11465976600.00,1
6771,11465987440.00,6
6772,11465998280.00,A
6773,11466009120.00,C
6774,11466020000.00,5
6775,11466030840.00,0
6776,11466041680.00,9
6777,11466052520.00,3
6778,11466063400.00,9
6779,11466074240.00,9
6780,11466085080.00,2
6781,11466095920.00,4
6782,11466106760.00,A
6783,11466117600.00,0
6784,11466128480.00,7
6785,11466139320.00,1
6786,11466150160.00,C
6787,11466161000.00,D
6788,11466171840.00,7
6789,11466182720.00,8
6790,11466193560.00,9
6791,11466204400.00,B
6792,11466215240.00,B
6793,11466226080.00,3
6794,11466236960.00,D
6795,11466247800.00,9
6796,11466258640.00,5
6797,11466269480.00,F
6798,11466280360.00,1
6799,11466291200.00,6
6800,11466302040.00,6
6801,11466312880.00,A
6802,11466323720.00,9
6803,11466334560.00,C
6804,11466345440.00,3
6805,11466356280.00,5
6806,11466367120.00,A
6807,11466377960.00,C
6808,11466388800.00,0
6809,11466399680.00,4
6810,11466410520.00,F
6811,11466421360.00,4
6812,11466432200.00,D
6813,11466443040.00,4
6814,11466453920.00,C
6815,11466464760.00,7
6816,11466475600.00,2
6817,11466486440.00,5
6818,11466497320.00,9
6819,11466508160.00,9
6820,11466519000.00,2
6821,11466529840.00,C
6822,11466540680.00,4
6823,11466551560.00,1
6824,11466562400.00,2
6825,11466573240.00,A
6826,11466584080.00,F
6827,11466594920.00,9
6828,11466605760.00,A
6829,11466616640.00,B
6830,11466627480.00,8
6831,11466638320.00,1
6832,11466649160.00,A
6833,11466660000.00,7
6834,11466670880.00,E
6835,11466681720.00,0
6836,11466692560.00,B
6837,11466703400.00,C
6838,11466714280.00,D
6839,11466725120.00,4
6840,11466735960.00,6
6841,11466746800.00,A
6842,11466757640.00,7
6843,11466768520.00,6
6844,11466779360.00,C
6845,11466790200.00,D
6846,11466801040.00,B
6847,11466811880.00,1
6848,11466822720.00,7
6849,11466833600.00,6
6850,11466844440.00,0
6851,11466855280.00,A
6852,11466866120.00,C
6853,11466876960.00,4
6854,11466887840.00,1
6855,11466898680.00,D
6856,11466909520.00,4
6857,11466920360.00,3
6858,11466931240.00,4
6859,11466942080.00,2
6860,11466952920.00,E
6861,11466963760.00,8
6862,11466974600.00,C
6863,11466985480.00,F
6864,11466996320.00,6
6865,11467007160.00,7
6866,11467018000.00,0
6867,11467028840.00,7
6868,11467039680.00,4
6869,11467050560.00,9
6870,11467061400.00,D
6871,11467072240.00,0
6872,11467083080.00,5
6873,11467093920.00,C
6874,11467104800.00,0
6875,11467115640.00,3
6876,11467126480.00,6
6877,11467137320.00,7
6878,11467148200.00,7
6879,11467159040.00,1
6880,11467169880.00,D
6881,11467180720.00,A
6882,11467191560.00,5
6883,11467202440.00,4
6884,11467213280.00,A
6885,11467224120.00,8
6886,11467234960.00,6
6887,11467245800.00,A
6888,11467256680.00,A
6889,11467267520.00,F
6890,11467278360.00,6
6891,11467289200.00,D
6892,11467300040.00,A
6893,11467310880.00,4
6894,11467321760.00,A
6895,11467332600.00,D
6896,11467343440.00,1
6897,11467354280.00,A
6898,11467365160.00,C
6899,11467376000.00,A
6900,11467386840.00,4
6901,11467397680.00,D
6902,11467408520.00,7
6903,11467419400.00,F
6904,11467430240.00,A
6905,11467441080.00,0
6906,11467451920.00,F
6907,11467462760.00,6
6908,11467473640.00,C
6909,11467484480.00,B
6910,11467495320.00,A
6911,11467506160.00,5
6912,11467517000.00,6
6913,11467527840.00,3
6914,11467538720.00,6
6915,11467549560.00,4
6916,11467560400.00,4
6917,11467571240.00,7
6918,11467582120.00,E
6919,11467592960.00,9
6920,11467603800.00,6
6921,11467614640.00,7
6922,11467625480.00,9
6923,11467636360.00,A
6924,11467647200.00,5
6925,11467658040.00,5
6926,11467668880.00,4
6927,11467679720.00,0
6928,11467690600.00,7
6929,11467701440.00,5
6930,11467712280.00,0
6931,11467723120.00,8
6932,11467733960.00,2
6933,11467744800.00,3
6934,11467755680.00,A
6935,11467766520.00,F
6936,11467777360.00,6
6937,11467788200.00,3
6938,11467799080.00,7
6939,11467809920.00,8
6940,11467820760.00,2
6941,11467831600.00,2
6942,11467842440.00,2
6943,11467853320.00,B
6944,11467864160.00,6
6945,11467875000.00,3
6946,11467885840.00,1
6947,11467896680.00,D
6948,11467907560.00,E
6949,11467918400.00,D
6950,11467929240.00,4
6951,11467940080.00,1
6952,11467950920.00,F
6953,11467961760.00,6
6954,11467972640.00,D
6955,11467983480.00,A
6956,11467994320.00,A
6957,11468005160.00,C
6958,11468016040.00,D
6959,11468026880.00,C
6960,11468037720.00,0
6961,11468048560.00,F
6962,11468059400.00,4
6963,11468070280.00,D
6964,11468081120.00,E
6965,11468091960.00,5
6966,11468102800.00,D
6967,11468113640.00,3
6968,11468124520.00,4
6969,11468135360.00,8
6970,11468146200.00,A
6971,11468157040.00,5
6972,11468167880.00,3
6973,11468178720.00,F
6974,11468189600.00,B
6975,11468200440.00,D
6976,11468211280.00,E
6977,11468222120.00,9
6978,11468233000.00,8
6979,11468243840.00,7
6980,11468254680.00,E
6981,11468265520.00,1
6982,11468276360.00,C
6983,11468287240.00,B
6984,11468298080.00,E
6985,11468308920.00,0
6986,11468319760.00,3
6987,11468330600.00,F
6988,11468341480.00,E
6989,11468352320.00,[0D]
6990,11468363160.00,[0A]
6991,11512746760.00,[0D]
6992,11512757600.00,[0A]
6993,11512768440.00,+
6994,11512779280.00,M
6995,11512790120.00,I
6996,11512801000.00,P
6997,11512811840.00,U
6998,11512822680.00,R
6999,11512833520.00,C
7000,11512844360.00,:
7001,11512855200.00,[20]
7002,11512866080.00,"
7003,11512876920.00,r
7004,11512887760.00,t
7005,11512898600.00,c
7006,11512909480.00,p
7007,11512920320.00,"
7008,11512931160.00,,
7009,11512942000.00,0
7010,11512952840.00,,
7011,11512963720.00,2
7012,11512974560.00,3
7013,11512985400.00,5
7014,11512996240.00,,
7015,11513007080.00,8
7016,11513017960.00,2
7017,11513028800.00,7
7018,11513039640.00,E
7019,11513050480.00,0
7020,11513061320.00,0
7021,11513072160.00,E
7022,11513083040.00,7
7023,11513093880.00,0
7024,11513104720.00,0
7025,11513115560.00,0
7026,11513126440.00,0
7027,11513137280.00,0
7028,11513148120.00,0
7029,11513158960.00,E
7030,11513169800.00,3
7031,11513180680.00,6
7032,11513191520.00,B
7033,11513202360.00,8
7034,11513213200.00,3
7035,11513224040.00,4
7036,11513234920.00,F
7037,11513245760.00,4
7038,11513256600.00,8
7039,11513267440.00,B
7040,11513278280.00,A
7041,11513289120.00,C
7042,11513300000.00,7
7043,11513310840.00,A
7044,11513321680.00,6
7045,11513332520.00,5
7046,11513343400.00,8
7047,11513354240.00,4
7048,11513365080.00,1
7049,11513375920.00,0
7050,11513386760.00,C
7051,11513397640.00,8
7052,11513408480.00,0
7053,11513419320.00,D
7054,11513430160.00,6
7055,11513441000.00,B
7056,11513451880.00,5
7057,11513462720.00,C
7058,11513473560.00,7
7059,11513484400.00,C
7060,11513495240.00,7
7061,11513506080.00,D
7062,11513516960.00,8
7063,11513527800.00,1
7064,11513538640.00,1
7065,11513549480.00,5
7066,11513560360.00,7
7067,11513571200.00,A
7068,11513582040.00,B
7069,11513592880.00,2
7070,11513603720.00,8
7071,11513614600.00,F
7072,11513625440.00,F
7073,11513636280.00,5
7074,11513647120.00,E
7075,11513657960.00,C
7076,11513668840.00,1
7077,11513679680.00,F
7078,11513690520.00,5
7079,11513701360.00,7
7080,11513712200.00,F
7081,11513723040.00,5
7082,11513733920.00,9
7083,11513744760.00,E
7084,11513755600.00,3
7085,11513766440.00,D
7086,11513777320.00,9
7087,11513788160.00,7
7088,11513799000.00,9
7089,11513809840.00,A
7090,11513820680.00,A
7091,11513831560.00,D
7092,11513842400.00,5
7093,11513853240.00,A
7094,11513864080.00,3
7095,11513874920.00,D
7096,11513885800.00,8
7097,11513896640.00,7
7098,11513907480.00,7
7099,11513918320.00,9
7100,11513929160.00,C
7101,11513940040.00,9
7102,11513950880.00,4
7103,11513961720.00,0
7104,11513972560.00,4
7105,11513983400.00,0
7106,11513994280.00,9
7107,11514005120.00,0
7108,11514015960.00,3
7109,11514026800.00,F
7110,11514037640.00,E
7111,11514048520.00,7
7112,11514059360.00,7
7113,11514070200.00,6
7114,11514081040.00,6
7115,11514091880.00,9
7116,11514102760.00,E
7117,11514113600.00,D
7118,11514124440.00,2
7119,11514135280.00,E
7120,11514146120.00,D
7121,11514157000.00,B
7122,11514167840.00,3
7123,11514178680.00,C
7124,11514189520.00,D
7125,11514200360.00,6
7126,11514211240.00,4
7127,11514222080.00,6
7128,11514232920.00,7
7129,11514243760.00,0
7130,11514254600.00,E
7131,11514265480.00,2
7132,11514276320.00,C
7133,11514287160.00,0
7134,11514298000.00,1
7135,11514308840.00,C
7136,11514319720.00,4
7137,11514330560.00,F
7138,11514341400.00,8
7139,11514352240.00,C
7140,11514363080.00,2
7141,11514373960.00,4
7142,11514384800.00,8
7143,11514395640.00,1
7144,11514406480.00,7
7145,11514417320.00,0
7146,11514428200.00,2
7147,11514439040.00,A
7148,11514449880.00,A
7149,11514460720.00,A
7150,11514471560.00,A
7151,11514482440.00,F
7152,11514493280.00,C
7153,11514504120.00,B
7154,11514514960.00,3
7155,11514525800.00,1
7156,11514536680.00,2
7157,11514547520.00,D
7158,11514558360.00,7
7159,11514569200.00,1
7160,11514580040.00,C
7161,11514590920.00,C
7162,11514601760.00,1
7163,11514612600.00,1
7164,11514623440.00,F
7165,11514634280.00,E
7166,11514645160.00,9
7167,11514656000.00,F
7168,11514666840.00,E
7169,11514677680.00,4
7170,11514688520.00,0
7171,11514699400.00,1
7172,11514710240.00,F
7173,11514721080.00,E
7174,11514731920.00,E
7175,11514742760.00,2
7176,11514753640.00,1
7177,11514764480.00,C
7178,11514775320.00,7
7179,11514786160.00,2
7180,11514797000.00,B
7181,11514807880.00,0
7182,11514818720.00,1
7183,11514829560.00,1
7184,11514840400.00,F
7185,11514851240.00,4
7186,11514862120.00,8
7187,11514872960.00,B
7188,11514883800.00,1
7189,11514894640.00,6
7190,11514905480.00,7
7191,11514916360.00,C
7192,11514927200.00,E
7193,11514938040.00,5
7194,11514948880.00,B
7195,11514959720.00,C
7196,11514970600.00,D
7197,11514981440.00,B
7198,11514992280.00,A
7199,11515003120.00,6
7200,11515013960.00,7
7201,11515024840.00,A
7202,11515035680.00,7
7203,11515046520.00,5
7204,11515057360.00,9
7205,11515068200.00,3
7206,11515079080.00,6
7207,11515089920.00,A
7208,11515100760.00,1
7209,11515111600.00,1
7210,11515122440.00,3
7211,11515133320.00,7
7212,11515144160.00,9
7213,11515155000.00,E
7214,11515165840.00,1
7215,11515176680.00,B
7216,11515187560.00,2
7217,11515198400.00,8
7218,11515209240.00,B
7219,11515220080.00,B
7220,11515230920.00,C
7221,11515241800.00,A
7222,11515252640.00,5
7223,11515263480.00,5
7224,11515274320.00,A
7225,11515285160.00,A
7226,11515296040.00,9
7227,11515306880.00,4
7228,11515317720.00,6
7229,11515328560.00,A
7230,11515339400.00,B
7231,11515350280.00,E
7232,11515361120.00,F
7233,11515371960.00,9
7234,11515382800.00,4
7235,11515393640.00,C
7236,11515404520.00,D
7237,11515415360.00,3
7238,11515426200.00,A
7239,11515437040.00,0
7240,11515447880.00,3
7241,11515458760.00,2
7242,11515469600.00,2
7243,11515480440.00,A
7244,11515491280.00,C
7245,11515502120.00,5
7246,11515513000.00,F
7247,11515523840.00,E
7248,11515534680.00,B
7249,11515545520.00,8
7250,11515556360.00,6
7251,11515567240.00,E
7252,11515578080.00,3
7253,11515588920.00,F
7254,11515599760.00,2
7255,11515610600.00,2
7256,11515621480.00,6
7257,11515632320.00,B
7258,11515643160.00,7
7259,11515654000.00,3
7260,11515664840.00,4
7261,11515675720.00,2
7262,11515686560.00,8
7263,11515697400.00,3
7264,11515708240.00,B
7265,11515719080.00,9
7266,11515729960.00,4
7267,11515740800.00,3
7268,11515751640.00,3
7269,11515762480.00,E
7270,11515773360.00,B
7271,11515784200.00,2
7272,11515795040.00,A
7273,11515805880.00,A
7274,11515816720.00,1
7275,11515827560.00,3
7276,11515838440.00,6
7277,11515849280.00,B
7278,11515860120.00,F
7279,11515870960.00,A
7280,11515881800.00,9
7281,11515892680.00,C
7282,11515903520.00,E
7283,11515914360.00,5
7284,11515925200.00,6
7285,11515936040.00,A
7286,11515946920.00,B
7287,11515957760.00,8
7288,11515968600.00,2
7289,11515979440.00,2
7290,11515990320.00,9
7291,11516001160.00,1
7292,11516012000.00,4
7293,11516022840.00,7
7294,11516033680.00,E
7295,11516044520.00,2
7296,11516055400.00,E
7297,11516066240.00,E
7298,11516077080.00,1
7299,11516087920.00,7
7300,11516098760.00,D
7301,11516109640.00,7
7302,11516120480.00,2
7303,11516131320.00,2
7304,11516142160.00,2
7305,11516153000.00,0
7306,11516163880.00,4
7307,11516174720.00,2
7308,11516185560.00,8
7309,11516196400.00,8
7310,11516207280.00,D
7311,11516218120.00,9
7312,11516228960.00,0
7313,11516239800.00,9
7314,11516250640.00,6
7315,11516261480.00,9
7316,11516272360.00,5
7317,11516283200.00,D
7318,11516294040.00,D
7319,11516304880.00,7
7320,11516315720.00,C
7321,11516326600.00,A
7322,11516337440.00,5
7323,11516348280.00,C
7324,11516359120.00,3
7325,11516369960.00,6
7326,11516380840.00,4
7327,11516391680.00,C
7328,11516402520.00,B
7329,11516413360.00,9
7330,11516424240.00,B
7331,11516435080.00,1
7332,11516445920.00,0
7333,11516456760.00,5
7334,11516467600.00,A
7335,11516478480.00,C
7336,11516489320.00,B
7337,11516500160.00,C
7338,11516511000.00,0
7339,11516521840.00,2
7340,11516532680.00,0
7341,11516543560.00,B
7342,11516554400.00,8
7343,11516565240.00,6
7344,11516576080.00,F
7345,11516586920.00,2
7346,11516597800.00,7
7347,11516608640.00,2
7348,11516619480.00,2
7349,11516630320.00,5
7350,11516641200.00,1
7351,11516652040.00,C
7352,11516662880.00,D
7353,11516673720.00,7
7354,11516684560.00,4
7355,11516695440.00,A
7356,11516706280.00,F
7357,11516717120.00,5
7358,11516727960.00,8
7359,11516738800.00,5
7360,11516749640.00,B
7361,11516760520.00,F
7362,11516771360.00,A
7363,11516782200.00,B
7364,11516793040.00,C
7365,11516803880.00,3
7366,11516814760.00,4
7367,11516825600.00,E
7368,11516836440.00,7
7369,11516847280.00,8
7370,11516858160.00,B
7371,11516869000.00,8
7372,11516879840.00,8
7373,11516890680.00,A
7374,11516901520.00,7
7375,11516912400.00,C
7376,11516923240.00,A
7377,11516934080.00,C
7378,11516944920.00,0
7379,11516955760.00,A
7380,11516966600.00,8
7381,11516977480.00,3
7382,11516988320.00,6
7383,11516999160.00,1
7384,11517010000.00,9
7385,11517020840.00,9
7386,11517031720.00,8
7387,11517042560.00,6
7388,11517053400.00,A
7389,11517064240.00,B
7390,11517075120.00,1
7391,11517085960.00,D
7392,11517096800.00,F
7393,11517107640.00,0
7394,11517118480.00,9
7395,11517129360.00,8
7396,11517140200.00,6
7397,11517151040.00,F
7398,11517161880.00,7
7399,11517172720.00,F
7400,11517183560.00,3
7401,11517194440.00,F
7402,11517205280.00,D
7403,11517216120.00,9
7404,11517226960.00,7
7405,11517237800.00,0
7406,11517248680.00,D
7407,11517259520.00,8
7408,11517270360.00,9
7409,11517281200.00,1
7410,11517292080.00,A
7411,11517302920.00,F
7412,11517313760.00,9
7413,11517324600.00,1
7414,11517335440.00,D
7415,11517346320.00,1
7416,11517357160.00,B
7417,11517368000.00,6
7418,11517378840.00,1
7419,11517389680.00,9
7420,11517400520.00,B
7421,11517411400.00,D
7422,11517422240.00,9
7423,11517433080.00,B
7424,11517443920.00,2
7425,11517454760.00,8
7426,11517465640.00,4
7427,11517476480.00,F
7428,11517487320.00,9
7429,11517498160.00,2
7430,11517509040.00,A
7431,11517519880.00,7
7432,11517530720.00,9
7433,11517541560.00,F
7434,11517552400.00,1
7435,11517563280.00,8
7436,11517574120.00,D
7437,11517584960.00,4
7438,11517595800.00,A
7439,11517606640.00,1
7440,11517617520.00,0
7441,11517628360.00,A
7442,11517639200.00,1
7443,11517650040.00,B
7444,11517660880.00,E
7445,11517671720.00,B
7446,11517682600.00,B
7447,11517693440.00,1
7448,11517704280.00,C
7449,11517715120.00,C
7450,11517726000.00,A
7451,11517736840.00,6
7452,11517747680.00,2
7453,11517758520.00,C
7454,11517769360.00,4
7455,11517780240.00,9
7456,11517791080.00,7
7457,11517801920.00,1
7458,11517812760.00,4
7459,11517823600.00,A
7460,11517834480.00,F
7461,11517845320.00,A
7462,11517856160.00,C
7463,11517867000.00,4
7464,11517877840.00,A
7465,11517888680.00,5
7466,11517899560.00,E
7467,11517910400.00,F
7468,11517921240.00,5
7469,11517932080.00,7
7470,11517942960.00,B
7471,11517953800.00,4
7472,11517964640.00,4
7473,11517975480.00,7
7474,11517986320.00,5
7475,11517997200.00,F
7476,11518008040.00,B
7477,11518018880.00,8
7478,11518029720.00,0
7479,11518040560.00,7
7480,11518051440.00,3
7481,11518062280.00,1
7482,11518073120.00,6
7483,11518083960.00,9
7484,11518094800.00,D
7485,11518105640.00,[0D]
7486,11518116520.00,[0A]
7487,11578666880.00,[0D]
7488,11578677760.00,[0A]
7489,11578688600.00,+
7490,11578699440.00,M
7491,11578710280.00,I
7492,11578721120.00,P
7493,11578732000.00,U
7494,11578742840.00,R
7495,11578753680.00,C
7496,11578764520.00,:
7497,11578775360.00,[20]
7498,11578786240.00,"
7499,11578797080.00,r
7500,11578807920.00,t
7501,11578818760.00,c
7502,11578829600.00,p
7503,11578840480.00,"
7504,11578851320.00,,
7505,11578862160.00,0
7506,11578873000.00,,
7507,11578883840.00,1
7508,11578894720.00,8
7509,11578905560.00,9
7510,11578916400.00,,
7511,11578927240.00,8
7512,11578938080.00,2
7513,11578948960.00,7
7514,11578959800.00,E
7515,11578970640.00,0
7516,11578981480.00,0
7517,11578992320.00,B
7518,11579003200.00,9
7519,11579014040.00,0
7520,11579024880.00,0
7521,11579035720.00,0
7522,11579046560.00,0
7523,11579057440.00,0
7524,11579068280.00,0
7525,11579079120.00,B
7526,11579089960.00,5
7527,11579100800.00,6
7528,11579111680.00,B
7529,11579122520.00,8
7530,11579133360.00,3
7531,11579144200.00,3
7532,11579155040.00,D
7533,11579165920.00,3
7534,11579176760.00,D
7535,11579187600.00,B
7536,11579198440.00,5
7537,11579209280.00,D
7538,11579220160.00,3
7539,11579231000.00,2
7540,11579241840.00,4
7541,11579252680.00,7
7542,11579263520.00,6
7543,11579274400.00,2
7544,11579285240.00,6
7545,11579296080.00,4
7546,11579306920.00,1
7547,11579317760.00,A
7548,11579328640.00,2
7549,11579339480.00,F
7550,11579350320.00,3
7551,11579361160.00,1
7552,11579372000.00,7
7553,11579382880.00,E
7554,11579393720.00,3
7555,11579404560.00,6
7556,11579415400.00,3
7557,11579426240.00,F
7558,11579437120.00,6
7559,11579447960.00,1
7560,11579458800.00,8
7561,11579469640.00,D
7562,11579480480.00,3
7563,11579491360.00,D
7564,11579502200.00,1
7565,11579513040.00,8
7566,11579523880.00,C
7567,11579534720.00,E
7568,11579545600.00,2
7569,11579556440.00,5
7570,11579567280.00,E
7571,11579578120.00,4
7572,11579588960.00,C
7573,11579599840.00,4
7574,11579610680.00,E
7575,11579621520.00,2
7576,11579632360.00,3
7577,11579643200.00,7
7578,11579654080.00,F
7579,11579664920.00,2
7580,11579675760.00,2
7581,11579686600.00,B
7582,11579697440.00,C
7583,11579708320.00,E
7584,11579719160.00,A
7585,11579730000.00,D
7586,11579740840.00,4
7587,11579751680.00,1
7588,11579762560.00,9
7589,11579773400.00,5
7590,11579784240.00,8
7591,11579795080.00,C
7592,11579805920.00,E
7593,11579816800.00,2
7594,11579827640.00,C
7595,11579838480.00,D
7596,11579849320.00,7
7597,11579860160.00,0
7598,11579871040.00,1
7599,11579881880.00,E
7600,11579892720.00,F
7601,11579903560.00,E
7602,11579914400.00,7
7603,11579925280.00,B
7604,11579936120.00,A
7605,11579946960.00,8
7606,11579957800.00,0
7607,11579968640.00,3
7608,11579979520.00,6
7609,11579990360.00,6
7610,11580001200.00,A
7611,11580012040.00,3
7612,11580022880.00,F
7613,11580033760.00,2
7614,11580044600.00,A
7615,11580055440.00,0
7616,11580066280.00,4
7617,11580077120.00,4
7618,11580088000.00,6
7619,11580098840.00,F
7620,11580109680.00,8
7621,11580120520.00,C
7622,11580131360.00,4
7623,11580142240.00,C
7624,11580153080.00,3
7625,11580163920.00,5
7626,11580174760.00,A
7627,11580185600.00,5
7628,11580196480.00,A
7629,11580207320.00,A
7630,11580218160.00,8
7631,11580229000.00,2
7632,11580239880.00,C
7633,11580250720.00,5
7634,11580261560.00,D
7635,11580272400.00,F
7636,11580283240.00,9
7637,11580294080.00,F
7638,11580304960.00,8
7639,11580315800.00,D
7640,11580326640.00,E
7641,11580337480.00,5
7642,11580348320.00,7
7643,11580359200.00,D
7644,11580370040.00,C
7645,11580380880.00,B
7646,11580391720.00,0
7647,11580402560.00,3
7648,11580413440.00,D
7649,11580424280.00,C
7650,11580435120.00,4
7651,11580445960.00,6
7652,11580456840.00,4
7653,11580467680.00,1
7654,11580478520.00,4
7655,11580489360.00,D
7656,11580500200.00,F
7657,11580511040.00,B
7658,11580521920.00,3
7659,11580532760.00,3
7660,11580543600.00,D
7661,11580554440.00,8
7662,11580565280.00,4
7663,11580576160.00,6
7664,11580587000.00,1
7665,11580597840.00,D
7666,11580608680.00,0
7667,11580619520.00,1
7668,11580630400.00,F
7669,11580641240.00,F
7670,11580652080.00,2
7671,11580662920.00,8
7672,11580673800.00,4
7673,11580684640.00,1
7674,11580695480.00,3
7675,11580706320.00,5
7676,11580717160.00,1
7677,11580728000.00,0
7678,11580738880.00,8
7679,11580749720.00,E
7680,11580760560.00,1
7681,11580771400.00,A
7682,11580782240.00,4
7683,11580793120.00,A
7684,11580803960.00,8
7685,11580814800.00,8
7686,11580825640.00,1
7687,11580836480.00,4
7688,11580847360.00,E
7689,11580858200.00,C
7690,11580869040.00,9
7691,11580879880.00,B
7692,11580890760.00,C
7693,11580901600.00,D
7694,11580912440.00,7
7695,11580923280.00,7
7696,11580934120.00,5
7697,11580944960.00,E
7698,11580955840.00,A
7699,11580966680.00,C
7700,11580977520.00,A
7701,11580988360.00,9
7702,11580999200.00,3
7703,11581010080.00,2
7704,11581020920.00,4
7705,11581031760.00,3
7706,11581042600.00,9
7707,11581053440.00,4
7708,11581064320.00,2
7709,11581075160.00,8
7710,11581086000.00,A
7711,11581096840.00,2
7712,11581107720.00,E
7713,11581118560.00,2
7714,11581129400.00,6
7715,11581140240.00,7
7716,11581151080.00,C
7717,11581161960.00,A
7718,11581172800.00,2
7719,11581183640.00,4
7720,11581194480.00,1
7721,11581205320.00,3
7722,11581216160.00,9
7723,11581227040.00,4
7724,11581237880.00,F
7725,11581248720.00,7
7726,11581259560.00,A
7727,11581270400.00,D
7728,11581281280.00,2
7729,11581292120.00,5
7730,11581302960.00,A
7731,11581313800.00,8
7732,11581324680.00,5
7733,11581335520.00,E
7734,11581346360.00,2
7735,11581357200.00,B
7736,11581368040.00,E
7737,11581378920.00,A
7738,11581389760.00,E
7739,11581400600.00,3
7740,11581411440.00,A
7741,11581422280.00,8
7742,11581433120.00,9
7743,11581444000.00,A
7744,11581454840.00,4
7745,11581465680.00,B
7746,11581476520.00,D
7747,11581487360.00,5
7748,11581498240.00,B
7749,11581509080.00,C
7750,11581519920.00,F
7751,11581530760.00,1
7752,11581541640.00,7
7753,11581552480.00,0
7754,11581563320.00,E
7755,11581574160.00,C
7756,11581585000.00,A
7757,11581595880.00,4
7758,11581606720.00,7
7759,11581617560.00,3
7760,11581628400.00,4
7761,11581639240.00,A
7762,11581650080.00,2
7763,11581660960.00,A
7764,11581671800.00,4
7765,11581682640.00,D
7766,11581693480.00,8
7767,11581704320.00,0
7768,11581715200.00,9
7769,11581726040.00,D
7770,11581736880.00,6
7771,11581747720.00,8
7772,11581758600.00,C
7773,11581769440.00,D
7774,11581780280.00,A
7775,11581791120.00,C
7776,11581801960.00,7
7777,11581812840.00,4
7778,11581823680.00,8
7779,11581834520.00,B
7780,11581845360.00,2
7781,11581856200.00,1
7782,11581867040.00,D
7783,11581877920.00,F
7784,11581888760.00,2
7785,11581899600.00,7
7786,11581910440.00,C
7787,11581921280.00,5
7788,11581932160.00,E
7789,11581943000.00,5
7790,11581953840.00,A
7791,11581964680.00,B
7792,11581975560.00,A
7793,11581986400.00,2
7794,11581997240.00,F
7795,11582008080.00,C
7796,11582018920.00,5
7797,11582029800.00,9
7798,11582040640.00,1
7799,11582051480.00,9
7800,11582062320.00,9
7801,11582073160.00,7
7802,11582084000.00,D
7803,11582094880.00,E
7804,11582105720.00,1
7805,11582116560.00,1
7806,11582127400.00,5
7807,11582138240.00,B
7808,11582149120.00,6
7809,11582159960.00,7
7810,11582170800.00,3
7811,11582181640.00,0
7812,11582192520.00,8
7813,11582203360.00,7
7814,11582214200.00,C
7815,11582225040.00,9
7816,11582235880.00,3
7817,11582246760.00,0
7818,11582257600.00,E
7819,11582268440.00,6
7820,11582279280.00,5
7821,11582290120.00,0
7822,11582301000.00,8
7823,11582311840.00,3
7824,11582322680.00,A
7825,11582333520.00,D
7826,11582344360.00,3
7827,11582355200.00,A
7828,11582366080.00,1
7829,11582376920.00,D
7830,11582387760.00,1
7831,11582398600.00,3
7832,11582409480.00,C
7833,11582420320.00,2
7834,11582431160.00,8
7835,11582442000.00,4
7836,11582452840.00,6
7837,11582463720.00,4
7838,11582474560.00,C
7839,11582485400.00,E
7840,11582496240.00,4
7841,11582507080.00,5
7842,11582517960.00,5
7843,11582528800.00,8
7844,11582539640.00,9
7845,11582550480.00,E
7846,11582561320.00,8
7847,11582572160.00,C
7848,11582583040.00,8
7849,11582593880.00,6
7850,11582604720.00,8
7851,11582615560.00,C
7852,11582626440.00,9
7853,11582637280.00,4
7854,11582648120.00,C
7855,11582658960.00,C
7856,11582669800.00,D
7857,11582680680.00,B
7858,11582691520.00,2
7859,11582702360.00,0
7860,11582713200.00,3
7861,11582724040.00,A
7862,11582734920.00,5
7863,11582745760.00,A
7864,11582756600.00,9
7865,11582767440.00,2
7866,11582778280.00,3
7867,11582789120.00,6
7868,11582800000.00,1
7869,11582810840.00,3
7870,11582821680.00,5
7871,11582832520.00,D
7872,11582843400.00,3
7873,11582854240.00,D
7874,11582865080.00,1
7875,11582875920.00,8
7876,11582886760.00,F
7877,11582897640.00,E
7878,11582908480.00,8
7879,11582919320.00,4
7880,11582930160.00,8
7881,11582941000.00,F
7882,11582951880.00,0
7883,11582962720.00,B
7884,11582973560.00,A
7885,11582984400.00,B
7886,11582995240.00,5
7887,11583006080.00,0
7888,11583016960.00,7
7889,11583027800.00,[0D]
7890,11583038640.00,[0A]
7891,11632636880.00,[0D]
7892,11632647720.00,[0A]
7893,11632658560.00,+
7894,11632669400.00,M
7895,11632680280.00,I
7896,11632691120.00,P
7897,11632701960.00,U
7898,11632712800.00,R
7899,11632723640.00,C
7900,11632734520.00,:
7901,11632745360.00,[20]
7902,11632756200.00,"
7903,11632767040.00,r
7904,11632777880.00,t
7905,11632788760.00,c
7906,11632799600.00,p
7907,11632810440.00,"
7908,11632821280.00,,
7909,11632832120.00,0
7910,11632843000.00,,
7911,11632853840.00,2
7912,11632864680.00,0
7913,11632875520.00,9
7914,11632886360.00,,
7915,11632897240.00,8
7916,11632908080.00,2
7917,11632918920.00,7
7918,11632929760.00,E
7919,11632940600.00,0
7920,11632951480.00,0
7921,11632962320.00,C
7922,11632973160.00,D
7923,11632984000.00,0
7924,11632994840.00,0
7925,11633005720.00,0
7926,11633016560.00,0
7927,11633027400.00,0
7928,11633038240.00,0
7929,11633049080.00,C
7930,11633059960.00,9
7931,11633070800.00,6
7932,11633081640.00,B
7933,11633092480.00,8
7934,11633103320.00,3
7935,11633114200.00,4
7936,11633125040.00,3
7937,11633135880.00,4
7938,11633146720.00,3
7939,11633157560.00,B
7940,11633168440.00,2
7941,11633179280.00,2
7942,11633190120.00,E
7943,11633200960.00,A
7944,11633211800.00,4
7945,11633222680.00,C
7946,11633233520.00,D
7947,11633244360.00,E
7948,11633255200.00,6
7949,11633266040.00,B
7950,11633276920.00,B
7951,11633287760.00,5
7952,11633298600.00,F
7953,11633309440.00,D
7954,11633320280.00,7
7955,11633331160.00,E
7956,11633342000.00,E
7957,11633352840.00,1
7958,11633363680.00,6
7959,11633374520.00,6
7960,11633385400.00,D
7961,11633396240.00,3
7962,11633407080.00,4
7963,11633417920.00,0
7964,11633428760.00,A
7965,11633439640.00,5
7966,11633450480.00,8
7967,11633461320.00,1
7968,11633472160.00,2
7969,11633483000.00,6
7970,11633493880.00,A
7971,11633504720.00,8
7972,11633515560.00,5
7973,11633526400.00,A
7974,11633537240.00,D
7975,11633548120.00,F
7976,11633558960.00,9
7977,11633569800.00,B
7978,11633580640.00,7
7979,11633591480.00,0
7980,11633602360.00,D
7981,11633613200.00,C
7982,11633624040.00,D
7983,11633634880.00,5
7984,11633645720.00,3
7985,11633656600.00,3
7986,11633667440.00,E
7987,11633678280.00,C
7988,11633689120.00,E
7989,11633699960.00,F
7990,11633710840.00,6
7991,11633721680.00,8
7992,11633732520.00,C
7993,11633743360.00,1
7994,11633754200.00,5
7995,11633765080.00,B
7996,11633775920.00,5
7997,11633786760.00,0
7998,11633797600.00,8
7999,11633808440.00,5
8000,11633819320.00,F
8001,11633830160.00,6
8002,11633841000.00,E
8003,11633851840.00,8
8004,11633862680.00,6
8005,11633873560.00,0
8006,11633884400.00,6
8007,11633895240.00,5
8008,11633906080.00,E
8009,11633916920.00,8
8010,11633927800.00,5
8011,11633938640.00,7
8012,11633949480.00,0
8013,11633960320.00,1
8014,11633971160.00,5
8015,11633982040.00,5
8016,11633992880.00,8
8017,11634003720.00,4
8018,11634014560.00,0
8019,11634025400.00,1
8020,11634036280.00,B
8021,11634047120.00,D
8022,11634057960.00,3
8023,11634068800.00,4
8024,11634079640.00,6
8025,11634090520.00,4
8026,11634101360.00,3
8027,11634112200.00,F
8028,11634123040.00,8
8029,11634133880.00,7
8030,11634144760.00,1
8031,11634155600.00,3
8032,11634166440.00,B
8033,11634177280.00,8
8034,11634188120.00,9
8035,11634199000.00,B
8036,11634209840.00,D
8037,11634220680.00,4
8038,11634231520.00,A
8039,11634242360.00,9
8040,11634253240.00,8
8041,11634264080.00,2
8042,11634274920.00,A
8043,11634285760.00,B
8044,11634296600.00,9
8045,11634307480.00,7
8046,11634318320.00,B
8047,11634329160.00,A
8048,11634340000.00,3
8049,11634350840.00,8
8050,11634361720.00,2
8051,11634372560.00,6
8052,11634383400.00,8
8053,11634394240.00,0
8054,11634405080.00,D
8055,11634415960.00,A
8056,11634426800.00,B
8057,11634437640.00,0
8058,11634448480.00,0
8059,11634459320.00,4
8060,11634470200.00,8
8061,11634481040.00,4
8062,11634491880.00,6
8063,11634502720.00,5
8064,11634513560.00,1
8065,11634524440.00,F
8066,11634535280.00,1
8067,11634546120.00,A
8068,11634556960.00,0
8069,11634567800.00,2
8070,11634578680.00,3
8071,11634589520.00,3
8072,11634600360.00,4
8073,11634611200.00,B
8074,11634622040.00,5
8075,11634632920.00,0
8076,11634643760.00,9
8077,11634654600.00,9
8078,11634665440.00,C
8079,11634676320.00,6
8080,11634687160.00,2
8081,11634698000.00,E
8082,11634708840.00,2
8083,11634719680.00,C
8084,11634730520.00,8
8085,11634741400.00,9
8086,11634752240.00,C
8087,11634763080.00,E
8088,11634773920.00,F
8089,11634784760.00,9
8090,11634795640.00,2
8091,11634806480.00,3
8092,11634817320.00,F
8093,11634828160.00,7
8094,11634839000.00,4
8095,11634849880.00,B
8096,11634860720.00,9
8097,11634871560.00,7
8098,11634882400.00,3
8099,11634893280.00,7
8100,11634904120.00,0
8101,11634914960.00,3
8102,11634925800.00,5
8103,11634936640.00,9
8104,11634947480.00,3
8105,11634958360.00,1
8106,11634969200.00,B
8107,11634980040.00,8
8108,11634990880.00,9
8109,11635001720.00,8
8110,11635012600.00,A
8111,11635023440.00,4
8112,11635034280.00,6
8113,11635045120.00,B
8114,11635055960.00,0
8115,11635066840.00,C
8116,11635077680.00,6
8117,11635088520.00,F
8118,11635099360.00,4
8119,11635110240.00,0
8120,11635121080.00,A
8121,11635131920.00,0
8122,11635142760.00,D
8123,11635153600.00,E
8124,11635164440.00,1
8125,11635175320.00,E
8126,11635186160.00,A
8127,11635197000.00,2
8128,11635207840.00,1
8129,11635218680.00,4
8130,11635229560.00,4
8131,11635240400.00,3
8132,11635251240.00,E
8133,11635262080.00,4
8134,11635272920.00,F
8135,11635283800.00,8
8136,11635294640.00,8
8137,11635305480.00,5
8138,11635316320.00,C
8139,11635327200.00,F
8140,11635338040.00,9
8141,11635348880.00,7
8142,11635359720.00,8
8143,11635370560.00,5
8144,11635381400.00,3
8145,11635392280.00,0
8146,11635403120.00,A
8147,11635413960.00,3
8148,11635424800.00,6
8149,11635435640.00,1
8150,11635446520.00,F
8151,11635457360.00,7
8152,11635468200.00,0
8153,11635479040.00,2
8154,11635489880.00,D
8155,11635500760.00,2
8156,11635511600.00,5
8157,11635522440.00,D
8158,11635533280.00,B
8159,11635544160.00,8
8160,11635555000.00,A
8161,11635565840.00,9
8162,11635576680.00,1
8163,11635587520.00,B
8164,11635598400.00,4
8165,11635609240.00,B
8166,11635620080.00,1
8167,11635630920.00,C
8168,11635641760.00,A
8169,11635652600.00,3
8170,11635663480.00,8
8171,11635674320.00,8
8172,11635685160.00,2
8173,11635696000.00,D
8174,11635706840.00,0
8175,11635717720.00,2
8176,11635728560.00,3
8177,11635739400.00,B
8178,11635750240.00,0
8179,11635761120.00,F
8180,11635771960.00,9
8181,11635782800.00,5
8182,11635793640.00,C
8183,11635804480.00,8
8184,11635815360.00,E
8185,11635826200.00,D
8186,11635837040.00,5
8187,11635847880.00,E
8188,11635858720.00,1
8189,11635869560.00,B
8190,11635880440.00,9
8191,11635891280.00,A
8192,11635902120.00,E
8193,11635912960.00,A
8194,11635923800.00,7
8195,11635934680.00,9
8196,11635945520.00,E
8197,11635956360.00,2
8198,11635967200.00,2
8199,11635978080.00,6
8200,11635988920.00,5
8201,11635999760.00,5
8202,11636010600.00,9
8203,11636021440.00,C
8204,11636032320.00,F
8205,11636043160.00,6
8206,11636054000.00,4
8207,11636064840.00,B
8208,11636075680.00,5
8209,11636086520.00,2
8210,11636097400.00,4
8211,11636108240.00,D
8212,11636119080.00,3
8213,11636129920.00,4
8214,11636140760.00,5
8215,11636151640.00,3
8216,11636162480.00,2
8217,11636173320.00,A
8218,11636184160.00,9
8219,11636195040.00,0
8220,11636205880.00,3
8221,11636216720.00,3
8222,11636227560.00,E
8223,11636238400.00,5
8224,11636249280.00,E
8225,11636260120.00,5
8226,11636270960.00,B
8227,11636281800.00,B
8228,11636292640.00,C
8229,11636303480.00,E
8230,11636314360.00,2
8231,11636325200.00,3
8232,11636336040.00,B
8233,11636346880.00,8
8234,11636357720.00,A
8235,11636368600.00,A
8236,11636379440.00,1
8237,11636390280.00,4
8238,11636401120.00,F
8239,11636412000.00,F
8240,11636422840.00,C
8241,11636433680.00,7
8242,11636444520.00,8
8243,11636455360.00,F
8244,11636466240.00,3
8245,11636477080.00,C
8246,11636487920.00,A
8247,11636498760.00,A
8248,11636509600.00,6
8249,11636520440.00,6
8250,11636531320.00,3
8251,11636542160.00,1
8252,11636553000.00,A
8253,11636563840.00,3
8254,11636574680.00,F
8255,11636585560.00,E
8256,11636596400.00,F
8257,11636607240.00,9
8258,11636618080.00,0
8259,11636628960.00,A
8260,11636639800.00,6
8261,11636650640.00,7
8262,11636661480.00,2
8263,11636672320.00,0
8264,11636683200.00,8
8265,11636694040.00,C
8266,11636704880.00,C
8267,11636715720.00,4
8268,11636726560.00,E
8269,11636737440.00,C
8270,11636748280.00,C
8271,11636759120.00,C
8272,11636769960.00,4
8273,11636780800.00,5
8274,11636791640.00,6
8275,11636802520.00,9
8276,11636813360.00,9
8277,11636824200.00,8
8278,11636835040.00,7
8279,11636845920.00,1
8280,11636856760.00,3
8281,11636867600.00,1
8282,11636878440.00,5
8283,11636889280.00,D
8284,11636900160.00,2
8285,11636911000.00,B
8286,11636921840.00,B
8287,11636932680.00,A
8288,11636943520.00,0
8289,11636954400.00,E
8290,11636965240.00,5
8291,11636976080.00,F
8292,11636986920.00,8
8293,11636997760.00,7
8294,11637008600.00,4
8295,11637019480.00,8
8296,11637030320.00,5
8297,11637041160.00,4
8298,11637052000.00,1
8299,11637062880.00,F
8300,11637073720.00,A
8301,11637084560.00,C
8302,11637095400.00,6
8303,11637106240.00,F
8304,11637117120.00,C
8305,11637127960.00,4
8306,11637138800.00,7
8307,11637149640.00,B
8308,11637160480.00,5
8309,11637171360.00,5
8310,11637182200.00,8
8311,11637193040.00,9
8312,11637203880.00,7
8313,11637214720.00,8
8314,11637225560.00,7
8315,11637236440.00,7
8316,11637247280.00,4
8317,11637258120.00,B
8318,11637268960.00,B
8319,11637279840.00,C
8320,11637290680.00,1
8321,11637301520.00,7
8322,11637312360.00,0
8323,11637323200.00,4
8324,11637334080.00,7
8325,11637344920.00,7
8326,11637355760.00,0
8327,11637366600.00,0
8328,11637377440.00,5
8329,11637388320.00,2
8330,11637399160.00,C
8331,11637410000.00,E
8332,11637420840.00,3
8333,11637431680.00,[0D]
8334,11637442560.00,[0A]
8335,11698836920.00,[0D]
8336,11698847760.00,[0A]
8337,11698858600.00,+
8338,11698869440.00,M
8339,11698880280.00,I
8340,11698891160.00,P
8341,11698902000.00,U
8342,11698912840.00,R
8343,11698923680.00,C
8344,11698934520.00,:
8345,11698945400.00,[20]
8346,11698956240.00,"
8347,11698967080.00,r
8348,11698977920.00,t
8349,11698988760.00,c
8350,11698999640.00,p
8351,11699010480.00,"
8352,11699021320.00,,
8353,11699032160.00,0
8354,11699043000.00,,
8355,11699053880.00,2
8356,11699064720.00,0
8357,11699075560.00,2
8358,11699086400.00,,
8359,11699097240.00,8
8360,11699108120.00,2
8361,11699118960.00,7
8362,11699129800.00,E
8363,11699140640.00,0
8364,11699151480.00,0
8365,11699162360.00,C
8366,11699173200.00,6
8367,11699184040.00,0
8368,11699194880.00,0
8369,11699205720.00,0
8370,11699216600.00,0
8371,11699227440.00,0
8372,11699238280.00,0
8373,11699249120.00,C
8374,11699259960.00,2
8375,11699270840.00,6
8376,11699281680.00,B
8377,11699292520.00,8
8378,11699303360.00,3
8379,11699314200.00,3
8380,11699325080.00,E
8381,11699335920.00,4
8382,11699346760.00,5
8383,11699357600.00,B
8384,11699368480.00,6
8385,11699379320.00,4
8386,11699390160.00,2
8387,11699401000.00,6
8388,11699411840.00,2
8389,11699422680.00,4
8390,11699433560.00,D
8391,11699444400.00,9
8392,11699455240.00,4
8393,11699466080.00,5
8394,11699476920.00,F
8395,11699487800.00,1
8396,11699498640.00,8
8397,11699509480.00,2
8398,11699520320.00,C
8399,11699531160.00,D
8400,11699542040.00,9
8401,11699552880.00,7
8402,11699563720.00,A
8403,11699574560.00,1
8404,11699585400.00,7
8405,11699596280.00,F
8406,11699607120.00,D
8407,11699617960.00,0
8408,11699628800.00,B
8409,11699639640.00,F
8410,11699650520.00,E
8411,11699661360.00,1
8412,11699672200.00,5
8413,11699683040.00,E
8414,11699693880.00,A
8415,11699704760.00,1
8416,11699715600.00,A
8417,11699726440.00,D
8418,11699737280.00,8
8419,11699748120.00,5
8420,11699759000.00,C
8421,11699769840.00,0
8422,11699780680.00,3
8423,11699791520.00,D
8424,11699802360.00,B
8425,11699813240.00,4
8426,11699824080.00,9
8427,11699834920.00,5
8428,11699845760.00,9
8429,11699856600.00,8
8430,11699867480.00,A
8431,11699878320.00,5
8432,11699889160.00,B
8433,11699900000.00,3
8434,11699910840.00,3
8435,11699921720.00,9
8436,11699932560.00,0
8437,11699943400.00,E
8438,11699954240.00,C
8439,11699965080.00,D
8440,11699975960.00,F
8441,11699986800.00,F
8442,11699997640.00,B
8443,11700008480.00,3
8444,11700019360.00,D
8445,11700030200.00,E
8446,11700041040.00,4
8447,11700051880.00,2
8448,11700062720.00,2
8449,11700073560.00,F
8450,11700084440.00,4
8451,11700095280.00,5
8452,11700106120.00,D
8453,11700116960.00,3
8454,11700127800.00,1
8455,11700138680.00,D
8456,11700149520.00,B
8457,11700160360.00,3
8458,11700171200.00,2
8459,11700182040.00,F
8460,11700192920.00,0
8461,11700203760.00,7
8462,11700214600.00,8
8463,11700225440.00,E
8464,11700236320.00,B
8465,11700247160.00,2
8466,11700258000.00,4
8467,11700268840.00,8
8468,11700279680.00,D
8469,11700290520.00,E
8470,11700301400.00,B
8471,11700312240.00,2
8472,11700323080.00,0
8473,11700333920.00,0
8474,11700344760.00,2
8475,11700355640.00,B
8476,11700366480.00,0
8477,11700377320.00,D
8478,11700388160.00,4
8479,11700399000.00,D
8480,11700409880.00,6
8481,11700420720.00,6
8482,11700431560.00,8
8483,11700442400.00,2
8484,11700453280.00,A
8485,11700464120.00,A
8486,11700474960.00,6
8487,11700485800.00,4
8488,11700496640.00,C
8489,11700507480.00,0
8490,11700518360.00,D
8491,11700529200.00,C
8492,11700540040.00,1
8493,11700550880.00,C
8494,11700561720.00,1
8495,11700572600.00,1
8496,11700583440.00,5
8497,11700594280.00,B
8498,11700605120.00,3
8499,11700615960.00,E
8500,11700626840.00,3
8501,11700637680.00,B
8502,11700648520.00,4
8503,11700659360.00,9
8504,11700670240.00,F
8505,11700681080.00,A
8506,11700691920.00,5
8507,11700702760.00,B
8508,11700713600.00,6
8509,11700724440.00,4
8510,11700735320.00,8
8511,11700746160.00,3
8512,11700757000.00,C
8513,11700767840.00,4
8514,11700778680.00,A
8515,11700789560.00,9
8516,11700800400.00,2
8517,11700811240.00,2
8518,11700822080.00,E
8519,11700832920.00,E
8520,11700843800.00,0
8521,11700854640.00,C
8522,11700865480.00,5
8523,11700876320.00,B
8524,11700887200.00,8
8525,11700898040.00,E
8526,11700908880.00,9
8527,11700919720.00,9
8528,11700930560.00,7
8529,11700941400.00,E
8530,11700952280.00,F
8531,11700963120.00,D
8532,11700973960.00,7
8533,11700984800.00,3
8534,11700995640.00,0
8535,11701006520.00,1
8536,11701017360.00,2
8537,11701028200.00,A
8538,11701039040.00,6
8539,11701049880.00,D
8540,11701060760.00,0
8541,11701071600.00,F
8542,11701082440.00,6
8543,11701093280.00,8
8544,11701104160.00,3
8545,11701115000.00,1
8546,11701125840.00,0
8547,11701136680.00,3
8548,11701147520.00,C
8549,11701158400.00,5
8550,11701169240.00,F
8551,11701180080.00,6
8552,11701190920.00,D
8553,11701201760.00,3
8554,11701212600.00,A
8555,11701223480.00,C
8556,11701234320.00,F
8557,11701245160.00,A
8558,11701256000.00,A
8559,11701266840.00,D
8560,11701277720.00,F
8561,11701288560.00,3
8562,11701299400.00,2
8563,11701310240.00,D
8564,11701321120.00,1
8565,11701331960.00,D
8566,11701342800.00,7
8567,11701353640.00,6
8568,11701364480.00,C
8569,11701375360.00,8
8570,11701386200.00,9
8571,11701397040.00,5
8572,11701407880.00,8
8573,11701418720.00,C
8574,11701429560.00,4
8575,11701440440.00,1
8576,11701451280.00,E
8577,11701462120.00,0
8578,11701472960.00,7
8579,11701483800.00,A
8580,11701494680.00,7
8581,11701505520.00,A
8582,11701516360.00,D
8583,11701527200.00,2
8584,11701538080.00,5
8585,11701548920.00,3
8586,11701559760.00,A
8587,11701570600.00,4
8588,11701581440.00,2
8589,11701592320.00,4
8590,11701603160.00,E
8591,11701614000.00,6
8592,11701624840.00,7
8593,11701635680.00,C
8594,11701646520.00,6
8595,11701657400.00,2
8596,11701668240.00,D
8597,11701679080.00,4
8598,11701689920.00,4
8599,11701700760.00,3
8600,11701711640.00,A
8601,11701722480.00,5
8602,11701733320.00,2
8603,11701744160.00,F
8604,11701755040.00,2
8605,11701765880.00,F
8606,11701776720.00,5
8607,11701787560.00,1
8608,11701798400.00,4
8609,11701809280.00,8
8610,11701820120.00,E
8611,11701830960.00,4
8612,11701841800.00,D
8613,11701852640.00,0
8614,11701863520.00,F
8615,11701874360.00,E
8616,11701885200.00,9
8617,11701896040.00,7
8618,11701906880.00,E
8619,11701917720.00,5
8620,11701928600.00,C
8621,11701939440.00,1
8622,11701950280.00,E
8623,11701961120.00,B
8624,11701972000.00,9
8625,11701982840.00,9
8626,11701993680.00,4
8627,11702004520.00,F
8628,11702015360.00,C
8629,11702026240.00,2
8630,11702037080.00,C
8631,11702047920.00,9
8632,11702058760.00,B
8633,11702069600.00,6
8634,11702080480.00,7
8635,11702091320.00,E
8636,11702102160.00,D
8637,11702113000.00,F
8638,11702123840.00,8
8639,11702134680.00,6
8640,11702145560.00,7
8641,11702156400.00,9
8642,11702167240.00,7
8643,11702178080.00,9
8644,11702188960.00,9
8645,11702199800.00,B
8646,11702210640.00,6
8647,11702221480.00,D
8648,11702232320.00,5
8649,11702243200.00,5
8650,11702254040.00,A
8651,11702264880.00,A
8652,11702275720.00,9
8653,11702286560.00,4
8654,11702297440.00,3
8655,11702308280.00,7
8656,11702319120.00,1
8657,11702329960.00,A
8658,11702340800.00,D
8659,11702351640.00,6
8660,11702362520.00,4
8661,11702373360.00,8
8662,11702384200.00,9
8663,11702395040.00,9
8664,11702405920.00,D
8665,11702416760.00,E
8666,11702427600.00,4
8667,11702438440.00,E
8668,11702449280.00,C
8669,11702460160.00,3
8670,11702471000.00,3
8671,11702481840.00,4
8672,11702492680.00,A
8673,11702503520.00,D
8674,11702514400.00,E
8675,11702525240.00,4
8676,11702536080.00,4
8677,11702546920.00,A
8678,11702557760.00,4
8679,11702568600.00,3
8680,11702579480.00,3
8681,11702590320.00,E
8682,11702601160.00,F
8683,11702612000.00,B
8684,11702622880.00,5
8685,11702633720.00,9
8686,11702644560.00,B
8687,11702655400.00,5
8688,11702666240.00,0
8689,11702677120.00,9
8690,11702687960.00,4
8691,11702698800.00,C
8692,11702709640.00,8
8693,11702720480.00,3
8694,11702731360.00,3
8695,11702742200.00,8
8696,11702753040.00,4
8697,11702763880.00,C
8698,11702774720.00,8
8699,11702785560.00,7
8700,11702796440.00,1
8701,11702807280.00,D
8702,11702818120.00,3
8703,11702828960.00,B
8704,11702839840.00,6
8705,11702850680.00,9
8706,11702861520.00,7
8707,11702872360.00,E
8708,11702883200.00,9
8709,11702894080.00,B
8710,11702904920.00,C
8711,11702915760.00,6
8712,11702926600.00,8
8713,11702937440.00,D
8714,11702948320.00,B
8715,11702959160.00,2
8716,11702970000.00,A
8717,11702980840.00,5
8718,11702991680.00,7
8719,11703002520.00,E
8720,11703013400.00,7
8721,11703024240.00,C
8722,11703035080.00,8
8723,11703045920.00,6
8724,11703056800.00,6
8725,11703067640.00,5
8726,11703078480.00,D
8727,11703089320.00,E
8728,11703100160.00,5
8729,11703111040.00,5
8730,11703121880.00,E
8731,11703132720.00,9
8732,11703143560.00,6
8733,11703154400.00,A
8734,11703165280.00,5
8735,11703176120.00,4
8736,11703186960.00,4
8737,11703197800.00,D
8738,11703208640.00,D
8739,11703219520.00,0
8740,11703230360.00,9
8741,11703241200.00,8
8742,11703252040.00,1
8743,11703262880.00,5
8744,11703273760.00,B
8745,11703284600.00,8
8746,11703295440.00,2
8747,11703306280.00,0
8748,11703317120.00,8
8749,11703328000.00,9
8750,11703338840.00,7
8751,11703349680.00,F
8752,11703360520.00,7
8753,11703371360.00,F
8754,11703382240.00,5
8755,11703393080.00,E
8756,11703403920.00,D
8757,11703414760.00,4
8758,11703425600.00,5
8759,11703436480.00,4
8760,11703447320.00,3
8761,11703458160.00,0
8762,11703469000.00,9
8763,11703479840.00,[0D]
8764,11703490720.00,[0A]
8765,11749821520.00,[0D]
8766,11749832360.00,[0A]
8767,11749843200.00,+
8768,11749854040.00,M
8769,11749864880.00,I
8770,11749875760.00,P
8771,11749886600.00,U
8772,11749897440.00,R
8773,11749908280.00,C
8774,11749919120.00,:
8775,11749930000.00,[20]
8776,11749940840.00,"
8777,11749951680.00,r
8778,11749962520.00,t
8779,11749973360.00,c
8780,11749984240.00,p
8781,11749995080.00,"
8782,11750005920.00,,
8783,11750016760.00,0
8784,11750027600.00,,
8785,11750038480.00,1
8786,11750049320.00,8
8787,11750060160.00,1
8788,11750071000.00,,
8789,11750081840.00,8
8790,11750092720.00,2
8791,11750103560.00,7
8792,11750114400.00,E
8793,11750125240.00,0
8794,11750136080.00,0
8795,11750146960.00,B
8796,11750157800.00,1
8797,11750168640.00,0
8798,11750179480.00,0
8799,11750190320.00,0
8800,11750201200.00,0
8801,11750212040.00,0
8802,11750222880.00,0
8803,11750233720.00,A
8804,11750244560.00,D
8805,11750255440.00,6
8806,11750266280.00,B
8807,11750277120.00,8
8808,11750287960.00,3
8809,11750298800.00,3
8810,11750309680.00,9
8811,11750320520.00,3
8812,11750331360.00,A
8813,11750342200.00,B
8814,11750353040.00,6
8815,11750363920.00,F
8816,11750374760.00,1
8817,11750385600.00,8
8818,11750396440.00,B
8819,11750407280.00,D
8820,11750418160.00,F
8821,11750429000.00,E
8822,11750439840.00,4
8823,11750450680.00,9
8824,11750461520.00,0
8825,11750472400.00,D
8826,11750483240.00,C
8827,11750494080.00,0
8828,11750504920.00,6
8829,11750515760.00,8
8830,11750526640.00,5
8831,11750537480.00,3
8832,11750548320.00,F
8833,11750559160.00,6
8834,11750570000.00,1
8835,11750580880.00,C
8836,11750591720.00,7
8837,11750602560.00,7
8838,11750613400.00,A
8839,11750624240.00,9
8840,11750635120.00,0
8841,11750645960.00,4
8842,11750656800.00,A
8843,11750667640.00,F
8844,11750678480.00,B
8845,11750689360.00,F
8846,11750700200.00,0
8847,11750711040.00,1
8848,11750721880.00,7
8849,11750732720.00,C
8850,11750743600.00,2
8851,11750754440.00,1
8852,11750765280.00,8
8853,11750776120.00,8
8854,11750786960.00,C
8855,11750797840.00,0
8856,11750808680.00,B
8857,11750819520.00,F
8858,11750830360.00,A
8859,11750841200.00,C
8860,11750852080.00,2
8861,11750862920.00,D
8862,11750873760.00,8
8863,11750884600.00,4
8864,11750895440.00,7
8865,11750906320.00,7
8866,11750917160.00,B
8867,11750928000.00,9
8868,11750938840.00,D
8869,11750949720.00,C
8870,11750960560.00,E
8871,11750971400.00,4
8872,11750982240.00,5
8873,11750993080.00,2
8874,11751003920.00,5
8875,11751014800.00,1
8876,11751025640.00,1
8877,11751036480.00,0
8878,11751047320.00,A
8879,11751058160.00,F
8880,11751069040.00,F
8881,11751079880.00,A
8882,11751090720.00,0
8883,11751101560.00,4
8884,11751112400.00,3
8885,11751123280.00,E
8886,11751134120.00,5
8887,11751144960.00,D
8888,11751155800.00,B
8889,11751166680.00,9
8890,11751177520.00,E
8891,11751188360.00,B
8892,11751199200.00,5
8893,11751210040.00,5
8894,11751220880.00,3
8895,11751231760.00,5
8896,11751242600.00,2
8897,11751253440.00,6
8898,11751264280.00,B
8899,11751275120.00,C
8900,11751286000.00,F
8901,11751296840.00,8
8902,11751307680.00,9
8903,11751318520.00,5
8904,11751329360.00,C
8905,11751340240.00,8
8906,11751351080.00,D
8907,11751361920.00,D
8908,11751372760.00,B
8909,11751383640.00,4
8910,11751394480.00,2
8911,11751405320.00,0
8912,11751416160.00,C
8913,11751427000.00,7
8914,11751437840.00,1
8915,11751448720.00,8
8916,11751459560.00,F
8917,11751470400.00,3
8918,11751481240.00,B
8919,11751492080.00,3
8920,11751502960.00,E
8921,11751513800.00,9
8922,11751524640.00,3
8923,11751535480.00,3
8924,11751546320.00,D
8925,11751557200.00,F
8926,11751568040.00,5
8927,11751578880.00,B
8928,11751589720.00,7
8929,11751600600.00,0
8930,11751611440.00,5
8931,11751622280.00,F
8932,11751633120.00,A
8933,11751643960.00,3
8934,11751654800.00,4
8935,11751665680.00,C
8936,11751676520.00,F
8937,11751687360.00,A
8938,11751698200.00,D
8939,11751709040.00,1
8940,11751719920.00,8
8941,11751730760.00,2
8942,11751741600.00,B
8943,11751752440.00,0
8944,11751763280.00,E
8945,11751774160.00,3
8946,11751785000.00,8
8947,11751795840.00,1
8948,11751806680.00,C
8949,11751817560.00,9
8950,11751828400.00,8
8951,11751839240.00,B
8952,11751850080.00,4
8953,11751860920.00,E
8954,11751871800.00,A
8955,11751882640.00,E
8956,11751893480.00,6
8957,11751904320.00,C
8958,11751915160.00,2
8959,11751926000.00,4
8960,11751936880.00,B
8961,11751947720.00,8
8962,11751958560.00,5
8963,11751969400.00,6
8964,11751980240.00,8
8965,11751991120.00,0
8966,11752001960.00,6
8967,11752012800.00,8
8968,11752023640.00,D
8969,11752034520.00,F
8970,11752045360.00,7
8971,11752056200.00,8
8972,11752067040.00,2
8973,11752077880.00,F
8974,11752088760.00,5
8975,11752099600.00,9
8976,11752110440.00,5
8977,11752121280.00,5
8978,11752132120.00,B
8979,11752142960.00,7
8980,11752153840.00,F
8981,11752164680.00,9
8982,11752175520.00,E
8983,11752186360.00,B
8984,11752197200.00,3
8985,11752208080.00,C
8986,11752218920.00,9
8987,11752229760.00,4
8988,11752240600.00,A
8989,11752251480.00,D
8990,11752262320.00,A
8991,11752273160.00,2
8992,11752284000.00,4
8993,11752294840.00,A
8994,11752305720.00,1
8995,11752316560.00,9
8996,11752327400.00,6
8997,11752338240.00,8
8998,11752349080.00,A
8999,11752359960.00,0
9000,11752370800.00,A
9001,11752381640.00,A
9002,11752392480.00,E
9003,11752403320.00,E
9004,11752414160.00,9
9005,11752425040.00,F
9006,11752435880.00,9
9007,11752446720.00,3
9008,11752457560.00,5
9009,11752468440.00,8
9010,11752479280.00,D
9011,11752490120.00,7
9012,11752500960.00,E
9013,11752511800.00,D
9014,11752522680.00,0
9015,11752533520.00,7
9016,11752544360.00,2
9017,11752555200.00,9
9018,11752566040.00,B
9019,11752576920.00,C
9020,11752587760.00,8
9021,11752598600.00,3
9022,11752609440.00,6
9023,11752620280.00,1
9024,11752631120.00,2
9025,11752642000.00,2
9026,11752652840.00,5
9027,11752663680.00,2
9028,11752674520.00,2
9029,11752685400.00,E
9030,11752696240.00,2
9031,11752707080.00,8
9032,11752717920.00,3
9033,11752728760.00,3
9034,11752739640.00,5
9035,11752750480.00,3
9036,11752761320.00,9
9037,11752772160.00,D
9038,11752783000.00,E
9039,11752793880.00,7
9040,11752804720.00,9
9041,11752815560.00,A
9042,11752826400.00,6
9043,11752837240.00,B
9044,11752848080.00,7
9045,11752858960.00,D
9046,11752869800.00,2
9047,11752880640.00,5
9048,11752891480.00,8
9049,11752902360.00,7
9050,11752913200.00,C
9051,11752924040.00,8
9052,11752934880.00,3
9053,11752945720.00,3
9054,11752956600.00,0
9055,11752967440.00,A
9056,11752978280.00,8
9057,11752989120.00,1
9058,11752999960.00,2
9059,11753010840.00,A
9060,11753021680.00,A
9061,11753032520.00,1
9062,11753043360.00,A
9063,11753054200.00,3
9064,11753065040.00,2
9065,11753075920.00,A
9066,11753086760.00,B
9067,11753097600.00,E
9068,11753108440.00,E
9069,11753119320.00,E
9070,11753130160.00,0
9071,11753141000.00,9
9072,11753151840.00,0
9073,11753162680.00,5
9074,11753173560.00,B
9075,11753184400.00,F
9076,11753195240.00,3
9077,11753206080.00,C
9078,11753216920.00,1
9079,11753227800.00,5
9080,11753238640.00,5
9081,11753249480.00,6
9082,11753260320.00,1
9083,11753271160.00,C
9084,11753282000.00,3
9085,11753292880.00,9
9086,11753303720.00,9
9087,11753314560.00,F
9088,11753325400.00,8
9089,11753336280.00,8
9090,11753347120.00,4
9091,11753357960.00,3
9092,11753368800.00,C
9093,11753379640.00,D
9094,11753390520.00,4
9095,11753401360.00,0
9096,11753412200.00,D
9097,11753423040.00,A
9098,11753433880.00,7
9099,11753444760.00,E
9100,11753455600.00,1
9101,11753466440.00,0
9102,11753477280.00,3
9103,11753488120.00,0
9104,11753499000.00,F
9105,11753509840.00,9
9106,11753520680.00,9
9107,11753531520.00,1
9108,11753542360.00,4
9109,11753553240.00,0
9110,11753564080.00,2
9111,11753574920.00,F
9112,11753585760.00,F
9113,11753596600.00,C
9114,11753607480.00,F
9115,11753618320.00,1
9116,11753629160.00,4
9117,11753640000.00,B
9118,11753650840.00,E
9119,11753661720.00,3
9120,11753672560.00,7
9121,11753683400.00,B
9122,11753694240.00,3
9123,11753705080.00,D
9124,11753715960.00,F
9125,11753726800.00,3
9126,11753737640.00,4
9127,11753748480.00,A
9128,11753759320.00,4
9129,11753770200.00,2
9130,11753781040.00,6
9131,11753791880.00,C
9132,11753802720.00,E
9133,11753813560.00,3
9134,11753824440.00,2
9135,11753835280.00,2
9136,11753846120.00,3
9137,11753856960.00,F
9138,11753867800.00,E
9139,11753878680.00,E
9140,11753889520.00,C
9141,11753900360.00,1
9142,11753911200.00,F
9143,11753922040.00,0
9144,11753932920.00,F
9145,11753943760.00,D
9146,11753954600.00,F
9147,11753965440.00,8
9148,11753976280.00,C
9149,11753987160.00,3
9150,11753998000.00,0
9151,11754008840.00,[0D]
9152,11754019680.00,[0A]
9153,11822810240.00,[0D]
9154,11822821080.00,[0A]
9155,11822831920.00,+
9156,11822842760.00,M
9157,11822853640.00,I
9158,11822864480.00,P
9159,11822875320.00,U
9160,11822886160.00,R
9161,11822897000.00,C
9162,11822907840.00,:
9163,11822918720.00,[20]
9164,11822929560.00,"
9165,11822940400.00,r
9166,11822951240.00,t
9167,11822962080.00,c
9168,11822972960.00,p
9169,11822983800.00,"
9170,11822994640.00,,
9171,11823005480.00,0
9172,11823016320.00,,
9173,11823027200.00,1
9174,11823038040.00,7
9175,11823048880.00,2
9176,11823059720.00,,
9177,11823070600.00,8
9178,11823081440.00,2
9179,11823092280.00,7
9180,11823103120.00,E
9181,11823113960.00,0
9182,11823124840.00,0
9183,11823135680.00,A
9184,11823146520.00,8
9185,11823157360.00,0
9186,11823168200.00,0
9187,11823179040.00,0
9188,11823189920.00,0
9189,11823200760.00,0
9190,11823211600.00,0
9191,11823222440.00,A
9192,11823233280.00,4
9193,11823244160.00,6
9194,11823255000.00,B
9195,11823265840.00,8
9196,11823276680.00,3
9197,11823287560.00,3
9198,11823298400.00,6
9199,11823309240.00,3
9200,11823320080.00,6
9201,11823330920.00,B
9202,11823341800.00,6
9203,11823352640.00,D
9204,11823363480.00,4
9205,11823374320.00,E
9206,11823385160.00,F
9207,11823396000.00,8
9208,11823406880.00,C
9209,11823417720.00,8
9210,11823428560.00,D
9211,11823439400.00,8
9212,11823450240.00,2
9213,11823461120.00,2
9214,11823471960.00,0
9215,11823482800.00,D
9216,11823493640.00,5
9217,11823504520.00,D
9218,11823515360.00,0
9219,11823526200.00,7
9220,11823537040.00,4
9221,11823547880.00,9
9222,11823558760.00,4
9223,11823569600.00,A
9224,11823580440.00,D
9225,11823591280.00,7
9226,11823602120.00,C
9227,11823613000.00,C
9228,11823623840.00,F
9229,11823634680.00,4
9230,11823645520.00,7
9231,11823656360.00,F
9232,11823667200.00,1
9233,11823678080.00,7
9234,11823688920.00,E
9235,11823699760.00,0
9236,11823710600.00,9
9237,11823721480.00,A
9238,11823732320.00,4
9239,11823743160.00,7
9240,11823754000.00,E
9241,11823764840.00,8
9242,11823775720.00,2
9243,11823786560.00,D
9244,11823797400.00,A
9245,11823808240.00,2
9246,11823819080.00,B
9247,11823829960.00,B
9248,11823840800.00,5
9249,11823851640.00,5
9250,11823862480.00,D
9251,11823873320.00,6
9252,11823884160.00,1
9253,11823895040.00,5
9254,11823905880.00,6
9255,11823916720.00,A
9256,11823927560.00,6
9257,11823938440.00,9
9258,11823949280.00,6
9259,11823960120.00,C
9260,11823970960.00,0
9261,11823981800.00,F
9262,11823992680.00,3
9263,11824003520.00,A
9264,11824014360.00,B
9265,11824025200.00,0
9266,11824036040.00,D
9267,11824046920.00,2
9268,11824057760.00,C
9269,11824068600.00,5
9270,11824079440.00,6
9271,11824090280.00,6
9272,11824101120.00,F
9273,11824112000.00,5
9274,11824122840.00,6
9275,11824133680.00,2
9276,11824144520.00,9
9277,11824155400.00,6
9278,11824166240.00,8
9279,11824177080.00,9
9280,11824187920.00,6
9281,11824198760.00,7
9282,11824209640.00,9
9283,11824220480.00,6
9284,11824231320.00,7
9285,11824242160.00,2
9286,11824253000.00,E
9287,11824263880.00,F
9288,11824274720.00,0
9289,11824285560.00,5
9290,11824296400.00,8
9291,11824307240.00,3
9292,11824318080.00,E
9293,11824328960.00,2
9294,11824339800.00,F
9295,11824350640.00,B
9296,11824361480.00,A
9297,11824372360.00,6
9298,11824383200.00,9
9299,11824394040.00,E
9300,11824404880.00,2
9301,11824415720.00,8
9302,11824426600.00,F
9303,11824437440.00,3
9304,11824448280.00,C
9305,11824459120.00,A
9306,11824469960.00,7
9307,11824480840.00,5
9308,11824491680.00,7
9309,11824502520.00,B
9310,11824513360.00,6
9311,11824524200.00,E
9312,11824535040.00,B
9313,11824545920.00,1
9314,11824556760.00,8
9315,11824567600.00,7
9316,11824578440.00,C
9317,11824589320.00,7
9318,11824600160.00,B
9319,11824611000.00,8
9320,11824621840.00,7
9321,11824632680.00,0
9322,11824643560.00,0
9323,11824654400.00,0
9324,11824665240.00,0
9325,11824676080.00,1
9326,11824686920.00,A
9327,11824697800.00,1
9328,11824708640.00,D
9329,11824719480.00,C
9330,11824730320.00,C
9331,11824741160.00,5
9332,11824752000.00,E
9333,11824762880.00,4
9334,11824773720.00,6
9335,11824784560.00,C
9336,11824795400.00,3
9337,11824806280.00,B
9338,11824817120.00,F
9339,11824827960.00,5
9340,11824838800.00,2
9341,11824849640.00,5
9342,11824860520.00,5
9343,11824871360.00,A
9344,11824882200.00,B
9345,11824893040.00,B
9346,11824903880.00,B
9347,11824914760.00,6
9348,11824925600.00,4
9349,11824936440.00,3
9350,11824947280.00,B
9351,11824958120.00,A
9352,11824969000.00,2
9353,11824979840.00,8
9354,11824990680.00,5
9355,11825001520.00,5
9356,11825012360.00,3
9357,11825023240.00,E
9358,11825034080.00,4
9359,11825044920.00,1
9360,11825055760.00,7
9361,11825066600.00,8
9362,11825077480.00,3
9363,11825088320.00,E
9364,11825099160.00,D
9365,11825110000.00,7
9366,11825120840.00,E
9367,11825131720.00,C
9368,11825142560.00,6
9369,11825153400.00,7
9370,11825164240.00,F
9371,11825175080.00,B
9372,11825185960.00,3
9373,11825196800.00,A
9374,11825207640.00,0
9375,11825218480.00,0
9376,11825229320.00,F
9377,11825240200.00,7
9378,11825251040.00,2
9379,11825261880.00,8
9380,11825272720.00,1
9381,11825283560.00,8
9382,11825294440.00,0
9383,11825305280.00,A
9384,11825316120.00,B
9385,11825326960.00,5
9386,11825337800.00,8
9387,11825348680.00,5
9388,11825359520.00,F
9389,11825370360.00,7
9390,11825381200.00,7
9391,11825392040.00,6
9392,11825402920.00,1
9393,11825413760.00,3
9394,11825424600.00,4
9395,11825435440.00,B
9396,11825446280.00,8
9397,11825457160.00,C
9398,11825468000.00,3
9399,11825478840.00,4
9400,11825489680.00,B
9401,11825500520.00,8
9402,11825511400.00,9
9403,11825522240.00,D
9404,11825533080.00,C
9405,11825543920.00,D
9406,11825554760.00,E
9407,11825565640.00,1
9408,11825576480.00,B
9409,11825587320.00,4
9410,11825598160.00,F
9411,11825609000.00,F
9412,11825619880.00,1
9413,11825630720.00,0
9414,11825641560.00,1
9415,11825652400.00,8
9416,11825663240.00,8
9417,11825674120.00,B
9418,11825684960.00,6
9419,11825695800.00,9
9420,11825706640.00,F
9421,11825717480.00,F
9422,11825728360.00,0
9423,11825739200.00,F
9424,11825750040.00,3
9425,11825760880.00,6
9426,11825771720.00,1
9427,11825782600.00,7
9428,11825793440.00,A
9429,11825804280.00,0
9430,11825815120.00,B
9431,11825825960.00,A
9432,11825836840.00,4
9433,11825847680.00,0
9434,11825858520.00,6
9435,11825869360.00,8
9436,11825880200.00,5
9437,11825891080.00,8
9438,11825901920.00,C
9439,11825912760.00,F
9440,11825923600.00,C
9441,11825934440.00,0
9442,11825945320.00,F
9443,11825956160.00,4
9444,11825967000.00,7
9445,11825977840.00,3
9446,11825988680.00,5
9447,11825999560.00,8
9448,11826010400.00,A
9449,11826021240.00,D
9450,11826032080.00,5
9451,11826042920.00,8
9452,11826053800.00,F
9453,11826064640.00,9
9454,11826075480.00,9
9455,11826086320.00,B
9456,11826097160.00,5
9457,11826108040.00,D
9458,11826118880.00,3
9459,11826129720.00,4
9460,11826140560.00,8
9461,11826151400.00,A
9462,11826162280.00,3
9463,11826173120.00,C
9464,11826183960.00,9
9465,11826194800.00,E
9466,11826205640.00,F
9467,11826216520.00,F
9468,11826227360.00,E
9469,11826238200.00,E
9470,11826249040.00,4
9471,11826259880.00,2
9472,11826270760.00,8
9473,11826281600.00,F
9474,11826292440.00,4
9475,11826303280.00,5
9476,11826314120.00,4
9477,11826325000.00,F
9478,11826335840.00,F
9479,11826346680.00,F
9480,11826357520.00,1
9481,11826368360.00,D
9482,11826379240.00,D
9483,11826390080.00,A
9484,11826400920.00,B
9485,11826411760.00,F
9486,11826422600.00,6
9487,11826433480.00,8
9488,11826444320.00,5
9489,11826455160.00,4
9490,11826466000.00,7
9491,11826476840.00,5
9492,11826487720.00,4
9493,11826498560.00,A
9494,11826509400.00,A
9495,11826520240.00,3
9496,11826531080.00,C
9497,11826541960.00,1
9498,11826552800.00,5
9499,11826563640.00,1
9500,11826574480.00,5
9501,11826585320.00,F
9502,11826596200.00,0
9503,11826607040.00,7
9504,11826617880.00,8
9505,11826628720.00,1
9506,11826639560.00,6
9507,11826650440.00,5
9508,11826661280.00,F
9509,11826672120.00,C
9510,11826682960.00,E
9511,11826693800.00,B
9512,11826704680.00,E
9513,11826715520.00,D
9514,11826726360.00,8
9515,11826737200.00,2
9516,11826748040.00,A
9517,11826758920.00,8
9518,11826769760.00,8
9519,11826780600.00,9
9520,11826791440.00,D
9521,11826802320.00,[0D]
9522,11826813160.00,[0A]
9523,11872755600.00,[0D]
9524,11872766440.00,[0A]
9525,11872777280.00,+
9526,11872788120.00,M
9527,11872798960.00,I
9528,11872809840.00,P
9529,11872820680.00,U
9530,11872831520.00,R
9531,11872842360.00,C
9532,11872853200.00,:
9533,11872864080.00,[20]
9534,11872874920.00,"
9535,11872885760.00,r
9536,11872896600.00,t
9537,11872907480.00,c
9538,11872918320.00,p
9539,11872929160.00,"
9540,11872940000.00,,
9541,11872950840.00,0
9542,11872961720.00,,
9543,11872972560.00,2
9544,11872983400.00,0
9545,11872994240.00,1
9546,11873005080.00,,
9547,11873015920.00,8
9548,11873026800.00,2
9549,11873037640.00,7
9550,11873048480.00,E
9551,11873059320.00,0
9552,11873070160.00,0
9553,11873081040.00,C
9554,11873091880.00,5
9555,11873102720.00,0
9556,11873113560.00,0
9557,11873124440.00,0
9558,11873135280.00,0
9559,11873146120.00,0
9560,11873156960.00,0
9561,11873167800.00,C
9562,11873178680.00,1
9563,11873189520.00,6
9564,11873200360.00,B
9565,11873211200.00,8
9566,11873222040.00,3
9567,11873232880.00,3
9568,11873243760.00,6
9569,11873254600.00,3
9570,11873265440.00,8
9571,11873276280.00,B
9572,11873287120.00,5
9573,11873298000.00,E
9574,11873308840.00,D
9575,11873319680.00,A
9576,11873330520.00,F
9577,11873341400.00,8
9578,11873352240.00,C
9579,11873363080.00,D
9580,11873373920.00,B
9581,11873384760.00,4
9582,11873395640.00,4
9583,11873406480.00,7
9584,11873417320.00,A
9585,11873428160.00,5
9586,11873439000.00,5
9587,11873449880.00,E
9588,11873460720.00,7
9589,11873471560.00,B
9590,11873482400.00,0
9591,11873493240.00,6
9592,11873504080.00,5
9593,11873514960.00,A
9594,11873525800.00,F
9595,11873536640.00,B
9596,11873547480.00,F
9597,11873558360.00,B
9598,11873569200.00,6
9599,11873580040.00,9
9600,11873590880.00,2
9601,11873601720.00,F
9602,11873612600.00,C
9603,11873623440.00,A
9604,11873634280.00,5
9605,11873645120.00,F
9606,11873655960.00,0
9607,11873666840.00,9
9608,11873677680.00,1
9609,11873688520.00,6
9610,11873699360.00,3
9611,11873710200.00,C
9612,11873721040.00,6
9613,11873731920.00,D
9614,11873742760.00,0
9615,11873753600.00,A
9616,11873764440.00,8
9617,11873775320.00,9
9618,11873786160.00,D
9619,11873797000.00,9
9620,11873807840.00,3
9621,11873818680.00,2
9622,11873829560.00,C
9623,11873840400.00,5
9624,11873851240.00,1
9625,11873862080.00,9
9626,11873872920.00,A
9627,11873883800.00,E
9628,11873894640.00,5
9629,11873905480.00,D
9630,11873916320.00,C
9631,11873927160.00,3
9632,11873938000.00,5
9633,11873948880.00,A
9634,11873959720.00,7
9635,11873970560.00,B
9636,11873981400.00,D
9637,11873992280.00,E
9638,11874003120.00,7
9639,11874013960.00,4
9640,11874024800.00,A
9641,11874035640.00,C
9642,11874046520.00,3
9643,11874057360.00,E
9644,11874068200.00,0
9645,11874079040.00,F
9646,11874089880.00,C
9647,11874100760.00,0
9648,11874111600.00,A
9649,11874122440.00,B
9650,11874133280.00,D
9651,11874144120.00,5
9652,11874154960.00,F
9653,11874165840.00,E
9654,11874176680.00,C
9655,11874187520.00,1
9656,11874198360.00,3
9657,11874209240.00,7
9658,11874220080.00,2
9659,11874230920.00,E
9660,11874241760.00,E
9661,11874252600.00,4
9662,11874263480.00,F
9663,11874274320.00,D
9664,11874285160.00,6
9665,11874296000.00,9
9666,11874306840.00,9
9667,11874317720.00,0
9668,11874328560.00,E
9669,11874339400.00,C
9670,11874350240.00,C
9671,11874361080.00,3
9672,11874371920.00,4
9673,11874382800.00,A
9674,11874393640.00,0
9675,11874404480.00,2
9676,11874415320.00,6
9677,11874426200.00,1
9678,11874437040.00,D
9679,11874447880.00,B
9680,11874458720.00,5
9681,11874469560.00,D
9682,11874480440.00,7
9683,11874491280.00,1
9684,11874502120.00,5
9685,11874512960.00,1
9686,11874523800.00,0
9687,11874534680.00,2
9688,11874545520.00,4
9689,11874556360.00,1
9690,11874567200.00,B
9691,11874578040.00,D
9692,11874588920.00,4
9693,11874599760.00,3
9694,11874610600.00,0
9695,11874621440.00,C
9696,11874632280.00,B
9697,11874643160.00,E
9698,11874654000.00,2
9699,11874664840.00,2
9700,11874675680.00,8
9701,11874686520.00,9
9702,11874697400.00,0
9703,11874708240.00,6
9704,11874719080.00,C
9705,11874729920.00,B
9706,11874740760.00,B
9707,11874751640.00,A
9708,11874762480.00,F
9709,11874773320.00,F
9710,11874784160.00,7
9711,11874795000.00,9
9712,11874805880.00,B
9713,11874816720.00,2
9714,11874827560.00,5
9715,11874838400.00,7
9716,11874849240.00,D
9717,11874860120.00,4
9718,11874870960.00,F
9719,11874881800.00,3
9720,11874892640.00,1
9721,11874903480.00,3
9722,11874914360.00,8
9723,11874925200.00,0
9724,11874936040.00,8
9725,11874946880.00,1
9726,11874957720.00,6
9727,11874968600.00,0
9728,11874979440.00,1
9729,11874990280.00,A
9730,11875001120.00,1
9731,11875011960.00,D
9732,11875022840.00,0
9733,11875033680.00,A
9734,11875044520.00,4
9735,11875055360.00,9
9736,11875066200.00,4
9737,11875077080.00,2
9738,11875087920.00,3
9739,11875098760.00,9
9740,11875109600.00,8
9741,11875120440.00,5
9742,11875131320.00,F
9743,11875142160.00,9
9744,11875153000.00,6
9745,11875163840.00,7
9746,11875174680.00,5
9747,11875185560.00,3
9748,11875196400.00,7
9749,11875207240.00,7
9750,11875218080.00,1
9751,11875228920.00,5
9752,11875239800.00,F
9753,11875250640.00,2
9754,11875261480.00,D
9755,11875272320.00,8
9756,11875283160.00,D
9757,11875294040.00,5
9758,11875304880.00,2
9759,11875315720.00,D
9760,11875326560.00,C
9761,11875337400.00,C
9762,11875348280.00,B
9763,11875359120.00,F
9764,11875369960.00,E
9765,11875380800.00,4
9766,11875391640.00,6
9767,11875402520.00,C
9768,11875413360.00,5
9769,11875424200.00,7
9770,11875435040.00,7
9771,11875445880.00,9
9772,11875456760.00,5
9773,11875467600.00,0
9774,11875478440.00,7
9775,11875489280.00,C
9776,11875500120.00,8
9777,11875511000.00,2
9778,11875521840.00,A
9779,11875532680.00,5
9780,11875543520.00,D
9781,11875554360.00,D
9782,11875565240.00,2
9783,11875576080.00,4
9784,11875586920.00,F
9785,11875597760.00,7
9786,11875608600.00,9
9787,11875619480.00,B
9788,11875630320.00,5
9789,11875641160.00,6
9790,11875652000.00,6
9791,11875662840.00,B
9792,11875673720.00,5
9793,11875684560.00,0
9794,11875695400.00,2
9795,11875706240.00,5
9796,11875717080.00,8
9797,11875727960.00,1
9798,11875738800.00,9
9799,11875749640.00,B
9800,11875760480.00,C
9801,11875771320.00,5
9802,11875782200.00,3
9803,11875793040.00,0
9804,11875803880.00,8
9805,11875814720.00,5
9806,11875825560.00,E
9807,11875836440.00,1
9808,11875847280.00,B
9809,11875858120.00,9
9810,11875868960.00,3
9811,11875879800.00,E
9812,11875890680.00,C
9813,11875901520.00,A
9814,11875912360.00,B
9815,11875923200.00,6
9816,11875934040.00,0
9817,11875944920.00,8
9818,11875955760.00,5
9819,11875966600.00,4
9820,11875977440.00,3
9821,11875988280.00,3
9822,11875999160.00,5
9823,11876010000.00,0
9824,11876020840.00,E
9825,11876031680.00,4
9826,11876042520.00,6
9827,11876053400.00,9
9828,11876064240.00,D
9829,11876075080.00,C
9830,11876085920.00,1
9831,11876096760.00,5
9832,11876107640.00,3
9833,11876118480.00,7
9834,11876129320.00,A
9835,11876140160.00,2
9836,11876151000.00,2
9837,11876161880.00,E
9838,11876172720.00,D
9839,11876183560.00,2
9840,11876194400.00,A
9841,11876205280.00,7
9842,11876216120.00,F
9843,11876226960.00,0
9844,11876237800.00,B
9845,11876248640.00,2
9846,11876259480.00,8
9847,11876270360.00,F
9848,11876281200.00,5
9849,11876292040.00,1
9850,11876302880.00,3
9851,11876313720.00,7
9852,11876324600.00,0
9853,11876335440.00,2
9854,11876346280.00,0
9855,11876357120.00,C
9856,11876367960.00,E
9857,11876378840.00,F
9858,11876389680.00,2
9859,11876400520.00,7
9860,11876411360.00,6
9861,11876422240.00,7
9862,11876433080.00,E
9863,11876443920.00,3
9864,11876454760.00,9
9865,11876465600.00,0
9866,11876476440.00,3
9867,11876487320.00,8
9868,11876498160.00,1
9869,11876509000.00,C
9870,11876519840.00,6
9871,11876530680.00,1
9872,11876541560.00,6
9873,11876552400.00,0
9874,11876563240.00,C
9875,11876574080.00,9
9876,11876584920.00,D
9877,11876595800.00,D
9878,11876606640.00,5
9879,11876617480.00,0
9880,11876628320.00,3
9881,11876639200.00,4
9882,11876650040.00,6
9883,11876660880.00,E
9884,11876671720.00,3
9885,11876682560.00,6
9886,11876693400.00,A
9887,11876704280.00,3
9888,11876715120.00,E
9889,11876725960.00,8
9890,11876736800.00,6
9891,11876747640.00,B
9892,11876758520.00,A
9893,11876769360.00,C
9894,11876780200.00,1
9895,11876791040.00,A
9896,11876801880.00,F
9897,11876812760.00,B
9898,11876823600.00,A
9899,11876834440.00,2
9900,11876845280.00,D
9901,11876856160.00,9
9902,11876867000.00,0
9903,11876877840.00,3
9904,11876888680.00,4
9905,11876899520.00,F
9906,11876910360.00,1
9907,11876921240.00,E
9908,11876932080.00,5
9909,11876942920.00,E
9910,11876953760.00,0
9911,11876964600.00,E
9912,11876975480.00,A
9913,11876986320.00,D
9914,11876997160.00,3
9915,11877008000.00,B
9916,11877018840.00,A
9917,11877029720.00,D
9918,11877040560.00,4
9919,11877051400.00,C
9920,11877062240.00,3
9921,11877073120.00,A
9922,11877083960.00,E
9923,11877094800.00,6
9924,11877105640.00,4
9925,11877116480.00,B
9926,11877127320.00,7
9927,11877138200.00,8
9928,11877149040.00,E
9929,11877159880.00,A
9930,11877170720.00,4
9931,11877181560.00,3
9932,11877192440.00,6
9933,11877203280.00,2
9934,11877214120.00,2
9935,11877224960.00,2
9936,11877235800.00,D
9937,11877246680.00,2
9938,11877257520.00,F
9939,11877268360.00,2
9940,11877279200.00,3
9941,11877290080.00,1
9942,11877300920.00,C
9943,11877311760.00,E
9944,11877322600.00,4
9945,11877333440.00,8
9946,11877344280.00,C
9947,11877355160.00,D
9948,11877366000.00,0
9949,11877376840.00,[0D]
9950,11877387680.00,[0A]
9951,11938749520.00,[0D]
9952,11938760360.00,[0A]
9953,11938771200.00,+
9954,11938782040.00,M
9955,11938792920.00,I
9956,11938803760.00,P
9957,11938814600.00,U
9958,11938825440.00,R
9959,11938836280.00,C
9960,11938847120.00,:
9961,11938858000.00,[20]
9962,11938868840.00,"
9963,11938879680.00,r
9964,11938890520.00,t
9965,11938901400.00,c
9966,11938912240.00,p
9967,11938923080.00,"
9968,11938933920.00,,
9969,11938944760.00,0
9970,11938955640.00,,
9971,11938966480.00,2
9972,11938977320.00,3
9973,11938988160.00,0
9974,11938999000.00,,
9975,11939009880.00,8
9976,11939020720.00,2
9977,11939031560.00,7
9978,11939042400.00,E
9979,11939053240.00,0
9980,11939064080.00,0
9981,11939074960.00,E
9982,11939085800.00,2
9983,11939096640.00,0
9984,11939107480.00,0
9985,11939118360.00,0
9986,11939129200.00,0
9987,11939140040.00,0
9988,11939150880.00,0
9989,11939161720.00,D
9990,11939172600.00,E
9991,11939183440.00,6
9992,11939194280.00,B
9993,11939205120.00,8
9994,11939215960.00,3
9995,11939226840.00,4
9996,11939237680.00,B
9997,11939248520.00,4
9998,11939259360.00,C
9999,11939270200.00,B
10000,11939281080.00,2
10001,11939291920.00,1
10002,11939302760.00,5
10003,11939313600.00,C
10004,11939324440.00,8
10005,11939335320.00,E
10006,11939346160.00,E
10007,11939357000.00,3
10008,11939367840.00,2
10009,11939378680.00,0
10010,11939389560.00,2
10011,11939400400.00,A
10012,11939411240.00,4
10013,11939422080.00,8
10014,11939432920.00,0
10015,11939443800.00,B
10016,11939454640.00,8
10017,11939465480.00,9
10018,11939476320.00,6
10019,11939487160.00,B
10020,11939498000.00,0
10021,11939508880.00,0
10022,11939519720.00,0
10023,11939530560.00,0
10024,11939541400.00,2
10025,11939552280.00,5
10026,11939563120.00,7
10027,11939573960.00,F
10028,11939584800.00,0
10029,11939595640.00,7
10030,11939606520.00,D
10031,11939617360.00,1
10032,11939628200.00,2
10033,11939639040.00,6
10034,11939649880.00,F
10035,11939660760.00,9
10036,11939671600.00,D
10037,11939682440.00,C
10038,11939693280.00,1
10039,11939704120.00,8
10040,11939714960.00,8
10041,11939725840.00,8
10042,11939736680.00,7
10043,11939747520.00,6
10044,11939758360.00,2
10045,11939769240.00,A
10046,11939780080.00,8
10047,11939790920.00,0
10048,11939801760.00,5
10049,11939812600.00,F
10050,11939823480.00,3
10051,11939834320.00,3
10052,11939845160.00,E
10053,11939856000.00,D
10054,11939866840.00,0
10055,11939877720.00,3
10056,11939888560.00,C
10057,11939899400.00,F
10058,11939910240.00,2
10059,11939921080.00,5
10060,11939931960.00,7
10061,11939942800.00,5
10062,11939953640.00,A
10063,11939964480.00,1
10064,11939975320.00,5
10065,11939986200.00,3
10066,11939997040.00,7
10067,11940007880.00,E
10068,11940018720.00,B
10069,11940029560.00,C
10070,11940040440.00,E
10071,11940051280.00,C
10072,11940062120.00,D
10073,11940072960.00,F
10074,11940083800.00,8
10075,11940094680.00,F
10076,11940105520.00,D
10077,11940116360.00,F
10078,11940127200.00,5
10079,11940138040.00,E
10080,11940148920.00,F
10081,11940159760.00,F
10082,11940170600.00,5
10083,11940181440.00,E
10084,11940192280.00,B
10085,11940203160.00,D
10086,11940214000.00,C
10087,11940224840.00,D
10088,11940235680.00,A
10089,11940246520.00,F
10090,11940257400.00,9
10091,11940268240.00,9
10092,11940279080.00,5
10093,11940289920.00,3
10094,11940300760.00,4
10095,11940311640.00,A
10096,11940322480.00,3
10097,11940333320.00,6
10098,11940344160.00,9
10099,11940355000.00,0
10100,11940365880.00,F
10101,11940376720.00,5
10102,11940387560.00,E
10103,11940398400.00,C
10104,11940409240.00,3
10105,11940420120.00,5
10106,11940430960.00,D
10107,11940441800.00,7
10108,11940452640.00,5
10109,11940463480.00,B
10110,11940474360.00,B
10111,11940485200.00,4
10112,11940496040.00,A
10113,11940506880.00,E
10114,11940517720.00,0
10115,11940528600.00,9
10116,11940539440.00,0
10117,11940550280.00,C
10118,11940561120.00,1
10119,11940571960.00,4
10120,11940582840.00,D
10121,11940593680.00,4
10122,11940604520.00,C
10123,11940615360.00,1
10124,11940626200.00,2
10125,11940637080.00,3
10126,11940647920.00,0
10127,11940658760.00,9
10128,11940669600.00,B
10129,11940680440.00,7
10130,11940691320.00,C
10131,11940702160.00,6
10132,11940713000.00,8
10133,11940723840.00,C
10134,11940734680.00,F
10135,11940745560.00,2
10136,11940756400.00,8
10137,11940767240.00,8
10138,11940778080.00,5
10139,11940788920.00,9
10140,11940799800.00,9
10141,11940810640.00,8
10142,11940821480.00,F
10143,11940832320.00,1
10144,11940843160.00,9
10145,11940854040.00,F
10146,11940864880.00,E
10147,11940875720.00,7
10148,11940886560.00,C
10149,11940897400.00,B
10150,11940908280.00,1
10151,11940919120.00,5
10152,11940929960.00,D
10153,11940940800.00,0
10154,11940951640.00,C
10155,11940962520.00,1
10156,11940973360.00,E
10157,11940984200.00,2
10158,11940995040.00,9
10159,11941005880.00,4
10160,11941016760.00,4
10161,11941027600.00,4
10162,11941038440.00,5
10163,11941049280.00,E
10164,11941060120.00,B
10165,11941071000.00,8
10166,11941081840.00,A
10167,11941092680.00,A
10168,11941103520.00,8
10169,11941114360.00,D
10170,11941125240.00,3
10171,11941136080.00,E
10172,11941146920.00,F
10173,11941157760.00,0
10174,11941168600.00,4
10175,11941179480.00,C
10176,11941190320.00,4
10177,11941201160.00,2
10178,11941212000.00,8
10179,11941222840.00,6
10180,11941233720.00,D
10181,11941244560.00,4
10182,11941255400.00,6
10183,11941266240.00,A
10184,11941277080.00,3
10185,11941287960.00,D
10186,11941298800.00,3
10187,11941309640.00,C
10188,11941320480.00,5
10189,11941331320.00,5
10190,11941342200.00,6
10191,11941353040.00,4
10192,11941363880.00,2
10193,11941374720.00,0
10194,11941385560.00,B
10195,11941396440.00,0
10196,11941407280.00,8
10197,11941418120.00,0
10198,11941428960.00,E
10199,11941439800.00,5
10200,11941450680.00,F
10201,11941461520.00,0
10202,11941472360.00,C
10203,11941483200.00,6
10204,11941494040.00,9
10205,11941504920.00,E
10206,11941515760.00,0
10207,11941526600.00,D
10208,11941537440.00,0
10209,11941548280.00,0
10210,11941559160.00,C
10211,11941570000.00,1
10212,11941580840.00,5
10213,11941591680.00,B
10214,11941602520.00,2
10215,11941613400.00,E
10216,11941624240.00,9
10217,11941635080.00,E
10218,11941645920.00,5
10219,11941656760.00,B
10220,11941667640.00,D
10221,11941678480.00,0
10222,11941689320.00,7
10223,11941700160.00,6
10224,11941711000.00,F
10225,11941721880.00,F
10226,11941732720.00,2
10227,11941743560.00,2
10228,11941754400.00,D
10229,11941765280.00,8
10230,11941776120.00,A
10231,11941786960.00,2
10232,11941797800.00,3
10233,11941808640.00,5
10234,11941819480.00,D
10235,11941830360.00,4
10236,11941841200.00,4
10237,11941852040.00,2
10238,11941862880.00,F
10239,11941873720.00,B
10240,11941884600.00,5
10241,11941895440.00,1
10242,11941906280.00,4
10243,11941917120.00,C
10244,11941927960.00,7
10245,11941938840.00,B
10246,11941949680.00,E
10247,11941960520.00,6
10248,11941971360.00,5
10249,11941982240.00,7
10250,11941993080.00,D
10251,11942003920.00,C
10252,11942014760.00,F
10253,11942025600.00,6
10254,11942036440.00,7
10255,11942047320.00,A
10256,11942058160.00,C
10257,11942069000.00,1
10258,11942079840.00,F
10259,11942090680.00,9
10260,11942101560.00,4
10261,11942112400.00,7
10262,11942123240.00,0
10263,11942134080.00,C
10264,11942144920.00,6
10265,11942155800.00,9
10266,11942166640.00,B
10267,11942177480.00,C
10268,11942188320.00,2
10269,11942199200.00,1
10270,11942210040.00,3
10271,11942220880.00,7
10272,11942231720.00,0
10273,11942242560.00,6
10274,11942253400.00,9
10275,11942264280.00,F
10276,11942275120.00,B
10277,11942285960.00,A
10278,11942296800.00,2
10279,11942307640.00,3
10280,11942318520.00,0
10281,11942329360.00,6
10282,11942340200.00,D
10283,11942351040.00,7
10284,11942361880.00,D
10285,11942372760.00,4
10286,11942383600.00,4
10287,11942394440.00,3
10288,11942405280.00,9
10289,11942416160.00,E
10290,11942427000.00,B
10291,11942437840.00,C
10292,11942448680.00,E
10293,11942459520.00,7
10294,11942470360.00,A
10295,11942481240.00,6
10296,11942492080.00,1
10297,11942502920.00,9
10298,11942513760.00,1
10299,11942524600.00,C
10300,11942535480.00,8
10301,11942546320.00,A
10302,11942557160.00,1
10303,11942568000.00,F
10304,11942578840.00,7
10305,11942589720.00,C
10306,11942600560.00,1
10307,11942611400.00,E
10308,11942622240.00,7
10309,11942633120.00,D
10310,11942643960.00,1
10311,11942654800.00,A
10312,11942665640.00,7
10313,11942676480.00,C
10314,11942687360.00,9
10315,11942698200.00,E
10316,11942709040.00,7
10317,11942719880.00,7
10318,11942730720.00,B
10319,11942741560.00,4
10320,11942752440.00,D
10321,11942763280.00,4
10322,11942774120.00,4
10323,11942784960.00,4
10324,11942795800.00,5
10325,11942806680.00,2
10326,11942817520.00,1
10327,11942828360.00,7
10328,11942839200.00,0
10329,11942850080.00,F
10330,11942860920.00,6
10331,11942871760.00,7
10332,11942882600.00,2
10333,11942893440.00,E
10334,11942904320.00,3
10335,11942915160.00,F
10336,11942926000.00,B
10337,11942936840.00,A
10338,11942947680.00,D
10339,11942958520.00,5
10340,11942969400.00,9
10341,11942980240.00,9
10342,11942991080.00,E
10343,11943001920.00,4
10344,11943012760.00,6
10345,11943023640.00,4
10346,11943034480.00,4
10347,11943045320.00,0
10348,11943056160.00,3
10349,11943067040.00,3
10350,11943077880.00,7
10351,11943088720.00,1
10352,11943099560.00,A
10353,11943110400.00,6
10354,11943121280.00,C
10355,11943132120.00,F
10356,11943142960.00,A
10357,11943153800.00,C
10358,11943164640.00,7
10359,11943175480.00,3
10360,11943186360.00,D
10361,11943197200.00,2
10362,11943208040.00,1
10363,11943218880.00,3
10364,11943229720.00,B
10365,11943240600.00,A
10366,11943251440.00,6
10367,11943262280.00,B
10368,11943273120.00,C
10369,11943284000.00,C
10370,11943294840.00,5
10371,11943305680.00,2
10372,11943316520.00,D
10373,11943327360.00,C
10374,11943338240.00,1
10375,11943349080.00,1
10376,11943359920.00,E
10377,11943370760.00,3
10378,11943381600.00,3
10379,11943392480.00,5
10380,11943403320.00,2
10381,11943414160.00,1
10382,11943425000.00,6
10383,11943435840.00,6
10384,11943446680.00,1
10385,11943457560.00,0
10386,11943468400.00,1
10387,11943479240.00,A
10388,11943490080.00,7
10389,11943500960.00,3
10390,11943511800.00,B
10391,11943522640.00,E
10392,11943533480.00,D
10393,11943544320.00,6
10394,11943555200.00,4
10395,11943566040.00,C
10396,11943576880.00,7
10397,11943587720.00,B
10398,11943598560.00,E
10399,11943609440.00,3
10400,11943620280.00,8
10401,11943631120.00,1
10402,11943641960.00,5
10403,11943652800.00,2
10404,11943663640.00,B
10405,11943674520.00,5
10406,11943685360.00,8
10407,11943696200.00,8
10408,11943707040.00,8
10409,11943717920.00,1
10410,11943728760.00,0
10411,11943739600.00,C
10412,11943750440.00,2
10413,11943761280.00,E
10414,11943772160.00,1
10415,11943783000.00,3
10416,11943793840.00,D
10417,11943804680.00,0
10418,11943815520.00,B
10419,11943826400.00,E
10420,11943837240.00,7
10421,11943848080.00,5
10422,11943858920.00,3
10423,11943869760.00,5
10424,11943880600.00,6
10425,11943891480.00,E
10426,11943902320.00,F
10427,11943913160.00,B
10428,11943924000.00,8
10429,11943934880.00,4
10430,11943945720.00,E
10431,11943956560.00,1
10432,11943967400.00,1
10433,11943978240.00,4
10434,11943989120.00,4
10435,11943999960.00,[0D]
10436,11944010800.00,[0A]
10437,11992876800.00,[0D]
10438,11992887640.00,[0A]
10439,11992898480.00,+
10440,11992909320.00,M
10441,11992920160.00,I
10442,11992931000.00,P
10443,11992941880.00,U
10444,11992952720.00,R
10445,11992963560.00,C
10446,11992974400.00,:
10447,11992985280.00,[20]
10448,11992996120.00,"
10449,11993006960.00,r
10450,11993017800.00,t
10451,11993028640.00,c
10452,11993039520.00,p
10453,11993050360.00,"
10454,11993061200.00,,
10455,11993072040.00,0
10456,11993082880.00,,
10457,11993093760.00,1
10458,11993104600.00,6
10459,11993115440.00,9
10460,11993126280.00,,
10461,11993137120.00,8
10462,11993147960.00,2
10463,11993158840.00,7
10464,11993169680.00,E
10465,11993180520.00,0
10466,11993191360.00,0
10467,11993202240.00,A
10468,11993213080.00,5
10469,11993223920.00,0
10470,11993234760.00,0
10471,11993245600.00,0
10472,11993256480.00,0
10473,11993267320.00,0
10474,11993278160.00,0
10475,11993289000.00,A
10476,11993299840.00,1
10477,11993310720.00,6
10478,11993321560.00,B
10479,11993332400.00,8
10480,11993343240.00,3
10481,11993354080.00,3
10482,11993364920.00,A
10483,11993375800.00,3
10484,11993386640.00,7
10485,11993397480.00,3
10486,11993408320.00,0
10487,11993419200.00,8
10488,11993430040.00,F
10489,11993440880.00,5
10490,11993451720.00,7
10491,11993462560.00,4
10492,11993473440.00,D
10493,11993484280.00,8
10494,11993495120.00,7
10495,11993505960.00,C
10496,11993516800.00,C
10497,11993527680.00,3
10498,11993538520.00,E
10499,11993549360.00,9
10500,11993560200.00,A
10501,11993571040.00,E
10502,11993581880.00,F
10503,11993592760.00,6
10504,11993603600.00,E
10505,11993614440.00,9
10506,11993625280.00,C
10507,11993636160.00,3
10508,11993647000.00,5
10509,11993657840.00,7
10510,11993668680.00,3
10511,11993679520.00,0
10512,11993690400.00,1
10513,11993701240.00,5
10514,11993712080.00,B
10515,11993722920.00,2
10516,11993733760.00,8
10517,11993744640.00,5
10518,11993755480.00,B
10519,11993766320.00,9
10520,11993777160.00,5
10521,11993788000.00,E
10522,11993798840.00,D
10523,11993809720.00,A
10524,11993820560.00,7
10525,11993831400.00,F
10526,11993842240.00,3
10527,11993853120.00,8
10528,11993863960.00,7
10529,11993874800.00,1
10530,11993885640.00,3
10531,11993896480.00,8
10532,11993907360.00,C
10533,11993918200.00,9
10534,11993929040.00,A
10535,11993939880.00,E
10536,11993950720.00,B
10537,11993961600.00,5
10538,11993972440.00,C
10539,11993983280.00,4
10540,11993994120.00,A
10541,11994004960.00,E
10542,11994015840.00,4
10543,11994026680.00,F
10544,11994037520.00,8
10545,11994048360.00,4
10546,11994059200.00,3
10547,11994070080.00,1
10548,11994080920.00,F
10549,11994091760.00,C
10550,11994102600.00,4
10551,11994113440.00,8
10552,11994124320.00,B
10553,11994135160.00,3
10554,11994146000.00,2
10555,11994156840.00,8
10556,11994167680.00,A
10557,11994178560.00,7
10558,11994189400.00,A
10559,11994200240.00,6
10560,11994211080.00,4
10561,11994221920.00,8
10562,11994232800.00,E
10563,11994243640.00,7
10564,11994254480.00,1
10565,11994265320.00,E
10566,11994276160.00,8
10567,11994287040.00,E
10568,11994297880.00,2
10569,11994308720.00,C
10570,11994319560.00,4
10571,11994330400.00,3
10572,11994341280.00,9
10573,11994352120.00,F
10574,11994362960.00,D
10575,11994373800.00,C
10576,11994384640.00,9
10577,11994395520.00,D
10578,11994406360.00,0
10579,11994417200.00,5
10580,11994428040.00,2
10581,11994438880.00,1
10582,11994449760.00,F
10583,11994460600.00,6
10584,11994471440.00,7
10585,11994482280.00,1
10586,11994493120.00,2
10587,11994504000.00,C
10588,11994514840.00,0
10589,11994525680.00,8
10590,11994536520.00,A
10591,11994547360.00,8
10592,11994558240.00,8
10593,11994569080.00,8
10594,11994579920.00,1
10595,11994590760.00,A
10596,11994601600.00,4
10597,11994612480.00,E
10598,11994623320.00,2
10599,11994634160.00,1
10600,11994645000.00,6
10601,11994655840.00,0
10602,11994666720.00,3
10603,11994677560.00,6
10604,11994688400.00,A
10605,11994699240.00,7
10606,11994710080.00,5
10607,11994720960.00,E
10608,11994731800.00,D
10609,11994742640.00,D
10610,11994753480.00,E
10611,11994764320.00,1
10612,11994775200.00,4
10613,11994786040.00,B
10614,11994796880.00,8
10615,11994807720.00,E
10616,11994818560.00,0
10617,11994829440.00,1
10618,11994840280.00,7
10619,11994851120.00,5
10620,11994861960.00,E
10621,11994872800.00,6
10622,11994883680.00,9
10623,11994894520.00,E
10624,11994905360.00,E
10625,11994916200.00,5
10626,11994927040.00,5
10627,11994937920.00,9
10628,11994948760.00,5
10629,11994959600.00,6
10630,11994970440.00,9
10631,11994981280.00,D
10632,11994992160.00,7
10633,11995003000.00,5
10634,11995013840.00,8
10635,11995024680.00,2
10636,11995035520.00,A
10637,11995046400.00,7
10638,11995057240.00,8
10639,11995068080.00,9
10640,11995078920.00,2
10641,11995089760.00,C
10642,11995100640.00,5
10643,11995111480.00,2
10644,11995122320.00,9
10645,11995133160.00,5
10646,11995144000.00,0
10647,11995154880.00,F
10648,11995165720.00,6
10649,11995176560.00,3
10650,11995187400.00,5
10651,11995198240.00,1
10652,11995209120.00,7
10653,11995219960.00,4
10654,11995230800.00,5
10655,11995241640.00,1
10656,11995252480.00,B
10657,11995263360.00,5
10658,11995274200.00,1
10659,11995285040.00,B
10660,11995295880.00,9
10661,11995306720.00,E
10662,11995317600.00,9
10663,11995328440.00,B
10664,11995339280.00,D
10665,11995350120.00,6
10666,11995360960.00,2
10667,11995371840.00,E
10668,11995382680.00,2
10669,11995393520.00,0
10670,11995404360.00,C
10671,11995415200.00,2
10672,11995426080.00,7
10673,11995436920.00,1
10674,11995447760.00,D
10675,11995458600.00,1
10676,11995469440.00,5
10677,11995480320.00,4
10678,11995491160.00,8
10679,11995502000.00,D
10680,11995512840.00,A
10681,11995523680.00,A
10682,11995534560.00,5
10683,11995545400.00,0
10684,11995556240.00,8
10685,11995567080.00,0
10686,11995577920.00,E
10687,11995588800.00,5
10688,11995599640.00,6
10689,11995610480.00,1
10690,11995621320.00,4
10691,11995632160.00,7
10692,11995643040.00,4
10693,11995653880.00,3
10694,11995664720.00,7
10695,11995675560.00,6
10696,11995686400.00,0
10697,11995697280.00,6
10698,11995708120.00,F
10699,11995718960.00,8
10700,11995729800.00,C
10701,11995740640.00,6
10702,11995751520.00,1
10703,11995762360.00,A
10704,11995773200.00,E
10705,11995784040.00,1
10706,11995794880.00,8
10707,11995805760.00,5
10708,11995816600.00,C
10709,11995827440.00,5
10710,11995838280.00,B
10711,11995849160.00,1
10712,11995860000.00,A
10713,11995870840.00,9
10714,11995881680.00,8
10715,11995892520.00,4
10716,11995903360.00,8
10717,11995914240.00,A
10718,11995925080.00,0
10719,11995935920.00,A
10720,11995946760.00,A
10721,11995957600.00,C
10722,11995968480.00,7
10723,11995979320.00,0
10724,11995990160.00,7
10725,11996001000.00,C
10726,11996011840.00,E
10727,11996022720.00,B
10728,11996033560.00,A
10729,11996044400.00,D
10730,11996055240.00,3
10731,11996066120.00,0
10732,11996076960.00,6
10733,11996087800.00,D
10734,11996098640.00,2
10735,11996109480.00,0
10736,11996120320.00,8
10737,11996131200.00,3
10738,11996142040.00,B
10739,11996152880.00,0
10740,11996163720.00,F
10741,11996174560.00,7
10742,11996185440.00,D
10743,11996196280.00,B
10744,11996207120.00,7
10745,11996217960.00,C
10746,11996228800.00,7
10747,11996239680.00,7
10748,11996250520.00,C
10749,11996261360.00,C
10750,11996272200.00,6
10751,11996283080.00,0
10752,11996293920.00,6
10753,11996304760.00,5
10754,11996315600.00,A
10755,11996326440.00,9
10756,11996337280.00,4
10757,11996348160.00,F
10758,11996359000.00,6
10759,11996369840.00,C
10760,11996380680.00,3
10761,11996391520.00,A
10762,11996402400.00,A
10763,11996413240.00,B
10764,11996424080.00,C
10765,11996434920.00,7
10766,11996445760.00,2
10767,11996456640.00,7
10768,11996467480.00,7
10769,11996478320.00,F
10770,11996489160.00,6
10771,11996500040.00,4
10772,11996510880.00,A
10773,11996521720.00,6
10774,11996532560.00,B
10775,11996543400.00,B
10776,11996554280.00,9
10777,11996565120.00,1
10778,11996575960.00,E
10779,11996586800.00,C
10780,11996597640.00,C
10781,11996608480.00,1
10782,11996619360.00,1
10783,11996630200.00,F
10784,11996641040.00,0
10785,11996651880.00,4
10786,11996662720.00,1
10787,11996673600.00,9
10788,11996684440.00,8
10789,11996695280.00,F
10790,11996706120.00,8
10791,11996717000.00,8
10792,11996727840.00,A
10793,11996738680.00,5
10794,11996749520.00,7
10795,11996760360.00,2
10796,11996771240.00,3
10797,11996782080.00,F
10798,11996792920.00,2
10799,11996803760.00,[0D]
10800,11996814600.00,[0A]
10801,12059737440.00,[0D]
10802,12059748320.00,[0A]
10803,12059759160.00,+
10804,12059770000.00,M
10805,12059780840.00,I
10806,12059791680.00,P
10807,12059802560.00,U
10808,12059813400.00,R
10809,12059824240.00,C
10810,12059835080.00,:
10811,12059845920.00,[20]
10812,12059856800.00,"
10813,12059867640.00,r
10814,12059878480.00,t
10815,12059889320.00,c
10816,12059900160.00,p
10817,12059911040.00,"
10818,12059921880.00,,
10819,12059932720.00,0
10820,12059943560.00,,
10821,12059954400.00,2
10822,12059965280.00,0
10823,12059976120.00,3
10824,12059986960.00,,
10825,12059997800.00,8
10826,12060008680.00,2
10827,12060019520.00,7
10828,12060030360.00,E
10829,12060041200.00,0
10830,12060052040.00,0
10831,12060062880.00,C
10832,12060073760.00,7
10833,12060084600.00,0
10834,12060095440.00,0
10835,12060106280.00,0
10836,12060117120.00,0
10837,12060128000.00,0
10838,12060138840.00,0
10839,12060149680.00,C
10840,12060160520.00,3
10841,12060171360.00,6
10842,12060182240.00,B
10843,12060193080.00,8
10844,12060203920.00,3
10845,12060214760.00,3
10846,12060225640.00,6
10847,12060236480.00,4
10848,12060247320.00,4
10849,12060258160.00,1
10850,12060269000.00,6
10851,12060279840.00,6
10852,12060290720.00,3
10853,12060301560.00,5
10854,12060312400.00,F
10855,12060323240.00,F
10856,12060334080.00,E
10857,12060344960.00,A
10858,12060355800.00,B
10859,12060366640.00,F
10860,12060377480.00,4
10861,12060388320.00,2
10862,12060399200.00,9
10863,12060410040.00,2
10864,12060420880.00,0
10865,12060431720.00,A
10866,12060442600.00,D
10867,12060453440.00,E
10868,12060464280.00,5
10869,12060475120.00,2
10870,12060485960.00,A
10871,12060496800.00,3
10872,12060507680.00,1
10873,12060518520.00,2
10874,12060529360.00,C
10875,12060540200.00,3
10876,12060551040.00,5
10877,12060561920.00,4
10878,12060572760.00,F
10879,12060583600.00,0
10880,12060594440.00,6
10881,12060605280.00,D
10882,12060616160.00,3
10883,12060627000.00,2
10884,12060637840.00,7
10885,12060648680.00,4
10886,12060659560.00,3
10887,12060670400.00,E
10888,12060681240.00,E
10889,12060692080.00,7
10890,12060702920.00,D
10891,12060713800.00,E
10892,12060724640.00,6
10893,12060735480.00,C
10894,12060746320.00,E
10895,12060757160.00,1
10896,12060768000.00,5
10897,12060778880.00,9
10898,12060789720.00,4
10899,12060800560.00,9
10900,12060811400.00,7
10901,12060822240.00,D
10902,12060833120.00,8
10903,12060843960.00,7
10904,12060854800.00,6
10905,12060865640.00,1
10906,12060876520.00,B
10907,12060887360.00,1
10908,12060898200.00,3
10909,12060909040.00,A
10910,12060919880.00,E
10911,12060930760.00,7
10912,12060941600.00,0
10913,12060952440.00,4
10914,12060963280.00,4
10915,12060974120.00,F
10916,12060984960.00,2
10917,12060995840.00,B
10918,12061006680.00,D
10919,12061017520.00,3
10920,12061028360.00,D
10921,12061039200.00,E
10922,12061050080.00,A
10923,12061060920.00,3
10924,12061071760.00,8
10925,12061082600.00,2
10926,12061093480.00,F
10927,12061104320.00,2
10928,12061115160.00,C
10929,12061126000.00,8
10930,12061136840.00,1
10931,12061147720.00,C
10932,12061158560.00,8
10933,12061169400.00,1
10934,12061180240.00,C
10935,12061191080.00,F
10936,12061201920.00,F
10937,12061212800.00,A
10938,12061223640.00,C
10939,12061234480.00,7
10940,12061245320.00,4
10941,12061256160.00,8
10942,12061267040.00,6
10943,12061277880.00,2
10944,12061288720.00,E
10945,12061299560.00,5
10946,12061310440.00,6
10947,12061321280.00,8
10948,12061332120.00,7
10949,12061342960.00,C
10950,12061353800.00,5
10951,12061364680.00,5
10952,12061375520.00,A
10953,12061386360.00,E
10954,12061397200.00,3
10955,12061408040.00,B
10956,12061418880.00,8
10957,12061429760.00,8
10958,12061440600.00,0
10959,12061451440.00,3
10960,12061462280.00,D
10961,12061473120.00,3
10962,12061484000.00,E
10963,12061494840.00,4
10964,12061505680.00,B
10965,12061516520.00,C
10966,12061527400.00,1
10967,12061538240.00,8
10968,12061549080.00,C
10969,12061559920.00,1
10970,12061570760.00,D
10971,12061581640.00,9
10972,12061592480.00,B
10973,12061603320.00,9
10974,12061614160.00,9
10975,12061625000.00,2
10976,12061635840.00,5
10977,12061646720.00,8
10978,12061657560.00,D
10979,12061668400.00,D
10980,12061679240.00,0
10981,12061690080.00,5
10982,12061700960.00,8
10983,12061711800.00,6
10984,12061722640.00,C
10985,12061733480.00,9
10986,12061744360.00,D
10987,12061755200.00,5
10988,12061766040.00,F
10989,12061776880.00,D
10990,12061787720.00,8
10991,12061798600.00,E
10992,12061809440.00,2
10993,12061820280.00,B
10994,12061831120.00,6
10995,12061841960.00,B
10996,12061852840.00,C
10997,12061863680.00,7
10998,12061874520.00,0
10999,12061885360.00,0
11000,12061896200.00,1
11001,12061907040.00,A
11002,12061917920.00,1
11003,12061928760.00,5
11004,12061939600.00,0
11005,12061950440.00,A
11006,12061961320.00,9
11007,12061972160.00,E
11008,12061983000.00,F
11009,12061993840.00,4
11010,12062004680.00,4
11011,12062015560.00,9
11012,12062026400.00,A
11013,12062037240.00,2
11014,12062048080.00,E
11015,12062058920.00,8
11016,12062069800.00,2
11017,12062080640.00,7
11018,12062091480.00,8
11019,12062102320.00,1
11020,12062113160.00,4
11021,12062124000.00,6
11022,12062134880.00,2
11023,12062145720.00,3
11024,12062156560.00,D
11025,12062167400.00,0
11026,12062178280.00,E
11027,12062189120.00,A
11028,12062199960.00,D
11029,12062210800.00,C
11030,12062221640.00,A
11031,12062232520.00,D
11032,12062243360.00,2
11033,12062254200.00,D
11034,12062265040.00,E
11035,12062275880.00,D
11036,12062286760.00,6
11037,12062297600.00,E
11038,12062308440.00,E
11039,12062319280.00,E
11040,12062330120.00,1
11041,12062340960.00,9
11042,12062351840.00,F
11043,12062362680.00,6
11044,12062373520.00,F
11045,12062384360.00,9
11046,12062395240.00,0
11047,12062406080.00,6
11048,12062416920.00,5
11049,12062427760.00,F
11050,12062438600.00,B
11051,12062449480.00,9
11052,12062460320.00,7
11053,12062471160.00,5
11054,12062482000.00,0
11055,12062492840.00,C
11056,12062503720.00,A
11057,12062514560.00,5
11058,12062525400.00,C
11059,12062536240.00,D
11060,12062547080.00,4
11061,12062557920.00,6
11062,12062568800.00,1
11063,12062579640.00,B
11064,12062590480.00,3
11065,12062601320.00,0
11066,12062612200.00,0
11067,12062623040.00,A
11068,12062633880.00,3
11069,12062644720.00,3
11070,12062655560.00,E
11071,12062666440.00,4
11072,12062677280.00,9
11073,12062688120.00,5
11074,12062698960.00,4
11075,12062709800.00,7
11076,12062720680.00,D
11077,12062731520.00,0
11078,12062742360.00,D
11079,12062753200.00,6
11080,12062764040.00,6
11081,12062774880.00,0
11082,12062785760.00,D
11083,12062796600.00,F
11084,12062807440.00,1
11085,12062818280.00,E
11086,12062829160.00,F
11087,12062840000.00,6
11088,12062850840.00,E
11089,12062861680.00,5
11090,12062872520.00,9
11091,12062883400.00,1
11092,12062894240.00,8
11093,12062905080.00,8
11094,12062915920.00,3
11095,12062926760.00,6
11096,12062937640.00,1
11097,12062948480.00,9
11098,12062959320.00,C
11099,12062970160.00,9
11100,12062981000.00,6
11101,12062991880.00,5
11102,12063002720.00,0
11103,12063013560.00,0
11104,12063024400.00,A
11105,12063035240.00,2
11106,12063046120.00,3
11107,12063056960.00,7
11108,12063067800.00,2
11109,12063078640.00,3
11110,12063089480.00,A
11111,12063100360.00,8
11112,12063111200.00,C
11113,12063122040.00,6
11114,12063132880.00,B
11115,12063143720.00,8
11116,12063154600.00,2
11117,12063165440.00,D
11118,12063176280.00,A
11119,12063187120.00,9
11120,12063197960.00,5
11121,12063208840.00,3
11122,12063219680.00,4
11123,12063230520.00,B
11124,12063241360.00,7
11125,12063252200.00,C
11126,12063263080.00,A
11127,12063273920.00,7
11128,12063284760.00,4
11129,12063295600.00,C
11130,12063306440.00,D
11131,12063317320.00,7
11132,12063328160.00,0
11133,12063339000.00,1
11134,12063349840.00,2
11135,12063360680.00,9
11136,12063371560.00,D
11137,12063382400.00,7
11138,12063393240.00,3
11139,12063404080.00,0
11140,12063414920.00,E
11141,12063425800.00,8
11142,12063436640.00,1
11143,12063447480.00,1
11144,12063458320.00,9
11145,12063469160.00,D
11146,12063480040.00,6
11147,12063490880.00,4
11148,12063501720.00,6
11149,12063512560.00,D
11150,12063523400.00,9
11151,12063534280.00,0
11152,12063545120.00,B
11153,12063555960.00,1
11154,12063566800.00,C
11155,12063577640.00,C
11156,12063588520.00,B
11157,12063599360.00,B
11158,12063610200.00,6
11159,12063621040.00,A
11160,12063631880.00,F
11161,12063642760.00,4
11162,12063653600.00,D
11163,12063664440.00,0
11164,12063675280.00,D
11165,12063686120.00,9
11166,12063697000.00,7
11167,12063707840.00,8
11168,12063718680.00,4
11169,12063729520.00,D
11170,12063740360.00,A
11171,12063751240.00,E
11172,12063762080.00,7
11173,12063772920.00,C
11174,12063783760.00,D
11175,12063794600.00,A
11176,12063805480.00,4
11177,12063816320.00,7
11178,12063827160.00,C
11179,12063838000.00,3
11180,12063848840.00,1
11181,12063859720.00,D
11182,12063870560.00,F
11183,12063881400.00,0
11184,12063892240.00,E
11185,12063903080.00,4
11186,12063913960.00,C
11187,12063924800.00,2
11188,12063935640.00,1
11189,12063946480.00,9
11190,12063957320.00,D
11191,12063968200.00,2
11192,12063979040.00,A
11193,12063989880.00,F
11194,12064000720.00,5
11195,12064011560.00,E
11196,12064022440.00,4
11197,12064033280.00,C
11198,12064044120.00,E
11199,12064054960.00,3
11200,12064065800.00,C
11201,12064076680.00,F
11202,12064087520.00,4
11203,12064098360.00,0
11204,12064109200.00,7
11205,12064120040.00,7
11206,12064130920.00,D
11207,12064141760.00,1
11208,12064152600.00,5
11209,12064163440.00,B
11210,12064174320.00,A
11211,12064185160.00,9
11212,12064196000.00,5
11213,12064206840.00,8
11214,12064217680.00,5
11215,12064228520.00,C
11216,12064239400.00,A
11217,12064250240.00,2
11218,12064261080.00,9
11219,12064271920.00,F
11220,12064282760.00,D
11221,12064293640.00,4
11222,12064304480.00,9
11223,12064315320.00,0
11224,12064326160.00,8
11225,12064337000.00,C
11226,12064347880.00,4
11227,12064358720.00,5
11228,12064369560.00,8
11229,12064380400.00,C
11230,12064391280.00,8
11231,12064402120.00,[0D]
11232,12064412960.00,[0A]
11233,12112837400.00,[0D]
11234,12112848280.00,[0A]
11235,12112859120.00,+
11236,12112869960.00,M
11237,12112880800.00,I
11238,12112891680.00,P
11239,12112902520.00,U
11240,12112913360.00,R
11241,12112924200.00,C
11242,12112935040.00,:
11243,12112945920.00,[20]
11244,12112956760.00,"
11245,12112967600.00,r
11246,12112978440.00,t
11247,12112989280.00,c
11248,12113000160.00,p
11249,12113011000.00,"
11250,12113021840.00,,
11251,12113032680.00,0
11252,12113043520.00,,
11253,12113054360.00,2
11254,12113065240.00,3
11255,12113076080.00,6
11256,12113086920.00,,
11257,12113097760.00,8
11258,12113108640.00,2
11259,12113119480.00,7
11260,12113130320.00,E
11261,12113141160.00,0
11262,12113152000.00,0
11263,12113162880.00,E
11264,12113173720.00,8
11265,12113184560.00,0
11266,12113195400.00,0
11267,12113206240.00,0
11268,12113217120.00,0
11269,12113227960.00,0
11270,12113238800.00,0
11271,12113249640.00,E
11272,12113260480.00,4
11273,12113271320.00,6
11274,12113282200.00,B
11275,12113293040.00,8
11276,12113303880.00,3
11277,12113314720.00,4
11278,12113325600.00,8
11279,12113336440.00,4
11280,12113347280.00,C
11281,12113358120.00,9
11282,12113368960.00,2
11283,12113379840.00,C
11284,12113390680.00,2
11285,12113401520.00,F
11286,12113412360.00,2
11287,12113423200.00,F
11288,12113434080.00,1
11289,12113444920.00,6
11290,12113455760.00,F
11291,12113466600.00,4
11292,12113477440.00,3
11293,12113488280.00,F
11294,12113499160.00,6
11295,12113510000.00,5
11296,12113520840.00,2
11297,12113531680.00,9
11298,12113542560.00,C
11299,12113553400.00,E
11300,12113564240.00,2
11301,12113575080.00,6
11302,12113585920.00,F
11303,12113596800.00,3
11304,12113607640.00,9
11305,12113618480.00,1
11306,12113629320.00,A
11307,12113640160.00,8
11308,12113651040.00,A
11309,12113661880.00,6
11310,12113672720.00,5
11311,12113683560.00,0
11312,12113694400.00,8
11313,12113705280.00,7
11314,12113716120.00,1
11315,12113726960.00,A
11316,12113737800.00,B
11317,12113748640.00,9
11318,12113759520.00,7
11319,12113770360.00,A
11320,12113781200.00,E
11321,12113792040.00,7
11322,12113802880.00,E
11323,12113813760.00,9
11324,12113824600.00,A
11325,12113835440.00,B
11326,12113846280.00,6
11327,12113857120.00,E
11328,12113868000.00,6
11329,12113878840.00,1
11330,12113889680.00,3
11331,12113900520.00,E
11332,12113911360.00,C
11333,12113922240.00,6
11334,12113933080.00,A
11335,12113943920.00,C
11336,12113954760.00,D
11337,12113965600.00,0
11338,12113976480.00,D
11339,12113987320.00,C
11340,12113998160.00,E
11341,12114009000.00,1
11342,12114019840.00,8
11343,12114030720.00,B
11344,12114041560.00,F
11345,12114052400.00,2
11346,12114063240.00,5
11347,12114074080.00,2
11348,12114084960.00,D
11349,12114095800.00,2
11350,12114106640.00,5
11351,12114117480.00,1
11352,12114128320.00,5
11353,12114139200.00,0
11354,12114150040.00,B
11355,12114160880.00,8
11356,12114171720.00,C
11357,12114182560.00,4
11358,12114193440.00,2
11359,12114204280.00,9
11360,12114215120.00,2
11361,12114225960.00,C
11362,12114236800.00,A
11363,12114247680.00,1
11364,12114258520.00,7
11365,12114269360.00,7
11366,12114280200.00,0
11367,12114291040.00,2
11368,12114301920.00,8
11369,12114312760.00,3
11370,12114323600.00,E
11371,12114334440.00,F
11372,12114345280.00,1
11373,12114356160.00,B
11374,12114367000.00,0
11375,12114377840.00,8
11376,12114388680.00,A
11377,12114399520.00,7
11378,12114410400.00,D
11379,12114421240.00,E
11380,12114432080.00,7
11381,12114442920.00,A
11382,12114453760.00,1
11383,12114464640.00,2
11384,12114475480.00,C
11385,12114486320.00,6
11386,12114497160.00,6
11387,12114508000.00,3
11388,12114518880.00,D
11389,12114529720.00,6
11390,12114540560.00,3
11391,12114551400.00,B
11392,12114562240.00,7
11393,12114573120.00,9
11394,12114583960.00,D
11395,12114594800.00,7
11396,12114605640.00,9
11397,12114616480.00,E
11398,12114627360.00,2
11399,12114638200.00,F
11400,12114649040.00,9
11401,12114659880.00,E
11402,12114670720.00,8
11403,12114681600.00,7
11404,12114692440.00,9
11405,12114703280.00,3
11406,12114714120.00,3
11407,12114724960.00,E
11408,12114735840.00,3
11409,12114746680.00,C
11410,12114757520.00,0
11411,12114768360.00,A
11412,12114779200.00,6
11413,12114790080.00,C
11414,12114800920.00,C
11415,12114811760.00,C
11416,12114822600.00,6
11417,12114833440.00,4
11418,12114844320.00,5
11419,12114855160.00,A
11420,12114866000.00,0
11421,12114876840.00,1
11422,12114887680.00,5
11423,12114898560.00,3
11424,12114909400.00,4
11425,12114920240.00,9
11426,12114931080.00,3
11427,12114941920.00,7
11428,12114952800.00,B
11429,12114963640.00,5
11430,12114974480.00,3
11431,12114985320.00,F
11432,12114996160.00,9
11433,12115007040.00,C
11434,12115017880.00,A
11435,12115028720.00,5
11436,12115039560.00,9
11437,12115050400.00,A
11438,12115061280.00,B
11439,12115072120.00,4
11440,12115082960.00,3
11441,12115093800.00,A
11442,12115104680.00,0
11443,12115115520.00,C
11444,12115126360.00,6
11445,12115137200.00,3
11446,12115148040.00,3
11447,12115158880.00,2
11448,12115169760.00,E
11449,12115180600.00,D
11450,12115191440.00,2
11451,12115202280.00,9
11452,12115213120.00,E
11453,12115224000.00,8
11454,12115234840.00,F
11455,12115245680.00,F
11456,12115256520.00,A
11457,12115267360.00,9
11458,12115278240.00,B
11459,12115289080.00,8
11460,12115299920.00,1
11461,12115310760.00,8
11462,12115321640.00,6
11463,12115332480.00,E
11464,12115343320.00,6
11465,12115354160.00,E
11466,12115365000.00,A
11467,12115375840.00,3
11468,12115386720.00,0
11469,12115397560.00,0
11470,12115408400.00,1
11471,12115419240.00,C
11472,12115430080.00,7
11473,12115440960.00,A
11474,12115451800.00,D
11475,12115462640.00,2
11476,12115473480.00,8
11477,12115484320.00,A
11478,12115495200.00,9
11479,12115506040.00,8
11480,12115516880.00,D
11481,12115527720.00,5
11482,12115538600.00,7
11483,12115549440.00,7
11484,12115560280.00,E
11485,12115571120.00,7
11486,12115581960.00,4
11487,12115592800.00,2
11488,12115603680.00,E
11489,12115614520.00,A
11490,12115625360.00,4
11491,12115636200.00,D
11492,12115647040.00,8
11493,12115657920.00,6
11494,12115668760.00,5
11495,12115679600.00,8
11496,12115690440.00,8
11497,12115701280.00,B
11498,12115712160.00,3
11499,12115723000.00,7
11500,12115733840.00,0
11501,12115744680.00,7
11502,12115755560.00,B
11503,12115766400.00,B
11504,12115777240.00,8
11505,12115788080.00,F
11506,12115798920.00,8
11507,12115809760.00,2
11508,12115820640.00,E
11509,12115831480.00,2
11510,12115842320.00,7
11511,12115853160.00,7
11512,12115864000.00,3
11513,12115874880.00,7
11514,12115885720.00,B
11515,12115896560.00,8
11516,12115907400.00,A
11517,12115918240.00,7
11518,12115929120.00,0
11519,12115939960.00,D
11520,12115950800.00,E
11521,12115961640.00,3
11522,12115972520.00,F
11523,12115983360.00,A
11524,12115994200.00,9
11525,12116005040.00,C
11526,12116015880.00,1
11527,12116026720.00,1
11528,12116037600.00,B
11529,12116048440.00,8
11530,12116059280.00,6
11531,12116070120.00,8
11532,12116080960.00,B
11533,12116091840.00,A
11534,12116102680.00,0
11535,12116113520.00,C
11536,12116124360.00,F
11537,12116135200.00,8
11538,12116146080.00,9
11539,12116156920.00,0
11540,12116167760.00,3
11541,12116178600.00,D
11542,12116189480.00,D
11543,12116200320.00,5
11544,12116211160.00,A
11545,12116222000.00,F
11546,12116232840.00,E
11547,12116243720.00,4
11548,12116254560.00,D
11549,12116265400.00,2
11550,12116276240.00,4
11551,12116287080.00,5
11552,12116297920.00,0
11553,12116308800.00,B
11554,12116319640.00,1
11555,12116330480.00,2
11556,12116341320.00,1
11557,12116352160.00,6
11558,12116363040.00,1
11559,12116373880.00,8
11560,12116384720.00,3
11561,12116395560.00,4
11562,12116406440.00,0
11563,12116417280.00,F
11564,12116428120.00,0
11565,12116438960.00,3
11566,12116449800.00,0
11567,12116460680.00,3
11568,12116471520.00,A
11569,12116482360.00,9
11570,12116493200.00,0
11571,12116504040.00,E
11572,12116514880.00,D
11573,12116525760.00,C
11574,12116536600.00,B
11575,12116547440.00,1
11576,12116558280.00,5
11577,12116569120.00,B
11578,12116580000.00,3
11579,12116590840.00,6
11580,12116601680.00,1
11581,12116612520.00,7
11582,12116623400.00,E
11583,12116634240.00,B
11584,12116645080.00,5
11585,12116655920.00,3
11586,12116666760.00,1
11587,12116677640.00,3
11588,12116688480.00,4
11589,12116699320.00,7
11590,12116710160.00,8
11591,12116721000.00,0
11592,12116731840.00,8
11593,12116742720.00,E
11594,12116753560.00,5
11595,12116764400.00,9
11596,12116775240.00,9
11597,12116786080.00,D
11598,12116796960.00,B
11599,12116807800.00,C
11600,12116818640.00,5
11601,12116829480.00,1
11602,12116840360.00,D
11603,12116851200.00,B
11604,12116862040.00,9
11605,12116872880.00,C
11606,12116883720.00,0
11607,12116894600.00,5
11608,12116905440.00,9
11609,12116916280.00,D
11610,12116927120.00,B
11611,12116937960.00,A
11612,12116948800.00,9
11613,12116959680.00,B
11614,12116970520.00,6
11615,12116981360.00,3
11616,12116992200.00,6
11617,12117003040.00,3
11618,12117013920.00,4
11619,12117024760.00,F
11620,12117035600.00,F
11621,12117046440.00,9
11622,12117057320.00,C
11623,12117068160.00,3
11624,12117079000.00,1
11625,12117089840.00,8
11626,12117100680.00,C
11627,12117111560.00,E
11628,12117122400.00,3
11629,12117133240.00,7
11630,12117144080.00,E
11631,12117154920.00,4
11632,12117165800.00,7
11633,12117176640.00,9
11634,12117187480.00,D
11635,12117198320.00,2
11636,12117209160.00,A
11637,12117220000.00,2
11638,12117230880.00,9
11639,12117241720.00,E
11640,12117252560.00,6
11641,12117263400.00,1
11642,12117274280.00,C
11643,12117285120.00,8
11644,12117295960.00,A
11645,12117306800.00,9
11646,12117317640.00,C
11647,12117328520.00,F
11648,12117339360.00,F
11649,12117350200.00,C
11650,12117361040.00,A
11651,12117371880.00,3
11652,12117382760.00,B
11653,12117393600.00,F
11654,12117404440.00,C
11655,12117415280.00,D
11656,12117426120.00,3
11657,12117436960.00,A
11658,12117447840.00,2
11659,12117458680.00,6
11660,12117469520.00,0
11661,12117480360.00,B
11662,12117491240.00,0
11663,12117502080.00,1
11664,12117512920.00,B
11665,12117523760.00,B
11666,12117534600.00,3
11667,12117545480.00,F
11668,12117556320.00,6
11669,12117567160.00,E
11670,12117578000.00,E
11671,12117588840.00,B
11672,12117599720.00,D
11673,12117610560.00,8
11674,12117621400.00,0
11675,12117632240.00,D
11676,12117643080.00,C
11677,12117653920.00,6
11678,12117664800.00,6
11679,12117675640.00,8
11680,12117686480.00,4
11681,12117697320.00,4
11682,12117708200.00,C
11683,12117719040.00,C
11684,12117729880.00,2
11685,12117740720.00,6
11686,12117751560.00,B
11687,12117762440.00,E
11688,12117773280.00,7
11689,12117784120.00,4
11690,12117794960.00,F
11691,12117805800.00,6
11692,12117816680.00,9
11693,12117827520.00,3
11694,12117838360.00,3
11695,12117849200.00,E
11696,12117860040.00,7
11697,12117870880.00,7
11698,12117881760.00,0
11699,12117892600.00,1
11700,12117903440.00,F
11701,12117914280.00,D
11702,12117925160.00,B
11703,12117936000.00,6
11704,12117946840.00,A
11705,12117957680.00,E
11706,12117968520.00,0
11707,12117979400.00,3
11708,12117990240.00,4
11709,12118001080.00,C
11710,12118011920.00,6
11711,12118022760.00,9
11712,12118033640.00,7
11713,12118044480.00,E
11714,12118055320.00,4
11715,12118066160.00,A
11716,12118077000.00,8
11717,12118087840.00,E
11718,12118098720.00,3
11719,12118109560.00,7
11720,12118120400.00,0
11721,12118131240.00,2
11722,12118142120.00,6
11723,12118152960.00,E
11724,12118163800.00,0
11725,12118174640.00,B
11726,12118185480.00,D
11727,12118196360.00,F
11728,12118207200.00,6
11729,12118218040.00,[0D]
11730,12118228880.00,[0A]
11731,12178789040.00,[0D]
11732,12178799880.00,[0A]
11733,12178810720.00,+
11734,12178821600.00,M
11735,12178832440.00,I
11736,12178843280.00,P
11737,12178854120.00,U
11738,12178864960.00,R
11739,12178875840.00,C
11740,12178886680.00,:
11741,12178897520.00,[20]
11742,12178908360.00,"
11743,12178919200.00,r
11744,12178930040.00,t
11745,12178940920.00,c
11746,12178951760.00,p
11747,12178962600.00,"
11748,12178973440.00,,
11749,12178984280.00,0
11750,12178995160.00,,
11751,12179006000.00,1
11752,12179016840.00,9
11753,12179027680.00,3
11754,12179038560.00,,
11755,12179049400.00,8
11756,12179060240.00,2
11757,12179071080.00,7
11758,12179081920.00,E
11759,12179092800.00,0
11760,12179103640.00,0
11761,12179114480.00,B
11762,12179125320.00,D
11763,12179136160.00,0
11764,12179147000.00,0
11765,12179157880.00,0
11766,12179168720.00,0
11767,12179179560.00,0
11768,12179190400.00,0
11769,12179201240.00,B
11770,12179212120.00,9
11771,12179222960.00,6
11772,12179233800.00,B
11773,12179244640.00,8
11774,12179255520.00,3
11775,12179266360.00,3
11776,12179277200.00,B
11777,12179288040.00,3
11778,12179298880.00,F
11779,12179309760.00,A
11780,12179320600.00,C
11781,12179331440.00,5
11782,12179342280.00,B
11783,12179353120.00,9
11784,12179363960.00,8
11785,12179374840.00,3
11786,12179385680.00,0
11787,12179396520.00,4
11788,12179407360.00,4
11789,12179418200.00,A
11790,12179429080.00,D
11791,12179439920.00,6
11792,12179450760.00,8
11793,12179461600.00,9
11794,12179472480.00,7
11795,12179483320.00,C
11796,12179494160.00,3
11797,12179505000.00,9
11798,12179515840.00,3
11799,12179526720.00,1
11800,12179537560.00,3
11801,12179548400.00,7
11802,12179559240.00,1
11803,12179570080.00,3
11804,12179580920.00,5
11805,12179591800.00,A
11806,12179602640.00,2
11807,12179613480.00,0
11808,12179624320.00,8
11809,12179635160.00,B
11810,12179646040.00,A
11811,12179656880.00,4
11812,12179667720.00,2
11813,12179678560.00,2
11814,12179689440.00,3
11815,12179700280.00,9
11816,12179711120.00,C
11817,12179721960.00,B
11818,12179732800.00,8
11819,12179743680.00,B
11820,12179754520.00,F
11821,12179765360.00,5
11822,12179776200.00,8
11823,12179787040.00,D
11824,12179797880.00,A
11825,12179808760.00,C
11826,12179819600.00,6
11827,12179830440.00,D
11828,12179841280.00,B
11829,12179852120.00,6
11830,12179863000.00,D
11831,12179873840.00,1
11832,12179884680.00,A
11833,12179895520.00,8
11834,12179906400.00,1
11835,12179917240.00,7
11836,12179928080.00,8
11837,12179938920.00,1
11838,12179949760.00,0
11839,12179960640.00,F
11840,12179971480.00,0
11841,12179982320.00,A
11842,12179993160.00,6
11843,12180004000.00,A
11844,12180014840.00,A
11845,12180025720.00,0
11846,12180036560.00,9
11847,12180047400.00,9
11848,12180058240.00,D
11849,12180069080.00,7
11850,12180079960.00,9
11851,12180090800.00,5
11852,12180101640.00,6
11853,12180112480.00,D
11854,12180123360.00,7
11855,12180134200.00,0
11856,12180145040.00,0
11857,12180155880.00,1
11858,12180166720.00,A
11859,12180177600.00,B
11860,12180188440.00,F
11861,12180199280.00,6
11862,12180210120.00,D
11863,12180220960.00,7
11864,12180231800.00,9
11865,12180242680.00,D
11866,12180253520.00,6
11867,12180264360.00,7
11868,12180275200.00,4
11869,12180286040.00,3
11870,12180296920.00,A
11871,12180307760.00,C
11872,12180318600.00,B
11873,12180329440.00,2
11874,12180340320.00,1
11875,12180351160.00,0
11876,12180362000.00,6
11877,12180372840.00,1
11878,12180383680.00,1
11879,12180394560.00,C
11880,12180405400.00,E
11881,12180416240.00,E
11882,12180427080.00,0
11883,12180437920.00,D
11884,12180448800.00,8
11885,12180459640.00,F
11886,12180470480.00,9
11887,12180481320.00,D
11888,12180492160.00,8
11889,12180503000.00,C
11890,12180513880.00,A
11891,12180524720.00,2
11892,12180535560.00,C
11893,12180546400.00,3
11894,12180557280.00,4
11895,12180568120.00,F
11896,12180578960.00,6
11897,12180589800.00,A
11898,12180600640.00,5
11899,12180611520.00,F
11900,12180622360.00,1
11901,12180633200.00,1
11902,12180644040.00,C
11903,12180654880.00,1
11904,12180665760.00,5
11905,12180676600.00,0
11906,12180687440.00,8
11907,12180698280.00,F
11908,12180709120.00,E
11909,12180719960.00,E
11910,12180730840.00,0
11911,12180741680.00,0
11912,12180752520.00,B
11913,12180763360.00,2
11914,12180774240.00,3
11915,12180785080.00,5
11916,12180795920.00,B
11917,12180806760.00,4
11918,12180817600.00,B
11919,12180828480.00,2
11920,12180839320.00,F
11921,12180850160.00,E
11922,12180861000.00,9
11923,12180871840.00,6
11924,12180882720.00,7
11925,12180893560.00,F
11926,12180904400.00,0
11927,12180915240.00,A
11928,12180926080.00,0
11929,12180936920.00,4
11930,12180947800.00,5
11931,12180958640.00,0
11932,12180969480.00,C
11933,12180980320.00,C
11934,12180991200.00,7
11935,12181002040.00,B
11936,12181012880.00,2
11937,12181023720.00,0
11938,12181034560.00,D
11939,12181045440.00,5
11940,12181056280.00,7
11941,12181067120.00,1
11942,12181077960.00,1
11943,12181088800.00,A
11944,12181099680.00,A
11945,12181110520.00,C
11946,12181121360.00,E
11947,12181132200.00,B
11948,12181143040.00,A
11949,12181153920.00,2
11950,12181164760.00,6
11951,12181175600.00,F
11952,12181186440.00,6
11953,12181197280.00,4
11954,12181208160.00,1
11955,12181219000.00,F
11956,12181229840.00,D
11957,12181240680.00,1
11958,12181251520.00,6
11959,12181262400.00,6
11960,12181273240.00,3
11961,12181284080.00,6
11962,12181294920.00,D
11963,12181305760.00,A
11964,12181316640.00,F
11965,12181327480.00,D
11966,12181338320.00,B
11967,12181349160.00,8
11968,12181360000.00,9
11969,12181370880.00,D
11970,12181381720.00,E
11971,12181392560.00,A
11972,12181403400.00,B
11973,12181414240.00,5
11974,12181425120.00,0
11975,12181435960.00,B
11976,12181446800.00,1
11977,12181457640.00,6
11978,12181468480.00,2
11979,12181479360.00,8
11980,12181490200.00,5
11981,12181501040.00,7
11982,12181511880.00,6
11983,12181522720.00,0
11984,12181533600.00,2
11985,12181544440.00,8
11986,12181555280.00,8
11987,12181566120.00,5
11988,12181576960.00,3
11989,12181587840.00,1
11990,12181598680.00,A
11991,12181609520.00,E
11992,12181620360.00,A
11993,12181631200.00,8
11994,12181642080.00,A
11995,12181652920.00,8
11996,12181663760.00,6
11997,12181674600.00,6
11998,12181685440.00,B
11999,12181696320.00,B
12000,12181707160.00,8
12001,12181718000.00,C
12002,12181728840.00,3
12003,12181739680.00,1
12004,12181750560.00,3
12005,12181761400.00,D
12006,12181772240.00,C
12007,12181783080.00,8
12008,12181793920.00,6
12009,12181804800.00,5
12010,12181815640.00,A
12011,12181826480.00,F
12012,12181837320.00,F
12013,12181848160.00,C
12014,12181859040.00,E
12015,12181869880.00,7
12016,12181880720.00,C
12017,12181891560.00,E
12018,12181902400.00,A
12019,12181913280.00,4
12020,12181924120.00,6
12021,12181934960.00,4
12022,12181945800.00,8
12023,12181956640.00,A
12024,12181967520.00,2
12025,12181978360.00,4
12026,12181989200.00,D
12027,12182000040.00,1
12028,12182010880.00,8
12029,12182021760.00,2
12030,12182032600.00,8
12031,12182043440.00,1
12032,12182054280.00,F
12033,12182065120.00,0
12034,12182076000.00,9
12035,12182086840.00,5
12036,12182097680.00,B
12037,12182108520.00,6
12038,12182119360.00,5
12039,12182130240.00,1
12040,12182141080.00,4
12041,12182151920.00,8
12042,12182162760.00,0
12043,12182173600.00,D
12044,12182184480.00,F
12045,12182195320.00,D
12046,12182206160.00,F
12047,12182217000.00,D
12048,12182227840.00,5
12049,12182238720.00,5
12050,12182249560.00,7
12051,12182260400.00,1
12052,12182271240.00,6
12053,12182282080.00,2
12054,12182292960.00,1
12055,12182303800.00,E
12056,12182314640.00,8
12057,12182325480.00,3
12058,12182336320.00,A
12059,12182347200.00,D
12060,12182358040.00,7
12061,12182368880.00,9
12062,12182379720.00,3
12063,12182390560.00,9
12064,12182401440.00,3
12065,12182412280.00,7
12066,12182423120.00,F
12067,12182433960.00,8
12068,12182444800.00,A
12069,12182455680.00,5
12070,12182466520.00,0
12071,12182477360.00,9
12072,12182488200.00,A
12073,12182499040.00,D
12074,12182509920.00,F
12075,12182520760.00,C
12076,12182531600.00,4
12077,12182542440.00,C
12078,12182553280.00,3
12079,12182564160.00,3
12080,12182575000.00,1
12081,12182585840.00,3
12082,12182596680.00,7
12083,12182607520.00,5
12084,12182618400.00,9
12085,12182629240.00,5
12086,12182640080.00,D
12087,12182650920.00,6
12088,12182661760.00,8
12089,12182672640.00,3
12090,12182683480.00,3
12091,12182694320.00,2
12092,12182705160.00,F
12093,12182716000.00,E
12094,12182726880.00,6
12095,12182737720.00,0
12096,12182748560.00,F
12097,12182759400.00,7
12098,12182770240.00,8
12099,12182781120.00,7
12100,12182791960.00,D
12101,12182802800.00,1
12102,12182813640.00,A
12103,12182824480.00,C
12104,12182835360.00,B
12105,12182846200.00,4
12106,12182857040.00,3
12107,12182867880.00,8
12108,12182878720.00,A
12109,12182889600.00,7
12110,12182900440.00,8
12111,12182911280.00,7
12112,12182922120.00,0
12113,12182932960.00,9
12114,12182943840.00,4
12115,12182954680.00,2
12116,12182965520.00,B
12117,12182976360.00,9
12118,12182987200.00,0
12119,12182998080.00,9
12120,12183008920.00,1
12121,12183019760.00,3
12122,12183030600.00,B
12123,12183041440.00,3
12124,12183052320.00,1
12125,12183063160.00,2
12126,12183074000.00,1
12127,12183084840.00,D
12128,12183095680.00,1
12129,12183106560.00,3
12130,12183117400.00,2
12131,12183128240.00,C
12132,12183139080.00,4
12133,12183149920.00,D
12134,12183160800.00,A
12135,12183171640.00,9
12136,12183182480.00,7
12137,12183193320.00,4
12138,12183204200.00,4
12139,12183215040.00,0
12140,12183225880.00,E
12141,12183236720.00,[0D]
12142,12183247560.00,[0A]
12143,12232789400.00,[0D]
12144,12232800240.00,[0A]
12145,12232811080.00,+
12146,12232821920.00,M
12147,12232832760.00,I
12148,12232843640.00,P
12149,12232854480.00,U
12150,12232865320.00,R
12151,12232876160.00,C
12152,12232887000.00,:
12153,12232897880.00,[20]
12154,12232908720.00,"
12155,12232919560.00,r
12156,12232930400.00,t
12157,12232941240.00,c
12158,12232952120.00,p
12159,12232962960.00,"
12160,12232973800.00,,
12161,12232984640.00,0
12162,12232995520.00,,
12163,12233006360.00,2
12164,12233017200.00,3
12165,12233028040.00,2
12166,12233038880.00,,
12167,12233049720.00,8
12168,12233060600.00,2
12169,12233071440.00,7
12170,12233082280.00,E
12171,12233093120.00,0
12172,12233103960.00,0
12173,12233114840.00,E
12174,12233125680.00,4
12175,12233136520.00,0
12176,12233147360.00,0
12177,12233158200.00,0
12178,12233169080.00,0
12179,12233179920.00,0
12180,12233190760.00,0
12181,12233201600.00,E
12182,12233212480.00,0
12183,12233223320.00,6
12184,12233234160.00,B
12185,12233245000.00,8
12186,12233255840.00,3
12187,12233266680.00,4
12188,12233277560.00,A
12189,12233288400.00,4
12190,12233299240.00,9
12191,12233310080.00,A
12192,12233320920.00,0
12193,12233331800.00,4
12194,12233342640.00,1
12195,12233353480.00,6
12196,12233364320.00,E
12197,12233375160.00,9
12198,12233386040.00,2
12199,12233396880.00,F
12200,12233407720.00,1
12201,12233418560.00,D
12202,12233429440.00,2
12203,12233440280.00,3
12204,12233451120.00,A
12205,12233461960.00,E
12206,12233472800.00,1
12207,12233483640.00,5
12208,12233494520.00,E
12209,12233505360.00,E
12210,12233516200.00,C
12211,12233527040.00,A
12212,12233537880.00,8
12213,12233548760.00,F
12214,12233559600.00,7
12215,12233570440.00,0
12216,12233581280.00,B
12217,12233592120.00,B
12218,12233603000.00,5
12219,12233613840.00,9
12220,12233624680.00,B
12221,12233635520.00,F
12222,12233646400.00,4
12223,12233657240.00,8
12224,12233668080.00,4
12225,12233678920.00,8
12226,12233689760.00,8
12227,12233700600.00,D
12228,12233711480.00,1
12229,12233722320.00,3
12230,12233733160.00,8
12231,12233744000.00,D
12232,12233754840.00,0
12233,12233765720.00,1
12234,12233776560.00,4
12235,12233787400.00,3
12236,12233798240.00,D
12237,12233809080.00,E
12238,12233819960.00,3
12239,12233830800.00,B
12240,12233841640.00,4
12241,12233852480.00,1
12242,12233863360.00,C
12243,12233874200.00,5
12244,12233885040.00,C
12245,12233895880.00,C
12246,12233906720.00,A
12247,12233917600.00,E
12248,12233928440.00,1
12249,12233939280.00,D
12250,12233950120.00,C
12251,12233960960.00,6
12252,12233971800.00,B
12253,12233982680.00,B
12254,12233993520.00,3
12255,12234004360.00,6
12256,12234015200.00,9
12257,12234026040.00,3
12258,12234036920.00,0
12259,12234047760.00,D
12260,12234058600.00,C
12261,12234069440.00,D
12262,12234080320.00,F
12263,12234091160.00,D
12264,12234102000.00,D
12265,12234112840.00,9
12266,12234123680.00,7
12267,12234134560.00,E
12268,12234145400.00,6
12269,12234156240.00,1
12270,12234167080.00,B
12271,12234177920.00,E
12272,12234188760.00,8
12273,12234199640.00,3
12274,12234210480.00,C
12275,12234221320.00,6
12276,12234232160.00,0
12277,12234243000.00,B
12278,12234253880.00,F
12279,12234264720.00,2
12280,12234275560.00,A
12281,12234286400.00,1
12282,12234297280.00,F
12283,12234308120.00,6
12284,12234318960.00,0
12285,12234329800.00,9
12286,12234340640.00,9
12287,12234351520.00,0
12288,12234362360.00,1
12289,12234373200.00,1
12290,12234384040.00,2
12291,12234394880.00,D
12292,12234405720.00,E
12293,12234416600.00,7
12294,12234427440.00,5
12295,12234438280.00,C
12296,12234449120.00,A
12297,12234459960.00,7
12298,12234470840.00,B
12299,12234481680.00,D
12300,12234492520.00,C
12301,12234503360.00,0
12302,12234514240.00,C
12303,12234525080.00,A
12304,12234535920.00,5
12305,12234546760.00,2
12306,12234557600.00,4
12307,12234568480.00,3
12308,12234579320.00,B
12309,12234590160.00,4
12310,12234601000.00,9
12311,12234611840.00,D
12312,12234622680.00,2
12313,12234633560.00,2
12314,12234644400.00,3
12315,12234655240.00,6
12316,12234666080.00,A
12317,12234676920.00,5
12318,12234687800.00,5
12319,12234698640.00,C
12320,12234709480.00,E
12321,12234720320.00,8
12322,12234731200.00,0
12323,12234742040.00,0
12324,12234752880.00,9
12325,12234763720.00,D
12326,12234774560.00,0
12327,12234785440.00,6
12328,12234796280.00,C
12329,12234807120.00,F
12330,12234817960.00,B
12331,12234828800.00,C
12332,12234839680.00,F
12333,12234850520.00,D
12334,12234861360.00,5
12335,12234872200.00,6
12336,12234883040.00,E
12337,12234893880.00,9
12338,12234904760.00,B
12339,12234915600.00,A
12340,12234926440.00,E
12341,12234937280.00,C
12342,12234948160.00,9
12343,12234959000.00,4
12344,12234969840.00,A
12345,12234980680.00,2
12346,12234991520.00,1
12347,12235002400.00,3
12348,12235013240.00,5
12349,12235024080.00,5
12350,12235034920.00,B
12351,12235045760.00,9
12352,12235056640.00,0
12353,12235067480.00,7
12354,12235078320.00,3
12355,12235089160.00,B
12356,12235100000.00,1
12357,12235110840.00,D
12358,12235121720.00,7
12359,12235132560.00,A
12360,12235143400.00,9
12361,12235154240.00,F
12362,12235165120.00,2
12363,12235175960.00,2
12364,12235186800.00,3
12365,12235197640.00,F
12366,12235208480.00,F
12367,12235219360.00,7
12368,12235230200.00,A
12369,12235241040.00,B
12370,12235251880.00,6
12371,12235262720.00,D
12372,12235273600.00,4
12373,12235284440.00,B
12374,12235295280.00,3
12375,12235306120.00,9
12376,12235316960.00,9
12377,12235327800.00,E
12378,12235338680.00,1
12379,12235349520.00,5
12380,12235360360.00,1
12381,12235371200.00,D
12382,12235382080.00,C
12383,12235392920.00,7
12384,12235403760.00,9
12385,12235414600.00,C
12386,12235425440.00,E
12387,12235436320.00,4
12388,12235447160.00,F
12389,12235458000.00,1
12390,12235468840.00,0
12391,12235479680.00,6
12392,12235490560.00,5
12393,12235501400.00,3
12394,12235512240.00,7
12395,12235523080.00,5
12396,12235533920.00,F
12397,12235544760.00,C
12398,12235555640.00,6
12399,12235566480.00,0
12400,12235577320.00,7
12401,12235588160.00,5
12402,12235599040.00,4
12403,12235609880.00,2
12404,12235620720.00,E
12405,12235631560.00,C
12406,12235642400.00,2
12407,12235653280.00,F
12408,12235664120.00,6
12409,12235674960.00,1
12410,12235685800.00,0
12411,12235696640.00,7
12412,12235707520.00,E
12413,12235718360.00,5
12414,12235729200.00,C
12415,12235740040.00,6
12416,12235750880.00,3
12417,12235761720.00,A
12418,12235772600.00,E
12419,12235783440.00,A
12420,12235794280.00,2
12421,12235805120.00,1
12422,12235816000.00,F
12423,12235826840.00,2
12424,12235837680.00,C
12425,12235848520.00,3
12426,12235859360.00,A
12427,12235870240.00,9
12428,12235881080.00,E
12429,12235891920.00,1
12430,12235902760.00,7
12431,12235913600.00,E
12432,12235924480.00,B
12433,12235935320.00,5
12434,12235946160.00,A
12435,12235957000.00,C
12436,12235967840.00,C
12437,12235978720.00,3
12438,12235989560.00,5
12439,12236000400.00,0
12440,12236011240.00,0
12441,12236022080.00,5
12442,12236032960.00,9
12443,12236043800.00,8
12444,12236054640.00,9
12445,12236065480.00,9
12446,12236076320.00,3
12447,12236087200.00,2
12448,12236098040.00,1
12449,12236108880.00,0
12450,12236119720.00,4
12451,12236130560.00,4
12452,12236141440.00,E
12453,12236152280.00,B
12454,12236163120.00,C
12455,12236173960.00,8
12456,12236184800.00,2
12457,12236195680.00,9
12458,12236206520.00,A
12459,12236217360.00,0
12460,12236228200.00,6
12461,12236239040.00,7
12462,12236249920.00,2
12463,12236260760.00,4
12464,12236271600.00,4
12465,12236282440.00,2
12466,12236293280.00,9
12467,12236304160.00,7
12468,12236315000.00,1
12469,12236325840.00,6
12470,12236336680.00,B
12471,12236347520.00,E
12472,12236358400.00,7
12473,12236369240.00,E
12474,12236380080.00,0
12475,12236390920.00,8
12476,12236401760.00,A
12477,12236412640.00,3
12478,12236423480.00,8
12479,12236434320.00,B
12480,12236445160.00,7
12481,12236456000.00,7
12482,12236466880.00,C
12483,12236477720.00,5
12484,12236488560.00,6
12485,12236499400.00,B
12486,12236510240.00,0
12487,12236521120.00,E
12488,12236531960.00,B
12489,12236542800.00,9
12490,12236553640.00,6
12491,12236564480.00,6
12492,12236575360.00,A
12493,12236586200.00,1
12494,12236597040.00,1
12495,12236607880.00,D
12496,12236618720.00,C
12497,12236629600.00,9
12498,12236640440.00,1
12499,12236651280.00,F
12500,12236662120.00,3
12501,12236672960.00,C
12502,12236683840.00,4
12503,12236694680.00,B
12504,12236705520.00,5
12505,12236716360.00,0
12506,12236727200.00,5
12507,12236738080.00,0
12508,12236748920.00,8
12509,12236759760.00,C
12510,12236770600.00,5
12511,12236781440.00,F
12512,12236792320.00,B
12513,12236803160.00,E
12514,12236814000.00,2
12515,12236824840.00,8
12516,12236835680.00,A
12517,12236846560.00,4
12518,12236857400.00,A
12519,12236868240.00,9
12520,12236879080.00,A
12521,12236889920.00,0
12522,12236900800.00,7
12523,12236911640.00,8
12524,12236922480.00,4
12525,12236933320.00,A
12526,12236944160.00,0
12527,12236955040.00,9
12528,12236965880.00,2
12529,12236976720.00,C
12530,12236987560.00,2
12531,12236998400.00,0
12532,12237009280.00,F
12533,12237020120.00,B
12534,12237030960.00,2
12535,12237041800.00,8
12536,12237052640.00,E
12537,12237063520.00,A
12538,12237074360.00,2
12539,12237085200.00,0
12540,12237096040.00,C
12541,12237106880.00,2
12542,12237117760.00,E
12543,12237128600.00,B
12544,12237139440.00,D
12545,12237150280.00,6
12546,12237161120.00,0
12547,12237172000.00,D
12548,12237182840.00,1
12549,12237193680.00,C
12550,12237204520.00,A
12551,12237215360.00,0
12552,12237226240.00,A
12553,12237237080.00,5
12554,12237247920.00,E
12555,12237258760.00,9
12556,12237269600.00,C
12557,12237280480.00,C
12558,12237291320.00,5
12559,12237302160.00,8
12560,12237313000.00,3
12561,12237323840.00,A
12562,12237334720.00,F
12563,12237345560.00,7
12564,12237356400.00,5
12565,12237367240.00,5
12566,12237378080.00,3
12567,12237388960.00,5
12568,12237399800.00,C
12569,12237410640.00,6
12570,12237421480.00,0
12571,12237432320.00,3
12572,12237443200.00,7
12573,12237454040.00,F
12574,12237464880.00,2
12575,12237475720.00,8
12576,12237486560.00,4
12577,12237497440.00,7
12578,12237508280.00,6
12579,12237519120.00,6
12580,12237529960.00,D
12581,12237540800.00,8
12582,12237551680.00,7
12583,12237562520.00,F
12584,12237573360.00,8
12585,12237584200.00,5
12586,12237595040.00,5
12587,12237605920.00,C
12588,12237616760.00,9
12589,12237627600.00,1
12590,12237638440.00,0
12591,12237649280.00,E
12592,12237660160.00,8
12593,12237671000.00,9
12594,12237681840.00,1
12595,12237692680.00,2
12596,12237703520.00,3
12597,12237714400.00,7
12598,12237725240.00,C
12599,12237736080.00,6
12600,12237746920.00,4
12601,12237757760.00,9
12602,12237768640.00,E
12603,12237779480.00,0
12604,12237790320.00,8
12605,12237801160.00,1
12606,12237812040.00,1
12607,12237822880.00,4
12608,12237833720.00,C
12609,12237844560.00,8
12610,12237855400.00,2
12611,12237866240.00,D
12612,12237877120.00,3
12613,12237887960.00,6
12614,12237898800.00,A
12615,12237909640.00,8
12616,12237920480.00,5
12617,12237931360.00,E
12618,12237942200.00,1
12619,12237953040.00,2
12620,12237963880.00,6
12621,12237974720.00,2
12622,12237985600.00,A
12623,12237996440.00,5
12624,12238007280.00,B
12625,12238018120.00,C
12626,12238029000.00,4
12627,12238039840.00,B
12628,12238050680.00,4
12629,12238061520.00,4
12630,12238072360.00,5
12631,12238083200.00,[0D]
12632,12238094080.00,[0A]
12633,12298935160.00,[0D]
12634,12298946040.00,[0A]
12635,12298956880.00,+
12636,12298967720.00,M
12637,12298978560.00,I
12638,12298989400.00,P
12639,12299000280.00,U
12640,12299011120.00,R
12641,12299021960.00,C
12642,12299032800.00,:
12643,12299043680.00,[20]
12644,12299054520.00,"
12645,12299065360.00,r
12646,12299076200.00,t
12647,12299087040.00,c
12648,12299097880.00,p
12649,12299108760.00,"
12650,12299119600.00,,
12651,12299130440.00,0
12652,12299141280.00,,
12653,12299152120.00,2
12654,12299163000.00,1
12655,12299173840.00,9
12656,12299184680.00,,
12657,12299195520.00,8
12658,12299206360.00,2
12659,12299217240.00,7
12660,12299228080.00,E
12661,12299238920.00,0
12662,12299249760.00,0
12663,12299260640.00,D
12664,12299271480.00,7
12665,12299282320.00,0
12666,12299293160.00,0
12667,12299304000.00,0
12668,12299314840.00,0
12669,12299325720.00,0
12670,12299336560.00,0
12671,12299347400.00,D
12672,12299358240.00,3
12673,12299369080.00,6
12674,12299379960.00,B
12675,12299390800.00,8
12676,12299401640.00,3
12677,12299412480.00,4
12678,12299423320.00,7
12679,12299434200.00,4
12680,12299445040.00,4
12681,12299455880.00,B
12682,12299466720.00,4
12683,12299477600.00,4
12684,12299488440.00,8
12685,12299499280.00,2
12686,12299510120.00,0
12687,12299520960.00,7
12688,12299531800.00,3
12689,12299542680.00,A
12690,12299553520.00,D
12691,12299564360.00,3
12692,12299575200.00,0
12693,12299586040.00,7
12694,12299596920.00,E
12695,12299607760.00,8
12696,12299618600.00,D
12697,12299629440.00,0
12698,12299640280.00,4
12699,12299651160.00,1
12700,12299662000.00,F
12701,12299672840.00,8
12702,12299683680.00,1
12703,12299694560.00,3
12704,12299705400.00,4
12705,12299716240.00,9
12706,12299727080.00,D
12707,12299737920.00,6
12708,12299748760.00,5
12709,12299759640.00,3
12710,12299770480.00,C
12711,12299781320.00,6
12712,12299792160.00,3
12713,12299803000.00,1
12714,12299813880.00,6
12715,12299824720.00,E
12716,12299835560.00,9
12717,12299846400.00,F
12718,12299857240.00,B
12719,12299868120.00,1
12720,12299878960.00,1
12721,12299889800.00,2
12722,12299900640.00,9
12723,12299911520.00,8
12724,12299922360.00,4
12725,12299933200.00,9
12726,12299944040.00,D
12727,12299954880.00,A
12728,12299965720.00,A
12729,12299976600.00,C
12730,12299987440.00,0
12731,12299998280.00,8
12732,12300009120.00,C
12733,12300019960.00,1
12734,12300030840.00,4
12735,12300041680.00,0
12736,12300052520.00,C
12737,12300063360.00,1
12738,12300074200.00,2
12739,12300085080.00,4
12740,12300095920.00,E
12741,12300106760.00,1
12742,12300117600.00,A
12743,12300128480.00,F
12744,12300139320.00,5
12745,12300150160.00,4
12746,12300161000.00,A
12747,12300171840.00,4
12748,12300182680.00,7
12749,12300193560.00,6
12750,12300204400.00,E
12751,12300215240.00,9
12752,12300226080.00,6
12753,12300236920.00,B
12754,12300247800.00,A
12755,12300258640.00,5
12756,12300269480.00,4
12757,12300280320.00,6
12758,12300291160.00,2
12759,12300302040.00,D
12760,12300312880.00,E
12761,12300323720.00,9
12762,12300334560.00,F
12763,12300345440.00,9
12764,12300356280.00,F
12765,12300367120.00,C
12766,12300377960.00,A
12767,12300388800.00,4
12768,12300399680.00,D
12769,12300410520.00,C
12770,12300421360.00,8
12771,12300432200.00,7
12772,12300443040.00,2
12773,12300453880.00,F
12774,12300464760.00,C
12775,12300475600.00,F
12776,12300486440.00,5
12777,12300497280.00,6
12778,12300508120.00,A
12779,12300519000.00,E
12780,12300529840.00,3
12781,12300540680.00,5
12782,12300551520.00,5
12783,12300562400.00,6
12784,12300573240.00,D
12785,12300584080.00,F
12786,12300594920.00,E
12787,12300605760.00,6
12788,12300616640.00,A
12789,12300627480.00,0
12790,12300638320.00,E
12791,12300649160.00,B
12792,12300660000.00,5
12793,12300670840.00,1
12794,12300681720.00,7
12795,12300692560.00,3
12796,12300703400.00,C
12797,12300714240.00,C
12798,12300725080.00,B
12799,12300735960.00,D
12800,12300746800.00,2
12801,12300757640.00,3
12802,12300768480.00,E
12803,12300779360.00,4
12804,12300790200.00,F
12805,12300801040.00,3
12806,12300811880.00,8
12807,12300822720.00,2
12808,12300833600.00,1
12809,12300844440.00,3
12810,12300855280.00,D
12811,12300866120.00,8
12812,12300876960.00,7
12813,12300887800.00,1
12814,12300898680.00,B
12815,12300909520.00,E
12816,12300920360.00,1
12817,12300931200.00,B
12818,12300942040.00,0
12819,12300952920.00,2
12820,12300963760.00,B
12821,12300974600.00,C
12822,12300985440.00,1
12823,12300996320.00,B
12824,12301007160.00,5
12825,12301018000.00,0
12826,12301028840.00,3
12827,12301039680.00,E
12828,12301050560.00,6
12829,12301061400.00,5
12830,12301072240.00,6
12831,12301083080.00,7
12832,12301093920.00,3
12833,12301104760.00,F
12834,12301115640.00,A
12835,12301126480.00,F
12836,12301137320.00,9
12837,12301148160.00,F
12838,12301159000.00,3
12839,12301169880.00,2
12840,12301180720.00,1
12841,12301191560.00,F
12842,12301202400.00,F
12843,12301213280.00,9
12844,12301224120.00,8
12845,12301234960.00,4
12846,12301245800.00,E
12847,12301256640.00,9
12848,12301267520.00,1
12849,12301278360.00,7
12850,12301289200.00,D
12851,12301300040.00,8
12852,12301310880.00,4
12853,12301321760.00,1
12854,12301332600.00,C
12855,12301343440.00,4
12856,12301354280.00,A
12857,12301365120.00,A
12858,12301375960.00,E
12859,12301386840.00,F
12860,12301397680.00,D
12861,12301408520.00,3
12862,12301419360.00,0
12863,12301430240.00,6
12864,12301441080.00,A
12865,12301451920.00,E
12866,12301462760.00,5
12867,12301473600.00,1
12868,12301484480.00,7
12869,12301495320.00,E
12870,12301506160.00,7
12871,12301517000.00,1
12872,12301527840.00,D
12873,12301538720.00,1
12874,12301549560.00,6
12875,12301560400.00,C
12876,12301571240.00,7
12877,12301582080.00,6
12878,12301592920.00,0
12879,12301603800.00,D
12880,12301614640.00,4
12881,12301625480.00,B
12882,12301636320.00,7
12883,12301647200.00,C
12884,12301658040.00,D
12885,12301668880.00,4
12886,12301679720.00,1
12887,12301690560.00,F
12888,12301701440.00,C
12889,12301712280.00,B
12890,12301723120.00,7
12891,12301733960.00,3
12892,12301744800.00,B
12893,12301755680.00,C
12894,12301766520.00,3
12895,12301777360.00,5
12896,12301788200.00,E
12897,12301799040.00,C
12898,12301809880.00,1
12899,12301820760.00,8
12900,12301831600.00,6
12901,12301842440.00,A
12902,12301853280.00,7
12903,12301864160.00,7
12904,12301875000.00,C
12905,12301885840.00,4
12906,12301896680.00,8
12907,12301907520.00,D
12908,12301918400.00,E
12909,12301929240.00,9
12910,12301940080.00,1
12911,12301950920.00,6
12912,12301961760.00,D
12913,12301972640.00,6
12914,12301983480.00,9
12915,12301994320.00,6
12916,12302005160.00,F
12917,12302016000.00,8
12918,12302026840.00,7
12919,12302037720.00,0
12920,12302048560.00,B
12921,12302059400.00,1
12922,12302070240.00,6
12923,12302081120.00,D
12924,12302091960.00,A
12925,12302102800.00,9
12926,12302113640.00,3
12927,12302124480.00,B
12928,12302135360.00,8
12929,12302146200.00,B
12930,12302157040.00,5
12931,12302167880.00,9
12932,12302178720.00,0
12933,12302189600.00,2
12934,12302200440.00,6
12935,12302211280.00,7
12936,12302222120.00,0
12937,12302232960.00,7
12938,12302243800.00,3
12939,12302254680.00,3
12940,12302265520.00,0
12941,12302276360.00,C
12942,12302287200.00,7
12943,12302298080.00,0
12944,12302308920.00,C
12945,12302319760.00,4
12946,12302330600.00,E
12947,12302341440.00,6
12948,12302352320.00,C
12949,12302363160.00,2
12950,12302374000.00,9
12951,12302384840.00,7
12952,12302395680.00,8
12953,12302406560.00,B
12954,12302417400.00,9
12955,12302428240.00,1
12956,12302439080.00,4
12957,12302449920.00,5
12958,12302460800.00,0
12959,12302471640.00,B
12960,12302482480.00,1
12961,12302493320.00,5
12962,12302504160.00,4
12963,12302515040.00,1
12964,12302525880.00,5
12965,12302536720.00,6
12966,12302547560.00,F
12967,12302558400.00,7
12968,12302569280.00,3
12969,12302580120.00,A
12970,12302590960.00,9
12971,12302601800.00,4
12972,12302612640.00,8
12973,12302623520.00,9
12974,12302634360.00,4
12975,12302645200.00,E
12976,12302656040.00,F
12977,12302666880.00,3
12978,12302677760.00,E
12979,12302688600.00,3
12980,12302699440.00,1
12981,12302710280.00,3
12982,12302721120.00,6
12983,12302732000.00,A
12984,12302742840.00,2
12985,12302753680.00,F
12986,12302764520.00,0
12987,12302775360.00,5
12988,12302786240.00,8
12989,12302797080.00,C
12990,12302807920.00,6
12991,12302818760.00,4
12992,12302829600.00,9
12993,12302840480.00,C
12994,12302851320.00,0
12995,12302862160.00,8
12996,12302873000.00,F
12997,12302883840.00,B
12998,12302894720.00,B
12999,12302905560.00,C
13000,12302916400.00,0
13001,12302927240.00,0
13002,12302938080.00,F
13003,12302948960.00,3
13004,12302959800.00,E
13005,12302970640.00,7
13006,12302981480.00,2
13007,12302992320.00,5
13008,12303003200.00,B
13009,12303014040.00,0
13010,12303024880.00,6
13011,12303035720.00,A
13012,12303046560.00,2
13013,12303057440.00,A
13014,12303068280.00,E
13015,12303079120.00,C
13016,12303089960.00,0
13017,12303100800.00,4
13018,12303111680.00,4
13019,12303122520.00,2
13020,12303133360.00,2
13021,12303144200.00,0
13022,12303155040.00,9
13023,12303165920.00,C
13024,12303176760.00,2
13025,12303187600.00,0
13026,12303198440.00,8
13027,12303209280.00,F
13028,12303220160.00,4
13029,12303231000.00,D
13030,12303241840.00,0
13031,12303252680.00,F
13032,12303263520.00,2
13033,12303274400.00,9
13034,12303285240.00,6
13035,12303296080.00,9
13036,12303306920.00,4
13037,12303317760.00,9
13038,12303328640.00,A
13039,12303339480.00,6
13040,12303350320.00,F
13041,12303361160.00,C
13042,12303372000.00,B
13043,12303382880.00,C
13044,12303393720.00,A
13045,12303404560.00,4
13046,12303415400.00,A
13047,12303426240.00,C
13048,12303437120.00,5
13049,12303447960.00,9
13050,12303458800.00,C
13051,12303469640.00,8
13052,12303480480.00,F
13053,12303491360.00,1
13054,12303502200.00,C
13055,12303513040.00,D
13056,12303523880.00,D
13057,12303534720.00,F
13058,12303545600.00,6
13059,12303556440.00,2
13060,12303567280.00,F
13061,12303578120.00,8
13062,12303588960.00,2
13063,12303599840.00,1
13064,12303610680.00,7
13065,12303621520.00,A
13066,12303632360.00,F
13067,12303643200.00,2
13068,12303654080.00,6
13069,12303664920.00,1
13070,12303675760.00,F
13071,12303686600.00,C
13072,12303697440.00,F
13073,12303708320.00,B
13074,12303719160.00,B
13075,12303730000.00,1
13076,12303740840.00,B
13077,12303751680.00,7
13078,12303762560.00,2
13079,12303773400.00,D
13080,12303784240.00,5
13081,12303795080.00,0
13082,12303805920.00,4
13083,12303816800.00,2
13084,12303827640.00,1
13085,12303838480.00,A
13086,12303849320.00,4
13087,12303860200.00,A
13088,12303871040.00,D
13089,12303881880.00,6
13090,12303892720.00,7
13091,12303903560.00,0
13092,12303914400.00,F
13093,12303925280.00,E
13094,12303936120.00,A
13095,12303946960.00,[0D]
13096,12303957800.00,[0A]
13097,12352766320.00,[0D]
13098,12352777160.00,[0A]
13099,12352788000.00,+
13100,12352798840.00,M
13101,12352809680.00,I
13102,12352820560.00,P
13103,12352831400.00,U
13104,12352842240.00,R
13105,12352853080.00,C
13106,12352863920.00,:
13107,12352874760.00,[20]
13108,12352885640.00,"
13109,12352896480.00,r
13110,12352907320.00,t
13111,12352918160.00,c
13112,12352929000.00,p
13113,12352939880.00,"
13114,12352950720.00,,
13115,12352961560.00,0
13116,12352972400.00,,
13117,12352983280.00,2
13118,12352994120.00,1
13119,12353004960.00,4
13120,12353015800.00,,
13121,12353026640.00,8
13122,12353037520.00,2
13123,12353048360.00,7
13124,12353059200.00,E
13125,12353070040.00,0
13126,12353080880.00,0
13127,12353091720.00,D
13128,12353102600.00,2
13129,12353113440.00,0
13130,12353124280.00,0
13131,12353135120.00,0
13132,12353145960.00,0
13133,12353156840.00,0
13134,12353167680.00,0
13135,12353178520.00,C
13136,12353189360.00,E
13137,12353200240.00,6
13138,12353211080.00,B
13139,12353221920.00,8
13140,12353232760.00,3
13141,12353243600.00,3
13142,12353254480.00,E
13143,12353265320.00,4
13144,12353276160.00,2
13145,12353287000.00,A
13146,12353297840.00,3
13147,12353308680.00,6
13148,12353319560.00,7
13149,12353330400.00,F
13150,12353341240.00,4
13151,12353352080.00,0
13152,12353362920.00,0
13153,12353373800.00,D
13154,12353384640.00,5
13155,12353395480.00,1
13156,12353406320.00,1
13157,12353417200.00,7
13158,12353428040.00,7
13159,12353438880.00,F
13160,12353449720.00,E
13161,12353460560.00,A
13162,12353471440.00,A
13163,12353482280.00,B
13164,12353493120.00,E
13165,12353503960.00,5
13166,12353514800.00,1
13167,12353525640.00,E
13168,12353536520.00,5
13169,12353547360.00,9
13170,12353558200.00,2
13171,12353569040.00,F
13172,12353579880.00,8
13173,12353590760.00,D
13174,12353601600.00,9
13175,12353612440.00,3
13176,12353623280.00,2
13177,12353634160.00,3
13178,12353645000.00,8
13179,12353655840.00,C
13180,12353666680.00,B
13181,12353677520.00,7
13182,12353688400.00,5
13183,12353699240.00,7
13184,12353710080.00,6
13185,12353720920.00,1
13186,12353731760.00,2
13187,12353742600.00,C
13188,12353753480.00,D
13189,12353764320.00,0
13190,12353775160.00,2
13191,12353786000.00,C
13192,12353796840.00,0
13193,12353807720.00,8
13194,12353818560.00,C
13195,12353829400.00,D
13196,12353840240.00,F
13197,12353851120.00,9
13198,12353861960.00,1
13199,12353872800.00,8
13200,12353883640.00,A
13201,12353894480.00,7
13202,12353905360.00,1
13203,12353916200.00,E
13204,12353927040.00,6
13205,12353937880.00,5
13206,12353948720.00,1
13207,12353959600.00,9
13208,12353970440.00,7
13209,12353981280.00,7
13210,12353992120.00,4
13211,12354002960.00,1
13212,12354013800.00,4
13213,12354024680.00,D
13214,12354035520.00,6
13215,12354046360.00,3
13216,12354057200.00,3
13217,12354068080.00,D
13218,12354078920.00,9
13219,12354089760.00,F
13220,12354100600.00,6
13221,12354111440.00,E
13222,12354122320.00,C
13223,12354133160.00,2
13224,12354144000.00,A
13225,12354154840.00,D
13226,12354165680.00,3
13227,12354176560.00,D
13228,12354187400.00,4
13229,12354198240.00,8
13230,12354209080.00,0
13231,12354219920.00,4
13232,12354230760.00,F
13233,12354241640.00,2
13234,12354252480.00,F
13235,12354263320.00,E
13236,12354274160.00,4
13237,12354285040.00,1
13238,12354295880.00,0
13239,12354306720.00,6
13240,12354317560.00,B
13241,12354328400.00,8
13242,12354339280.00,D
13243,12354350120.00,D
13244,12354360960.00,8
13245,12354371800.00,8
13246,12354382640.00,7
13247,12354393520.00,6
13248,12354404360.00,4
13249,12354415200.00,E
13250,12354426040.00,B
13251,12354436880.00,3
13252,12354447720.00,2
13253,12354458600.00,1
13254,12354469440.00,2
13255,12354480280.00,B
13256,12354491120.00,3
13257,12354502000.00,A
13258,12354512840.00,D
13259,12354523680.00,C
13260,12354534520.00,D
13261,12354545360.00,1
13262,12354556240.00,C
13263,12354567080.00,A
13264,12354577920.00,7
13265,12354588760.00,7
13266,12354599600.00,B
13267,12354610480.00,2
13268,12354621320.00,B
13269,12354632160.00,9
13270,12354643000.00,F
13271,12354653840.00,C
13272,12354664720.00,0
13273,12354675560.00,B
13274,12354686400.00,1
13275,12354697240.00,D
13276,12354708080.00,9
13277,12354718960.00,6
13278,12354729800.00,A
13279,12354740640.00,F
13280,12354751480.00,0
13281,12354762320.00,1
13282,12354773200.00,C
13283,12354784040.00,0
13284,12354794880.00,6
13285,12354805720.00,1
13286,12354816560.00,6
13287,12354827440.00,F
13288,12354838280.00,C
13289,12354849120.00,9
13290,12354859960.00,B
13291,12354870800.00,8
13292,12354881680.00,C
13293,12354892520.00,4
13294,12354903360.00,3
13295,12354914200.00,9
13296,12354925040.00,8
13297,12354935920.00,B
13298,12354946760.00,7
13299,12354957600.00,2
13300,12354968440.00,4
13301,12354979280.00,7
13302,12354990160.00,A
13303,12355001000.00,F
13304,12355011840.00,A
13305,12355022680.00,5
13306,12355033520.00,3
13307,12355044400.00,3
13308,12355055240.00,F
13309,12355066080.00,1
13310,12355076920.00,4
13311,12355087760.00,5
13312,12355098640.00,C
13313,12355109480.00,8
13314,12355120320.00,7
13315,12355131160.00,4
13316,12355142000.00,1
13317,12355152880.00,7
13318,12355163720.00,A
13319,12355174560.00,4
13320,12355185400.00,8
13321,12355196240.00,5
13322,12355207120.00,0
13323,12355217960.00,C
13324,12355228800.00,2
13325,12355239640.00,6
13326,12355250480.00,E
13327,12355261360.00,0
13328,12355272200.00,3
13329,12355283040.00,2
13330,12355293880.00,0
13331,12355304720.00,F
13332,12355315600.00,6
13333,12355326440.00,A
13334,12355337280.00,8
13335,12355348120.00,B
13336,12355358960.00,3
13337,12355369840.00,D
13338,12355380680.00,9
13339,12355391520.00,1
13340,12355402360.00,F
13341,12355413200.00,E
13342,12355424080.00,1
13343,12355434920.00,2
13344,12355445760.00,2
13345,12355456600.00,B
13346,12355467440.00,0
13347,12355478320.00,7
13348,12355489160.00,0
13349,12355500000.00,F
13350,12355510840.00,C
13351,12355521680.00,E
13352,12355532560.00,0
13353,12355543400.00,E
13354,12355554240.00,B
13355,12355565080.00,6
13356,12355575920.00,2
13357,12355586800.00,0
13358,12355597640.00,7
13359,12355608480.00,B
13360,12355619320.00,F
13361,12355630160.00,3
13362,12355641040.00,A
13363,12355651880.00,A
13364,12355662720.00,5
13365,12355673560.00,A
13366,12355684400.00,6
13367,12355695280.00,8
13368,12355706120.00,2
13369,12355716960.00,C
13370,12355727800.00,B
13371,12355738640.00,B
13372,12355749520.00,B
13373,12355760360.00,1
13374,12355771200.00,C
13375,12355782040.00,5
13376,12355792880.00,0
13377,12355803760.00,9
13378,12355814600.00,C
13379,12355825440.00,D
13380,12355836280.00,4
13381,12355847120.00,F
13382,12355858000.00,9
13383,12355868840.00,2
13384,12355879680.00,5
13385,12355890520.00,4
13386,12355901360.00,E
13387,12355912240.00,C
13388,12355923080.00,9
13389,12355933920.00,C
13390,12355944760.00,3
13391,12355955600.00,1
13392,12355966480.00,C
13393,12355977320.00,D
13394,12355988160.00,E
13395,12355999000.00,8
13396,12356009840.00,B
13397,12356020720.00,4
13398,12356031560.00,E
13399,12356042400.00,6
13400,12356053240.00,3
13401,12356064080.00,9
13402,12356074960.00,F
13403,12356085800.00,0
13404,12356096640.00,E
13405,12356107480.00,9
13406,12356118320.00,E
13407,12356129200.00,5
13408,12356140040.00,7
13409,12356150880.00,1
13410,12356161720.00,5
13411,12356172560.00,B
13412,12356183440.00,E
13413,12356194280.00,4
13414,12356205120.00,F
13415,12356215960.00,C
13416,12356226800.00,8
13417,12356237680.00,8
13418,12356248520.00,6
13419,12356259360.00,D
13420,12356270200.00,3
13421,12356281040.00,4
13422,12356291920.00,A
13423,12356302760.00,5
13424,12356313600.00,4
13425,12356324440.00,F
13426,12356335280.00,C
13427,12356346160.00,2
13428,12356357000.00,8
13429,12356367840.00,1
13430,12356378680.00,4
13431,12356389520.00,6
13432,12356400400.00,A
13433,12356411240.00,B
13434,12356422080.00,F
13435,12356432920.00,A
13436,12356443760.00,7
13437,12356454640.00,4
13438,12356465480.00,6
13439,12356476320.00,6
13440,12356487160.00,3
13441,12356498000.00,0
13442,12356508880.00,0
13443,12356519720.00,2
13444,12356530560.00,C
13445,12356541400.00,7
13446,12356552240.00,8
13447,12356563120.00,6
13448,12356573960.00,8
13449,12356584800.00,3
13450,12356595640.00,F
13451,12356606480.00,E
13452,12356617360.00,C
13453,12356628200.00,8
13454,12356639040.00,0
13455,12356649880.00,B
13456,12356660720.00,0
13457,12356671600.00,4
13458,12356682440.00,D
13459,12356693280.00,9
13460,12356704120.00,2
13461,12356715000.00,B
13462,12356725840.00,B
13463,12356736680.00,6
13464,12356747520.00,3
13465,12356758360.00,7
13466,12356769200.00,B
13467,12356780080.00,0
13468,12356790920.00,4
13469,12356801760.00,B
13470,12356812600.00,B
13471,12356823440.00,4
13472,12356834320.00,C
13473,12356845160.00,B
13474,12356856000.00,C
13475,12356866840.00,D
13476,12356877680.00,7
13477,12356888560.00,D
13478,12356899400.00,9
13479,12356910240.00,D
13480,12356921080.00,2
13481,12356931960.00,A
13482,12356942800.00,3
13483,12356953640.00,B
13484,12356964480.00,F
13485,12356975320.00,6
13486,12356986160.00,F
13487,12356997040.00,7
13488,12357007880.00,5
13489,12357018720.00,0
13490,12357029560.00,4
13491,12357040400.00,1
13492,12357051280.00,4
13493,12357062120.00,7
13494,12357072960.00,E
13495,12357083800.00,6
13496,12357094640.00,6
13497,12357105520.00,B
13498,12357116360.00,A
13499,12357127200.00,6
13500,12357138040.00,F
13501,12357148920.00,B
13502,12357159760.00,0
13503,12357170600.00,B
13504,12357181440.00,C
13505,12357192280.00,C
13506,12357203120.00,6
13507,12357214000.00,8
13508,12357224840.00,3
13509,12357235680.00,4
13510,12357246520.00,7
13511,12357257360.00,B
13512,12357268240.00,D
13513,12357279080.00,B
13514,12357289920.00,8
13515,12357300760.00,7
13516,12357311600.00,C
13517,12357322480.00,E
13518,12357333320.00,C
13519,12357344160.00,D
13520,12357355000.00,A
13521,12357365880.00,1
13522,12357376720.00,8
13523,12357387560.00,9
13524,12357398400.00,5
13525,12357409240.00,5
13526,12357420080.00,2
13527,12357430960.00,7
13528,12357441800.00,7
13529,12357452640.00,A
13530,12357463480.00,C
13531,12357474320.00,D
13532,12357485200.00,5
13533,12357496040.00,F
13534,12357506880.00,B
13535,12357517720.00,5
13536,12357528560.00,7
13537,12357539440.00,0
13538,12357550280.00,7
13539,12357561120.00,7
13540,12357571960.00,9
13541,12357582840.00,4
13542,12357593680.00,A
13543,12357604520.00,F
13544,12357615360.00,2
13545,12357626200.00,E
13546,12357637080.00,A
13547,12357647920.00,4
13548,12357658760.00,1
13549,12357669600.00,[0D]
13550,12357680440.00,[0A]
13551,12418741760.00,[0D]
13552,12418752640.00,[0A]
13553,12418763480.00,+
13554,12418774320.00,M
13555,12418785160.00,I
13556,12418796000.00,P
13557,12418806880.00,U
13558,12418817720.00,R
13559,12418828560.00,C
13560,12418839400.00,:
13561,12418850240.00,[20]
13562,12418861120.00,"
13563,12418871960.00,r
13564,12418882800.00,t
13565,12418893640.00,c
13566,12418904520.00,p
13567,12418915360.00,"
13568,12418926200.00,,
13569,12418937040.00,0
13570,12418947880.00,,
13571,12418958720.00,2
13572,12418969600.00,2
13573,12418980440.00,9
13574,12418991280.00,,
13575,12419002120.00,8
13576,12419012960.00,2
13577,12419023840.00,7
13578,12419034680.00,E
13579,12419045520.00,0
13580,12419056360.00,0
13581,12419067200.00,E
13582,12419078080.00,1
13583,12419088920.00,0
13584,12419099760.00,0
13585,12419110600.00,0
13586,12419121480.00,0
13587,12419132320.00,0
13588,12419143160.00,0
13589,12419154000.00,D
13590,12419164840.00,D
13591,12419175720.00,6
13592,12419186560.00,B
13593,12419197400.00,8
13594,12419208240.00,3
13595,12419219080.00,5
13596,12419229920.00,3
13597,12419240800.00,4
13598,12419251640.00,6
13599,12419262480.00,9
13600,12419273320.00,F
13601,12419284160.00,3
13602,12419295040.00,4
13603,12419305880.00,E
13604,12419316720.00,8
13605,12419327560.00,A
13606,12419338440.00,9
13607,12419349280.00,5
13608,12419360120.00,4
13609,12419370960.00,9
13610,12419381800.00,9
13611,12419392640.00,F
13612,12419403520.00,A
13613,12419414360.00,E
13614,12419425200.00,4
13615,12419436040.00,D
13616,12419446880.00,9
13617,12419457760.00,4
13618,12419468600.00,F
13619,12419479440.00,8
13620,12419490280.00,3
13621,12419501120.00,A
13622,12419512000.00,3
13623,12419522840.00,5
13624,12419533680.00,6
13625,12419544520.00,6
13626,12419555400.00,7
13627,12419566240.00,5
13628,12419577080.00,5
13629,12419587920.00,0
13630,12419598760.00,6
13631,12419609600.00,7
13632,12419620480.00,F
13633,12419631320.00,2
13634,12419642160.00,0
13635,12419653000.00,8
13636,12419663840.00,B
13637,12419674720.00,4
13638,12419685560.00,2
13639,12419696400.00,4
13640,12419707240.00,E
13641,12419718080.00,D
13642,12419728960.00,F
13643,12419739800.00,D
13644,12419750640.00,D
13645,12419761480.00,6
13646,12419772360.00,3
13647,12419783200.00,5
13648,12419794040.00,F
13649,12419804880.00,8
13650,12419815720.00,2
13651,12419826600.00,3
13652,12419837440.00,0
13653,12419848280.00,0
13654,12419859120.00,8
13655,12419869960.00,E
13656,12419880800.00,1
13657,12419891680.00,0
13658,12419902520.00,1
13659,12419913360.00,8
13660,12419924200.00,E
13661,12419935040.00,8
13662,12419945920.00,C
13663,12419956760.00,F
13664,12419967600.00,A
13665,12419978440.00,E
13666,12419989320.00,D
13667,12420000160.00,1
13668,12420011000.00,E
13669,12420021840.00,6
13670,12420032680.00,1
13671,12420043560.00,A
13672,12420054400.00,8
13673,12420065240.00,5
13674,12420076080.00,F
13675,12420086920.00,7
13676,12420097760.00,9
13677,12420108640.00,B
13678,12420119480.00,3
13679,12420130320.00,E
13680,12420141160.00,C
13681,12420152000.00,6
13682,12420162880.00,F
13683,12420173720.00,0
13684,12420184560.00,E
13685,12420195400.00,3
13686,12420206280.00,B
13687,12420217120.00,0
13688,12420227960.00,5
13689,12420238800.00,D
13690,12420249640.00,7
13691,12420260520.00,3
13692,12420271360.00,F
13693,12420282200.00,4
13694,12420293040.00,5
13695,12420303880.00,8
13696,12420314720.00,2
13697,12420325600.00,3
13698,12420336440.00,C
13699,12420347280.00,1
13700,12420358120.00,9
13701,12420368960.00,4
13702,12420379840.00,2
13703,12420390680.00,8
13704,12420401520.00,B
13705,12420412360.00,6
13706,12420423240.00,9
13707,12420434080.00,B
13708,12420444920.00,5
13709,12420455760.00,5
13710,12420466600.00,0
13711,12420477480.00,3
13712,12420488320.00,7
13713,12420499160.00,A
13714,12420510000.00,8
13715,12420520840.00,F
13716,12420531680.00,0
13717,12420542560.00,2
13718,12420553400.00,9
13719,12420564240.00,C
13720,12420575080.00,8
13721,12420585920.00,B
13722,12420596800.00,7
13723,12420607640.00,6
13724,12420618480.00,4
13725,12420629320.00,0
13726,12420640200.00,1
13727,12420651040.00,F
13728,12420661880.00,2
13729,12420672720.00,6
13730,12420683560.00,5
13731,12420694440.00,4
13732,12420705280.00,4
13733,12420716120.00,6
13734,12420726960.00,1
13735,12420737800.00,F
13736,12420748680.00,5
13737,12420759520.00,C
13738,12420770360.00,E
13739,12420781200.00,8
13740,12420792040.00,F
13741,12420802880.00,5
13742,12420813760.00,4
13743,12420824600.00,5
13744,12420835440.00,5
13745,12420846280.00,F
13746,12420857160.00,9
13747,12420868000.00,E
13748,12420878840.00,9
13749,12420889680.00,F
13750,12420900520.00,B
13751,12420911400.00,E
13752,12420922240.00,7
13753,12420933080.00,4
13754,12420943920.00,7
13755,12420954760.00,2
13756,12420965640.00,9
13757,12420976480.00,9
13758,12420987320.00,4
13759,12420998160.00,3
13760,12421009000.00,D
13761,12421019840.00,6
13762,12421030720.00,C
13763,12421041560.00,B
13764,12421052400.00,3
13765,12421063240.00,A
13766,12421074120.00,A
13767,12421084960.00,2
13768,12421095800.00,0
13769,12421106640.00,C
13770,12421117480.00,6
13771,12421128360.00,0
13772,12421139200.00,D
13773,12421150040.00,7
13774,12421160880.00,7
13775,12421171720.00,B
13776,12421182600.00,0
13777,12421193440.00,0
13778,12421204280.00,3
13779,12421215120.00,0
13780,12421225960.00,0
13781,12421236800.00,3
13782,12421247680.00,D
13783,12421258520.00,1
13784,12421269360.00,7
13785,12421280200.00,2
13786,12421291080.00,B
13787,12421301920.00,4
13788,12421312760.00,6
13789,12421323600.00,3
13790,12421334440.00,B
13791,12421345320.00,A
13792,12421356160.00,7
13793,12421367000.00,5
13794,12421377840.00,C
13795,12421388680.00,6
13796,12421399560.00,E
13797,12421410400.00,D
13798,12421421240.00,A
13799,12421432080.00,7
13800,12421442920.00,0
13801,12421453760.00,C
13802,12421464640.00,5
13803,12421475480.00,B
13804,12421486320.00,6
13805,12421497160.00,1
13806,12421508040.00,0
13807,12421518880.00,B
13808,12421529720.00,7
13809,12421540560.00,1
13810,12421551400.00,7
13811,12421562280.00,4
13812,12421573120.00,E
13813,12421583960.00,3
13814,12421594800.00,9
13815,12421605640.00,E
13816,12421616520.00,E
13817,12421627360.00,8
13818,12421638200.00,8
13819,12421649040.00,2
13820,12421659880.00,3
13821,12421670720.00,6
13822,12421681600.00,C
13823,12421692440.00,0
13824,12421703280.00,A
13825,12421714120.00,E
13826,12421725000.00,5
13827,12421735840.00,B
13828,12421746680.00,8
13829,12421757520.00,9
13830,12421768360.00,4
13831,12421779240.00,9
13832,12421790080.00,3
13833,12421800920.00,B
13834,12421811760.00,5
13835,12421822600.00,8
13836,12421833480.00,4
13837,12421844320.00,7
13838,12421855160.00,6
13839,12421866000.00,7
13840,12421876840.00,8
13841,12421887720.00,0
13842,12421898560.00,8
13843,12421909400.00,6
13844,12421920240.00,7
13845,12421931080.00,2
13846,12421941960.00,1
13847,12421952800.00,6
13848,12421963640.00,A
13849,12421974480.00,6
13850,12421985320.00,7
13851,12421996200.00,F
13852,12422007040.00,9
13853,12422017880.00,7
13854,12422028720.00,F
13855,12422039560.00,E
13856,12422050440.00,1
13857,12422061280.00,4
13858,12422072120.00,7
13859,12422082960.00,7
13860,12422093800.00,C
13861,12422104680.00,C
13862,12422115520.00,F
13863,12422126360.00,9
13864,12422137200.00,4
13865,12422148040.00,4
13866,12422158920.00,7
13867,12422169760.00,E
13868,12422180600.00,8
13869,12422191440.00,D
13870,12422202280.00,B
13871,12422213160.00,9
13872,12422224000.00,D
13873,12422234840.00,6
13874,12422245680.00,6
13875,12422256520.00,3
13876,12422267400.00,7
13877,12422278240.00,1
13878,12422289080.00,5
13879,12422299920.00,9
13880,12422310760.00,4
13881,12422321640.00,1
13882,12422332480.00,D
13883,12422343320.00,E
13884,12422354160.00,0
13885,12422365000.00,1
13886,12422375880.00,5
13887,12422386720.00,5
13888,12422397560.00,A
13889,12422408400.00,6
13890,12422419240.00,5
13891,12422430120.00,B
13892,12422440960.00,9
13893,12422451800.00,A
13894,12422462640.00,1
13895,12422473480.00,0
13896,12422484360.00,C
13897,12422495200.00,B
13898,12422506040.00,8
13899,12422516880.00,C
13900,12422527720.00,6
13901,12422538600.00,7
13902,12422549440.00,0
13903,12422560280.00,7
13904,12422571120.00,9
13905,12422581960.00,A
13906,12422592840.00,D
13907,12422603680.00,3
13908,12422614520.00,B
13909,12422625360.00,0
13910,12422636200.00,7
13911,12422647080.00,8
13912,12422657920.00,E
13913,12422668760.00,9
13914,12422679600.00,D
13915,12422690440.00,8
13916,12422701320.00,0
13917,12422712160.00,7
13918,12422723000.00,2
13919,12422733840.00,A
13920,12422744680.00,C
13921,12422755560.00,2
13922,12422766400.00,2
13923,12422777240.00,0
13924,12422788080.00,E
13925,12422798920.00,B
13926,12422809800.00,A
13927,12422820640.00,9
13928,12422831480.00,5
13929,12422842320.00,3
13930,12422853160.00,4
13931,12422864040.00,4
13932,12422874880.00,7
13933,12422885720.00,7
13934,12422896560.00,6
13935,12422907400.00,3
13936,12422918280.00,3
13937,12422929120.00,0
13938,12422939960.00,6
13939,12422950800.00,E
13940,12422961640.00,B
13941,12422972520.00,4
13942,12422983360.00,B
13943,12422994200.00,E
13944,12423005040.00,D
13945,12423015880.00,C
13946,12423026760.00,1
13947,12423037600.00,C
13948,12423048440.00,0
13949,12423059280.00,5
13950,12423070120.00,7
13951,12423081000.00,B
13952,12423091840.00,1
13953,12423102680.00,7
13954,12423113520.00,4
13955,12423124360.00,D
13956,12423135240.00,7
13957,12423146080.00,9
13958,12423156920.00,4
13959,12423167760.00,D
13960,12423178600.00,8
13961,12423189480.00,2
13962,12423200320.00,A
13963,12423211160.00,C
13964,12423222000.00,0
13965,12423232840.00,F
13966,12423243720.00,1
13967,12423254560.00,4
13968,12423265400.00,4
13969,12423276240.00,9
13970,12423287080.00,2
13971,12423297960.00,D
13972,12423308800.00,B
13973,12423319640.00,4
13974,12423330480.00,C
13975,12423341320.00,A
13976,12423352200.00,A
13977,12423363040.00,7
13978,12423373880.00,E
13979,12423384720.00,0
13980,12423395560.00,E
13981,12423406440.00,2
13982,12423417280.00,C
13983,12423428120.00,0
13984,12423438960.00,7
13985,12423449800.00,8
13986,12423460680.00,6
13987,12423471520.00,1
13988,12423482360.00,8
13989,12423493200.00,F
13990,12423504080.00,C
13991,12423514920.00,1
13992,12423525760.00,E
13993,12423536600.00,E
13994,12423547440.00,8
13995,12423558280.00,F
13996,12423569160.00,A
13997,12423580000.00,C
13998,12423590840.00,7
13999,12423601680.00,6
14000,12423612520.00,D
14001,12423623400.00,2
14002,12423634240.00,4
14003,12423645080.00,6
14004,12423655920.00,F
14005,12423666760.00,7
14006,12423677640.00,4
14007,12423688480.00,B
14008,12423699320.00,5
14009,12423710160.00,2
14010,12423721040.00,9
14011,12423731880.00,1
14012,12423742720.00,C
14013,12423753560.00,D
14014,12423764400.00,B
14015,12423775240.00,C
14016,12423786120.00,2
14017,12423796960.00,4
14018,12423807800.00,D
14019,12423818640.00,8
14020,12423829480.00,B
14021,12423840360.00,2
14022,12423851200.00,4
14023,12423862040.00,C
14024,12423872880.00,6
14025,12423883720.00,9
14026,12423894600.00,0
14027,12423905440.00,2
14028,12423916280.00,C
14029,12423927120.00,9
14030,12423938000.00,2
14031,12423948840.00,3
14032,12423959680.00,6
14033,12423970520.00,[0D]
14034,12423981360.00,[0A]
14035,12472769240.00,[0D]
14036,12472780080.00,[0A]
14037,12472790960.00,+
14038,12472801800.00,M
14039,12472812640.00,I
14040,12472823480.00,P
14041,12472834320.00,U
14042,12472845200.00,R
14043,12472856040.00,C
14044,12472866880.00,:
14045,12472877720.00,[20]
14046,12472888560.00,"
14047,12472899440.00,r
14048,12472910280.00,t
14049,12472921120.00,c
14050,12472931960.00,p
14051,12472942800.00,"
14052,12472953680.00,,
14053,12472964520.00,0
14054,12472975360.00,,
14055,12472986200.00,2
14056,12472997040.00,1
14057,12473007920.00,0
14058,12473018760.00,,
14059,12473029600.00,8
14060,12473040440.00,2
14061,12473051280.00,7
14062,12473062160.00,E
14063,12473073000.00,0
14064,12473083840.00,0
14065,12473094680.00,C
14066,12473105520.00,E
14067,12473116400.00,0
14068,12473127240.00,0
14069,12473138080.00,0
14070,12473148920.00,0
14071,12473159760.00,0
14072,12473170640.00,0
14073,12473181480.00,C
14074,12473192320.00,A
14075,12473203160.00,6
14076,12473214000.00,B
14077,12473224880.00,8
14078,12473235720.00,3
14079,12473246560.00,4
14080,12473257400.00,1
14081,12473268240.00,4
14082,12473279120.00,0
14083,12473289960.00,B
14084,12473300800.00,2
14085,12473311640.00,8
14086,12473322480.00,F
14087,12473333360.00,7
14088,12473344200.00,5
14089,12473355040.00,E
14090,12473365880.00,6
14091,12473376720.00,7
14092,12473387600.00,4
14093,12473398440.00,2
14094,12473409280.00,3
14095,12473420120.00,0
14096,12473431000.00,1
14097,12473441840.00,B
14098,12473452680.00,7
14099,12473463520.00,A
14100,12473474360.00,7
14101,12473485200.00,0
14102,12473496080.00,3
14103,12473506920.00,B
14104,12473517760.00,4
14105,12473528600.00,A
14106,12473539440.00,D
14107,12473550320.00,2
14108,12473561160.00,2
14109,12473572000.00,9
14110,12473582840.00,0
14111,12473593680.00,D
14112,12473604560.00,3
14113,12473615400.00,5
14114,12473626240.00,6
14115,12473637080.00,1
14116,12473647920.00,9
14117,12473658800.00,8
14118,12473669640.00,4
14119,12473680480.00,F
14120,12473691320.00,E
14121,12473702160.00,1
14122,12473713040.00,3
14123,12473723880.00,C
14124,12473734720.00,A
14125,12473745560.00,E
14126,12473756400.00,8
14127,12473767280.00,3
14128,12473778120.00,0
14129,12473788960.00,9
14130,12473799800.00,E
14131,12473810640.00,C
14132,12473821520.00,9
14133,12473832360.00,7
14134,12473843200.00,4
14135,12473854040.00,9
14136,12473864880.00,C
14137,12473875760.00,9
14138,12473886600.00,E
14139,12473897440.00,5
14140,12473908280.00,0
14141,12473919120.00,7
14142,12473930000.00,E
14143,12473940840.00,4
14144,12473951680.00,3
14145,12473962520.00,5
14146,12473973360.00,A
14147,12473984240.00,2
14148,12473995080.00,3
14149,12474005920.00,0
14150,12474016760.00,D
14151,12474027600.00,4
14152,12474038480.00,E
14153,12474049320.00,5
14154,12474060160.00,0
14155,12474071000.00,9
14156,12474081880.00,A
14157,12474092720.00,3
14158,12474103560.00,9
14159,12474114400.00,E
14160,12474125240.00,8
14161,12474136080.00,E
14162,12474146960.00,5
14163,12474157800.00,B
14164,12474168640.00,9
14165,12474179480.00,C
14166,12474190320.00,2
14167,12474201200.00,D
14168,12474212040.00,E
14169,12474222880.00,C
14170,12474233720.00,7
14171,12474244560.00,D
14172,12474255440.00,D
14173,12474266280.00,1
14174,12474277120.00,2
14175,12474287960.00,A
14176,12474298840.00,6
14177,12474309680.00,C
14178,12474320520.00,F
14179,12474331360.00,0
14180,12474342200.00,2
14181,12474353040.00,2
14182,12474363920.00,D
14183,12474374760.00,E
14184,12474385600.00,4
14185,12474396440.00,3
14186,12474407280.00,6
14187,12474418160.00,5
14188,12474429000.00,3
14189,12474439840.00,2
14190,12474450680.00,2
14191,12474461520.00,D
14192,12474472400.00,5
14193,12474483240.00,3
14194,12474494080.00,5
14195,12474504920.00,9
14196,12474515800.00,8
14197,12474526640.00,A
14198,12474537480.00,4
14199,12474548320.00,B
14200,12474559160.00,3
14201,12474570000.00,F
14202,12474580880.00,D
14203,12474591720.00,B
14204,12474602560.00,A
14205,12474613400.00,1
14206,12474624240.00,2
14207,12474635120.00,8
14208,12474645960.00,B
14209,12474656800.00,7
14210,12474667640.00,D
14211,12474678480.00,E
14212,12474689360.00,9
14213,12474700200.00,B
14214,12474711040.00,3
14215,12474721880.00,D
14216,12474732760.00,1
14217,12474743600.00,9
14218,12474754440.00,1
14219,12474765280.00,A
14220,12474776120.00,F
14221,12474787000.00,E
14222,12474797840.00,7
14223,12474808680.00,B
14224,12474819520.00,4
14225,12474830360.00,6
14226,12474841200.00,5
14227,12474852080.00,2
14228,12474862920.00,C
14229,12474873760.00,7
14230,12474884600.00,7
14231,12474895440.00,7
14232,12474906320.00,6
14233,12474917160.00,5
14234,12474928000.00,8
14235,12474938840.00,C
14236,12474949720.00,A
14237,12474960560.00,B
14238,12474971400.00,D
14239,12474982240.00,9
14240,12474993080.00,8
14241,12475003960.00,D
14242,12475014800.00,D
14243,12475025640.00,7
14244,12475036480.00,E
14245,12475047320.00,3
14246,12475058160.00,4
14247,12475069040.00,B
14248,12475079880.00,A
14249,12475090720.00,4
14250,12475101560.00,9
14251,12475112400.00,4
14252,12475123280.00,E
14253,12475134120.00,0
14254,12475144960.00,E
14255,12475155800.00,E
14256,12475166680.00,7
14257,12475177520.00,8
14258,12475188360.00,A
14259,12475199200.00,0
14260,12475210040.00,7
14261,12475220920.00,4
14262,12475231760.00,A
14263,12475242600.00,0
14264,12475253440.00,2
14265,12475264280.00,4
14266,12475275120.00,0
14267,12475286000.00,E
14268,12475296840.00,7
14269,12475307680.00,8
14270,12475318520.00,D
14271,12475329360.00,6
14272,12475340240.00,9
14273,12475351080.00,B
14274,12475361920.00,2
14275,12475372760.00,3
14276,12475383640.00,C
14277,12475394480.00,0
14278,12475405320.00,0
14279,12475416160.00,F
14280,12475427000.00,1
14281,12475437880.00,D
14282,12475448720.00,A
14283,12475459560.00,0
14284,12475470400.00,F
14285,12475481240.00,8
14286,12475492080.00,0
14287,12475502960.00,E
14288,12475513800.00,6
14289,12475524640.00,4
14290,12475535480.00,D
14291,12475546320.00,5
14292,12475557200.00,D
14293,12475568040.00,B
14294,12475578880.00,E
14295,12475589720.00,C
14296,12475600600.00,E
14297,12475611440.00,4
14298,12475622280.00,A
14299,12475633120.00,B
14300,12475643960.00,7
14301,12475654840.00,6
14302,12475665680.00,6
14303,12475676520.00,5
14304,12475687360.00,3
14305,12475698200.00,4
14306,12475709040.00,D
14307,12475719920.00,4
14308,12475730760.00,7
14309,12475741600.00,A
14310,12475752440.00,0
14311,12475763280.00,3
14312,12475774160.00,C
14313,12475785000.00,6
14314,12475795840.00,F
14315,12475806680.00,8
14316,12475817560.00,5
14317,12475828400.00,D
14318,12475839240.00,A
14319,12475850080.00,0
14320,12475860920.00,5
14321,12475871800.00,B
14322,12475882640.00,1
14323,12475893480.00,D
14324,12475904320.00,8
14325,12475915160.00,C
14326,12475926040.00,C
14327,12475936880.00,C
14328,12475947720.00,0
14329,12475958560.00,D
14330,12475969400.00,5
14331,12475980240.00,1
14332,12475991120.00,0
14333,12476001960.00,F
14334,12476012800.00,8
14335,12476023640.00,E
14336,12476034520.00,5
14337,12476045360.00,F
14338,12476056200.00,D
14339,12476067040.00,6
14340,12476077880.00,2
14341,12476088760.00,B
14342,12476099600.00,3
14343,12476110440.00,0
14344,12476121280.00,7
14345,12476132120.00,A
14346,12476143000.00,A
14347,12476153840.00,9
14348,12476164680.00,0
14349,12476175520.00,5
14350,12476186360.00,3
14351,12476197200.00,F
14352,12476208080.00,4
14353,12476218920.00,C
14354,12476229760.00,C
14355,12476240600.00,4
14356,12476251480.00,E
14357,12476262320.00,6
14358,12476273160.00,5
14359,12476284000.00,E
14360,12476294840.00,8
14361,12476305720.00,B
14362,12476316560.00,3
14363,12476327400.00,2
14364,12476338240.00,4
14365,12476349080.00,7
14366,12476359960.00,5
14367,12476370800.00,4
14368,12476381640.00,7
14369,12476392480.00,D
14370,12476403320.00,E
14371,12476414160.00,2
14372,12476425040.00,A
14373,12476435880.00,1
14374,12476446720.00,E
14375,12476457560.00,0
14376,12476468440.00,9
14377,12476479280.00,6
14378,12476490120.00,3
14379,12476500960.00,B
14380,12476511800.00,D
14381,12476522680.00,8
14382,12476533520.00,9
14383,12476544360.00,8
14384,12476555200.00,9
14385,12476566040.00,3
14386,12476576920.00,2
14387,12476587760.00,1
14388,12476598600.00,7
14389,12476609440.00,B
14390,12476620280.00,E
14391,12476631120.00,E
14392,12476642000.00,B
14393,12476652840.00,6
14394,12476663680.00,E
14395,12476674520.00,9
14396,12476685400.00,4
14397,12476696240.00,5
14398,12476707080.00,2
14399,12476717920.00,9
14400,12476728760.00,E
14401,12476739640.00,2
14402,12476750480.00,E
14403,12476761320.00,E
14404,12476772160.00,8
14405,12476783000.00,B
14406,12476793880.00,1
14407,12476804720.00,D
14408,12476815560.00,B
14409,12476826400.00,9
14410,12476837240.00,5
14411,12476848120.00,3
14412,12476858960.00,8
14413,12476869800.00,A
14414,12476880640.00,B
14415,12476891480.00,1
14416,12476902360.00,1
14417,12476913200.00,C
14418,12476924040.00,4
14419,12476934880.00,2
14420,12476945720.00,0
14421,12476956600.00,3
14422,12476967440.00,B
14423,12476978280.00,8
14424,12476989120.00,7
14425,12476999960.00,F
14426,12477010840.00,1
14427,12477021680.00,9
14428,12477032520.00,6
14429,12477043360.00,E
14430,12477054200.00,3
14431,12477065080.00,B
14432,12477075920.00,2
14433,12477086760.00,5
14434,12477097600.00,0
14435,12477108440.00,D
14436,12477119320.00,0
14437,12477130160.00,7
14438,12477141000.00,D
14439,12477151840.00,0
14440,12477162680.00,0
14441,12477173560.00,5
14442,12477184400.00,5
14443,12477195240.00,4
14444,12477206080.00,F
14445,12477216920.00,A
14446,12477227800.00,F
14447,12477238640.00,A
14448,12477249480.00,0
14449,12477260320.00,0
14450,12477271160.00,A
14451,12477282040.00,9
14452,12477292880.00,4
14453,12477303720.00,5
14454,12477314560.00,B
14455,12477325400.00,F
14456,12477336280.00,A
14457,12477347120.00,B
14458,12477357960.00,4
14459,12477368800.00,B
14460,12477379640.00,A
14461,12477390520.00,3
14462,12477401360.00,5
14463,12477412200.00,C
14464,12477423040.00,2
14465,12477433880.00,5
14466,12477444760.00,D
14467,12477455600.00,F
14468,12477466440.00,3
14469,12477477280.00,B
14470,12477488120.00,D
14471,12477499000.00,7
14472,12477509840.00,F
14473,12477520680.00,B
14474,12477531520.00,4
14475,12477542360.00,1
14476,12477553240.00,9
14477,12477564080.00,F
14478,12477574920.00,3
14479,12477585760.00,[0D]
14480,12477596600.00,[0A]
14481,12538776200.00,[0D]
14482,12538787040.00,[0A]
14483,12538797880.00,+
14484,12538808720.00,M
14485,12538819560.00,I
14486,12538830440.00,P
14487,12538841280.00,U
14488,12538852120.00,R
14489,12538862960.00,C
14490,12538873800.00,:
14491,12538884680.00,[20]
14492,12538895520.00,"
14493,12538906360.00,r
14494,12538917200.00,t
14495,12538928040.00,c
14496,12538938920.00,p
14497,12538949760.00,"
14498,12538960600.00,,
14499,12538971440.00,0
14500,12538982280.00,,
14501,12538993160.00,2
14502,12539004000.00,0
14503,12539014840.00,6
14504,12539025680.00,,
14505,12539036560.00,8
14506,12539047400.00,2
14507,12539058240.00,7
14508,12539069080.00,E
14509,12539079920.00,0
14510,12539090760.00,0
14511,12539101640.00,C
14512,12539112480.00,A
14513,12539123320.00,0
14514,12539134160.00,0
14515,12539145000.00,0
14516,12539155880.00,0
14517,12539166720.00,0
14518,12539177560.00,0
14519,12539188400.00,C
14520,12539199240.00,6
14521,12539210120.00,6
14522,12539220960.00,B
14523,12539231800.00,8
14524,12539242640.00,3
14525,12539253520.00,4
14526,12539264360.00,3
14527,12539275200.00,4
14528,12539286040.00,2
14529,12539296880.00,A
14530,12539307720.00,D
14531,12539318600.00,4
14532,12539329440.00,4
14533,12539340280.00,C
14534,12539351120.00,7
14535,12539361960.00,F
14536,12539372840.00,A
14537,12539383680.00,1
14538,12539394520.00,5
14539,12539405360.00,0
14540,12539416200.00,2
14541,12539427080.00,6
14542,12539437920.00,1
14543,12539448760.00,B
14544,12539459600.00,C
14545,12539470480.00,A
14546,12539481320.00,F
14547,12539492160.00,6
14548,12539503000.00,1
14549,12539513840.00,1
14550,12539524680.00,1
14551,12539535560.00,2
14552,12539546400.00,2
14553,12539557240.00,0
14554,12539568080.00,5
14555,12539578920.00,E
14556,12539589800.00,C
14557,12539600640.00,B
14558,12539611480.00,7
14559,12539622320.00,A
14560,12539633160.00,E
14561,12539644040.00,3
14562,12539654880.00,7
14563,12539665720.00,C
14564,12539676560.00,E
14565,12539687440.00,6
14566,12539698280.00,8
14567,12539709120.00,8
14568,12539719960.00,9
14569,12539730800.00,4
14570,12539741640.00,0
14571,12539752520.00,3
14572,12539763360.00,2
14573,12539774200.00,F
14574,12539785040.00,7
14575,12539795880.00,7
14576,12539806760.00,0
14577,12539817600.00,1
14578,12539828440.00,D
14579,12539839280.00,B
14580,12539850120.00,A
14581,12539861000.00,1
14582,12539871840.00,7
14583,12539882680.00,2
14584,12539893520.00,F
14585,12539904400.00,B
14586,12539915240.00,3
14587,12539926080.00,4
14588,12539936920.00,6
14589,12539947760.00,E
14590,12539958600.00,3
14591,12539969480.00,2
14592,12539980320.00,2
14593,12539991160.00,6
14594,12540002000.00,8
14595,12540012840.00,8
14596,12540023720.00,1
14597,12540034560.00,F
14598,12540045400.00,A
14599,12540056240.00,8
14600,12540067080.00,E
14601,12540077960.00,B
14602,12540088800.00,3
14603,12540099640.00,2
14604,12540110480.00,E
14605,12540121360.00,F
14606,12540132200.00,A
14607,12540143040.00,2
14608,12540153880.00,2
14609,12540164720.00,B
14610,12540175600.00,C
14611,12540186440.00,9
14612,12540197280.00,E
14613,12540208120.00,A
14614,12540218960.00,7
14615,12540229800.00,5
14616,12540240680.00,6
14617,12540251520.00,4
14618,12540262360.00,1
14619,12540273200.00,4
14620,12540284040.00,7
14621,12540294920.00,3
14622,12540305760.00,A
14623,12540316600.00,A
14624,12540327440.00,3
14625,12540338320.00,4
14626,12540349160.00,2
14627,12540360000.00,1
14628,12540370840.00,5
14629,12540381680.00,F
14630,12540392520.00,4
14631,12540403400.00,9
14632,12540414240.00,D
14633,12540425080.00,4
14634,12540435920.00,9
14635,12540446760.00,F
14636,12540457640.00,F
14637,12540468480.00,1
14638,12540479320.00,8
14639,12540490160.00,C
14640,12540501000.00,3
14641,12540511880.00,4
14642,12540522720.00,B
14643,12540533560.00,C
14644,12540544400.00,5
14645,12540555280.00,7
14646,12540566120.00,F
14647,12540576960.00,E
14648,12540587800.00,D
14649,12540598640.00,F
14650,12540609520.00,A
14651,12540620360.00,7
14652,12540631200.00,5
14653,12540642040.00,4
14654,12540652880.00,F
14655,12540663720.00,E
14656,12540674600.00,E
14657,12540685440.00,5
14658,12540696280.00,D
14659,12540707120.00,7
14660,12540717960.00,5
14661,12540728840.00,C
14662,12540739680.00,D
14663,12540750520.00,B
14664,12540761360.00,2
14665,12540772240.00,9
14666,12540783080.00,F
14667,12540793920.00,4
14668,12540804760.00,9
14669,12540815600.00,C
14670,12540826480.00,8
14671,12540837320.00,8
14672,12540848160.00,F
14673,12540859000.00,4
14674,12540869840.00,5
14675,12540880680.00,B
14676,12540891560.00,3
14677,12540902400.00,4
14678,12540913240.00,1
14679,12540924080.00,E
14680,12540934920.00,1
14681,12540945800.00,C
14682,12540956640.00,6
14683,12540967480.00,2
14684,12540978320.00,D
14685,12540989200.00,8
14686,12541000040.00,A
14687,12541010880.00,F
14688,12541021720.00,5
14689,12541032560.00,E
14690,12541043440.00,9
14691,12541054280.00,A
14692,12541065120.00,2
14693,12541075960.00,1
14694,12541086800.00,4
14695,12541097640.00,E
14696,12541108520.00,6
14697,12541119360.00,C
14698,12541130200.00,B
14699,12541141040.00,2
14700,12541151880.00,4
14701,12541162760.00,F
14702,12541173600.00,9
14703,12541184440.00,7
14704,12541195280.00,3
14705,12541206160.00,8
14706,12541217000.00,0
14707,12541227840.00,B
14708,12541238680.00,6
14709,12541249520.00,3
14710,12541260400.00,A
14711,12541271240.00,B
14712,12541282080.00,3
14713,12541292920.00,B
14714,12541303760.00,8
14715,12541314640.00,4
14716,12541325480.00,0
14717,12541336320.00,E
14718,12541347160.00,0
14719,12541358000.00,2
14720,12541368840.00,4
14721,12541379720.00,1
14722,12541390560.00,1
14723,12541401400.00,B
14724,12541412240.00,2
14725,12541423120.00,F
14726,12541433960.00,7
14727,12541444800.00,7
14728,12541455640.00,6
14729,12541466480.00,8
14730,12541477360.00,1
14731,12541488200.00,2
14732,12541499040.00,B
14733,12541509880.00,B
14734,12541520720.00,F
14735,12541531600.00,A
14736,12541542440.00,C
14737,12541553280.00,1
14738,12541564120.00,B
14739,12541574960.00,0
14740,12541585800.00,7
14741,12541596680.00,E
14742,12541607520.00,7
14743,12541618360.00,B
14744,12541629200.00,C
14745,12541640080.00,B
14746,12541650920.00,D
14747,12541661760.00,0
14748,12541672600.00,6
14749,12541683440.00,9
14750,12541694320.00,D
14751,12541705160.00,5
14752,12541716000.00,2
14753,12541726840.00,D
14754,12541737680.00,C
14755,12541748560.00,C
14756,12541759400.00,1
14757,12541770240.00,F
14758,12541781080.00,3
14759,12541791920.00,8
14760,12541802760.00,6
14761,12541813640.00,7
14762,12541824480.00,8
14763,12541835320.00,B
14764,12541846160.00,9
14765,12541857040.00,0
14766,12541867880.00,6
14767,12541878720.00,E
14768,12541889560.00,F
14769,12541900400.00,F
14770,12541911280.00,1
14771,12541922120.00,2
14772,12541932960.00,8
14773,12541943800.00,2
14774,12541954640.00,D
14775,12541965520.00,2
14776,12541976360.00,6
14777,12541987200.00,C
14778,12541998040.00,0
14779,12542008880.00,C
14780,12542019720.00,A
14781,12542030600.00,6
14782,12542041440.00,E
14783,12542052280.00,D
14784,12542063120.00,1
14785,12542074000.00,D
14786,12542084840.00,D
14787,12542095680.00,3
14788,12542106520.00,9
14789,12542117360.00,2
14790,12542128240.00,B
14791,12542139080.00,8
14792,12542149920.00,E
14793,12542160760.00,F
14794,12542171600.00,7
14795,12542182480.00,B
14796,12542193320.00,5
14797,12542204160.00,5
14798,12542215000.00,B
14799,12542225840.00,E
14800,12542236720.00,B
14801,12542247560.00,B
14802,12542258400.00,F
14803,12542269240.00,8
14804,12542280080.00,E
14805,12542290960.00,2
14806,12542301800.00,D
14807,12542312640.00,1
14808,12542323480.00,4
14809,12542334320.00,D
14810,12542345200.00,5
14811,12542356040.00,1
14812,12542366880.00,3
14813,12542377720.00,B
14814,12542388560.00,C
14815,12542399440.00,8
14816,12542410280.00,8
14817,12542421120.00,B
14818,12542431960.00,E
14819,12542442800.00,0
14820,12542453680.00,2
14821,12542464520.00,6
14822,12542475360.00,D
14823,12542486200.00,2
14824,12542497040.00,E
14825,12542507920.00,B
14826,12542518760.00,D
14827,12542529600.00,D
14828,12542540440.00,4
14829,12542551280.00,7
14830,12542562160.00,1
14831,12542573000.00,9
14832,12542583840.00,5
14833,12542594680.00,6
14834,12542605520.00,0
14835,12542616400.00,5
14836,12542627240.00,9
14837,12542638080.00,C
14838,12542648920.00,2
14839,12542659760.00,2
14840,12542670640.00,6
14841,12542681480.00,D
14842,12542692320.00,F
14843,12542703160.00,A
14844,12542714000.00,E
14845,12542724880.00,C
14846,12542735720.00,4
14847,12542746560.00,5
14848,12542757400.00,D
14849,12542768240.00,3
14850,12542779120.00,A
14851,12542789960.00,0
14852,12542800800.00,A
14853,12542811640.00,A
14854,12542822480.00,6
14855,12542833360.00,7
14856,12542844200.00,4
14857,12542855040.00,0
14858,12542865880.00,E
14859,12542876720.00,E
14860,12542887600.00,8
14861,12542898440.00,9
14862,12542909280.00,D
14863,12542920120.00,7
14864,12542930960.00,A
14865,12542941840.00,D
14866,12542952680.00,2
14867,12542963520.00,7
14868,12542974360.00,6
14869,12542985200.00,F
14870,12542996080.00,8
14871,12543006920.00,7
14872,12543017760.00,C
14873,12543028600.00,8
14874,12543039440.00,7
14875,12543050320.00,8
14876,12543061160.00,A
14877,12543072000.00,E
14878,12543082840.00,C
14879,12543093680.00,1
14880,12543104560.00,0
14881,12543115400.00,4
14882,12543126240.00,8
14883,12543137080.00,1
14884,12543147920.00,E
14885,12543158800.00,6
14886,12543169640.00,7
14887,12543180480.00,D
14888,12543191320.00,7
14889,12543202160.00,8
14890,12543213040.00,0
14891,12543223880.00,1
14892,12543234720.00,7
14893,12543245560.00,4
14894,12543256400.00,1
14895,12543267280.00,8
14896,12543278120.00,4
14897,12543288960.00,B
14898,12543299800.00,1
14899,12543310640.00,5
14900,12543321520.00,F
14901,12543332360.00,E
14902,12543343200.00,8
14903,12543354040.00,B
14904,12543364880.00,8
14905,12543375760.00,C
14906,12543386600.00,6
14907,12543397440.00,A
14908,12543408280.00,6
14909,12543419120.00,D
14910,12543430000.00,4
14911,12543440840.00,7
14912,12543451680.00,0
14913,12543462520.00,1
14914,12543473360.00,4
14915,12543484240.00,8
14916,12543495080.00,9
14917,12543505920.00,[0D]
14918,12543516760.00,[0A]
14919,12592780880.00,[0D]
14920,12592791720.00,[0A]
14921,12592802560.00,+
14922,12592813440.00,M
14923,12592824280.00,I
14924,12592835120.00,P
14925,12592845960.00,U
14926,12592856800.00,R
14927,12592867640.00,C
14928,12592878520.00,:
14929,12592889360.00,[20]
14930,12592900200.00,"
14931,12592911040.00,r
14932,12592921880.00,t
14933,12592932760.00,c
14934,12592943600.00,p
14935,12592954440.00,"
14936,12592965280.00,,
14937,12592976160.00,0
14938,12592987000.00,,
14939,12592997840.00,2
14940,12593008680.00,1
14941,12593019520.00,9
14942,12593030400.00,,
14943,12593041240.00,8
14944,12593052080.00,2
14945,12593062920.00,7
14946,12593073760.00,E
14947,12593084600.00,0
14948,12593095480.00,0
14949,12593106320.00,D
14950,12593117160.00,7
14951,12593128000.00,0
14952,12593138840.00,0
14953,12593149720.00,0
14954,12593160560.00,0
14955,12593171400.00,0
14956,12593182240.00,0
14957,12593193120.00,D
14958,12593203960.00,3
14959,12593214800.00,6
14960,12593225640.00,B
14961,12593236480.00,8
14962,12593247360.00,3
14963,12593258200.00,4
14964,12593269040.00,5
14965,12593279880.00,4
14966,12593290720.00,4
14967,12593301560.00,B
14968,12593312440.00,4
14969,12593323280.00,C
14970,12593334120.00,4
14971,12593344960.00,D
14972,12593355800.00,2
14973,12593366680.00,6
14974,12593377520.00,7
14975,12593388360.00,C
14976,12593399200.00,1
14977,12593410080.00,9
14978,12593420920.00,6
14979,12593431760.00,A
14980,12593442600.00,F
14981,12593453440.00,A
14982,12593464320.00,C
14983,12593475160.00,0
14984,12593486000.00,A
14985,12593496840.00,B
14986,12593507680.00,C
14987,12593518520.00,E
14988,12593529400.00,A
14989,12593540240.00,0
14990,12593551080.00,6
14991,12593561920.00,6
14992,12593572760.00,5
14993,12593583640.00,1
14994,12593594480.00,D
14995,12593605320.00,2
14996,12593616160.00,B
14997,12593627040.00,2
14998,12593637880.00,5
14999,12593648720.00,D
15000,12593659560.00,7
15001,12593670400.00,3
15002,12593681280.00,9
15003,12593692120.00,E
15004,12593702960.00,5
15005,12593713800.00,1
15006,12593724640.00,F
15007,12593735480.00,F
15008,12593746360.00,9
15009,12593757200.00,4
15010,12593768040.00,9
15011,12593778880.00,B
15012,12593789720.00,1
15013,12593800600.00,5
15014,12593811440.00,C
15015,12593822280.00,E
15016,12593833120.00,F
15017,12593844000.00,3
15018,12593854840.00,7
15019,12593865680.00,9
15020,12593876520.00,C
15021,12593887360.00,5
15022,12593898240.00,F
15023,12593909080.00,5
15024,12593919920.00,1
15025,12593930760.00,9
15026,12593941600.00,9
15027,12593952480.00,5
15028,12593963320.00,B
15029,12593974160.00,6
15030,12593985000.00,0
15031,12593995840.00,7
15032,12594006680.00,4
15033,12594017560.00,6
15034,12594028400.00,3
15035,12594039240.00,9
15036,12594050080.00,F
15037,12594060960.00,7
15038,12594071800.00,F
15039,12594082640.00,6
15040,12594093480.00,B
15041,12594104320.00,0
15042,12594115200.00,4
15043,12594126040.00,6
15044,12594136880.00,A
15045,12594147720.00,7
15046,12594158560.00,A
15047,12594169440.00,A
15048,12594180280.00,A
15049,12594191120.00,3
15050,12594201960.00,5
15051,12594212800.00,4
15052,12594223640.00,5
15053,12594234520.00,8
15054,12594245360.00,9
15055,12594256200.00,E
15056,12594267040.00,B
15057,12594277920.00,7
15058,12594288760.00,A
15059,12594299600.00,5
15060,12594310440.00,9
15061,12594321280.00,0
15062,12594332160.00,4
15063,12594343000.00,9
15064,12594353840.00,F
15065,12594364680.00,B
15066,12594375520.00,1
15067,12594386400.00,A
15068,12594397240.00,C
15069,12594408080.00,B
15070,12594418920.00,3
15071,12594429760.00,C
15072,12594440600.00,D
15073,12594451480.00,C
15074,12594462320.00,9
15075,12594473160.00,6
15076,12594484000.00,7
15077,12594494880.00,D
15078,12594505720.00,A
15079,12594516560.00,8
15080,12594527400.00,5
15081,12594538240.00,9
15082,12594549120.00,C
15083,12594559960.00,1
15084,12594570800.00,3
15085,12594581640.00,5
15086,12594592480.00,E
15087,12594603360.00,9
15088,12594614200.00,8
15089,12594625040.00,7
15090,12594635880.00,C
15091,12594646720.00,C
15092,12594657600.00,3
15093,12594668440.00,5
15094,12594679280.00,B
15095,12594690120.00,6
15096,12594700960.00,5
15097,12594711840.00,1
15098,12594722680.00,7
15099,12594733520.00,9
15100,12594744360.00,7
15101,12594755200.00,2
15102,12594766080.00,5
15103,12594776920.00,3
15104,12594787760.00,9
15105,12594798600.00,A
15106,12594809440.00,D
15107,12594820320.00,F
15108,12594831160.00,7
15109,12594842000.00,8
15110,12594852840.00,6
15111,12594863680.00,3
15112,12594874560.00,5
15113,12594885400.00,6
15114,12594896240.00,7
15115,12594907080.00,9
15116,12594917920.00,8
15117,12594928800.00,7
15118,12594939640.00,D
15119,12594950480.00,2
15120,12594961320.00,1
15121,12594972160.00,5
15122,12594983040.00,E
15123,12594993880.00,5
15124,12595004720.00,A
15125,12595015560.00,A
15126,12595026400.00,7
15127,12595037280.00,3
15128,12595048120.00,2
15129,12595058960.00,0
15130,12595069800.00,8
15131,12595080640.00,1
15132,12595091520.00,C
15133,12595102360.00,6
15134,12595113200.00,F
15135,12595124040.00,E
15136,12595134880.00,A
15137,12595145760.00,9
15138,12595156600.00,F
15139,12595167440.00,0
15140,12595178280.00,F
15141,12595189120.00,B
15142,12595200000.00,8
15143,12595210840.00,0
15144,12595221680.00,0
15145,12595232520.00,1
15146,12595243360.00,C
15147,12595254240.00,C
15148,12595265080.00,3
15149,12595275920.00,0
15150,12595286760.00,D
15151,12595297600.00,7
15152,12595308480.00,B
15153,12595319320.00,8
15154,12595330160.00,8
15155,12595341000.00,C
15156,12595351840.00,C
15157,12595362720.00,7
15158,12595373560.00,5
15159,12595384400.00,6
15160,12595395240.00,3
15161,12595406080.00,C
15162,12595416960.00,1
15163,12595427800.00,2
15164,12595438640.00,5
15165,12595449480.00,4
15166,12595460320.00,9
15167,12595471200.00,8
15168,12595482040.00,9
15169,12595492880.00,2
15170,12595503720.00,A
15171,12595514560.00,A
15172,12595525440.00,C
15173,12595536280.00,4
15174,12595547120.00,F
15175,12595557960.00,2
15176,12595568800.00,F
15177,12595579680.00,D
15178,12595590520.00,A
15179,12595601360.00,0
15180,12595612200.00,A
15181,12595623040.00,7
15182,12595633920.00,2
15183,12595644760.00,6
15184,12595655600.00,6
15185,12595666440.00,6
15186,12595677280.00,A
15187,12595688160.00,6
15188,12595699000.00,A
15189,12595709840.00,C
15190,12595720680.00,F
15191,12595731520.00,8
15192,12595742400.00,2
15193,12595753240.00,C
15194,12595764080.00,5
15195,12595774920.00,C
15196,12595785760.00,F
15197,12595796640.00,B
15198,12595807480.00,1
15199,12595818320.00,0
15200,12595829160.00,A
15201,12595840000.00,1
15202,12595850880.00,F
15203,12595861720.00,7
15204,12595872560.00,5
15205,12595883400.00,7
15206,12595894240.00,C
15207,12595905120.00,5
15208,12595915960.00,E
15209,12595926800.00,0
15210,12595937640.00,4
15211,12595948480.00,E
15212,12595959360.00,A
15213,12595970200.00,0
15214,12595981040.00,0
15215,12595991880.00,5
15216,12596002720.00,A
15217,12596013600.00,3
15218,12596024440.00,F
15219,12596035280.00,D
15220,12596046120.00,9
15221,12596056960.00,5
15222,12596067840.00,B
15223,12596078680.00,7
15224,12596089520.00,5
15225,12596100360.00,9
15226,12596111200.00,5
15227,12596122080.00,2
15228,12596132920.00,4
15229,12596143760.00,8
15230,12596154600.00,E
15231,12596165440.00,C
15232,12596176320.00,B
15233,12596187160.00,A
15234,12596198000.00,B
15235,12596208840.00,C
15236,12596219680.00,4
15237,12596230560.00,3
15238,12596241400.00,8
15239,12596252240.00,C
15240,12596263080.00,5
15241,12596273920.00,A
15242,12596284800.00,5
15243,12596295640.00,5
15244,12596306480.00,0
15245,12596317320.00,D
15246,12596328160.00,7
15247,12596339040.00,F
15248,12596349880.00,2
15249,12596360720.00,2
15250,12596371560.00,4
15251,12596382400.00,2
15252,12596393280.00,D
15253,12596404120.00,4
15254,12596414960.00,1
15255,12596425800.00,E
15256,12596436640.00,E
15257,12596447520.00,A
15258,12596458360.00,E
15259,12596469200.00,2
15260,12596480040.00,9
15261,12596490880.00,C
15262,12596501760.00,9
15263,12596512600.00,C
15264,12596523440.00,D
15265,12596534280.00,D
15266,12596545120.00,7
15267,12596556000.00,C
15268,12596566840.00,7
15269,12596577680.00,5
15270,12596588520.00,B
15271,12596599360.00,A
15272,12596610240.00,6
15273,12596621080.00,0
15274,12596631920.00,6
15275,12596642760.00,B
15276,12596653600.00,2
15277,12596664480.00,D
15278,12596675320.00,A
15279,12596686160.00,A
15280,12596697000.00,C
15281,12596707880.00,B
15282,12596718720.00,5
15283,12596729560.00,2
15284,12596740400.00,4
15285,12596751240.00,5
15286,12596762080.00,9
15287,12596772960.00,B
15288,12596783800.00,D
15289,12596794640.00,1
15290,12596805480.00,9
15291,12596816320.00,D
15292,12596827200.00,C
15293,12596838040.00,6
15294,12596848880.00,1
15295,12596859720.00,A
15296,12596870560.00,1
15297,12596881440.00,5
15298,12596892280.00,D
15299,12596903120.00,3
15300,12596913960.00,D
15301,12596924840.00,A
15302,12596935680.00,4
15303,12596946520.00,5
15304,12596957360.00,6
15305,12596968200.00,3
15306,12596979040.00,A
15307,12596989920.00,B
15308,12597000760.00,7
15309,12597011600.00,8
15310,12597022440.00,7
15311,12597033280.00,D
15312,12597044160.00,7
15313,12597055000.00,3
15314,12597065840.00,8
15315,12597076680.00,3
15316,12597087520.00,C
15317,12597098400.00,5
15318,12597109240.00,4
15319,12597120080.00,4
15320,12597130920.00,B
15321,12597141800.00,C
15322,12597152640.00,B
15323,12597163480.00,F
15324,12597174320.00,4
15325,12597185160.00,F
15326,12597196000.00,3
15327,12597206880.00,7
15328,12597217720.00,1
15329,12597228560.00,E
15330,12597239400.00,A
15331,12597250240.00,1
15332,12597261120.00,6
15333,12597271960.00,4
15334,12597282800.00,5
15335,12597293640.00,7
15336,12597304480.00,B
15337,12597315360.00,5
15338,12597326200.00,1
15339,12597337040.00,0
15340,12597347880.00,8
15341,12597358760.00,6
15342,12597369600.00,2
15343,12597380440.00,5
15344,12597391280.00,C
15345,12597402120.00,D
15346,12597413000.00,1
15347,12597423840.00,B
15348,12597434680.00,5
15349,12597445520.00,2
15350,12597456360.00,4
15351,12597467200.00,8
15352,12597478080.00,4
15353,12597488920.00,F
15354,12597499760.00,D
15355,12597510600.00,6
15356,12597521440.00,9
15357,12597532320.00,E
15358,12597543160.00,4
15359,12597554000.00,7
15360,12597564840.00,1
15361,12597575720.00,8
15362,12597586560.00,8
15363,12597597400.00,7
15364,12597608240.00,B
15365,12597619080.00,D
15366,12597629960.00,4
15367,12597640800.00,2
15368,12597651640.00,C
15369,12597662480.00,F
15370,12597673320.00,A
15371,12597684160.00,9
15372,12597695040.00,1
15373,12597705880.00,1
15374,12597716720.00,D
15375,12597727560.00,E
15376,12597738400.00,7
15377,12597749280.00,C
15378,12597760120.00,2
15379,12597770960.00,9
15380,12597781800.00,6
15381,12597792680.00,[0D]
15382,12597803520.00,[0A]
15383,12658697760.00,[0D]
15384,12658708640.00,[0A]
15385,12658719480.00,+
15386,12658730320.00,M
15387,12658741160.00,I
15388,12658752000.00,P
15389,12658762880.00,U
15390,12658773720.00,R
15391,12658784560.00,C
15392,12658795400.00,:
15393,12658806240.00,[20]
15394,12658817120.00,"
15395,12658827960.00,r
15396,12658838800.00,t
15397,12658849640.00,c
15398,12658860480.00,p
15399,12658871360.00,"
15400,12658882200.00,,
15401,12658893040.00,0
15402,12658903880.00,,
15403,12658914720.00,2
15404,12658925600.00,1
15405,12658936440.00,8
15406,12658947280.00,,
15407,12658958120.00,8
15408,12658968960.00,2
15409,12658979840.00,7
15410,12658990680.00,E
15411,12659001520.00,0
15412,12659012360.00,0
15413,12659023200.00,D
15414,12659034080.00,6
15415,12659044920.00,0
15416,12659055760.00,0
15417,12659066600.00,0
15418,12659077440.00,0
15419,12659088320.00,0
15420,12659099160.00,0
15421,12659110000.00,D
15422,12659120840.00,2
15423,12659131680.00,6
15424,12659142560.00,B
15425,12659153400.00,8
15426,12659164240.00,3
15427,12659175080.00,5
15428,12659185920.00,1
15429,12659196800.00,4
15430,12659207640.00,2
15431,12659218480.00,A
15432,12659229320.00,D
15433,12659240160.00,9
15434,12659251040.00,9
15435,12659261880.00,B
15436,12659272720.00,A
15437,12659283560.00,9
15438,12659294400.00,B
15439,12659305280.00,B
15440,12659316120.00,A
15441,12659326960.00,8
15442,12659337800.00,F
15443,12659348640.00,C
15444,12659359520.00,8
15445,12659370360.00,6
15446,12659381200.00,2
15447,12659392040.00,9
15448,12659402880.00,9
15449,12659413760.00,8
15450,12659424600.00,0
15451,12659435440.00,7
15452,12659446280.00,B
15453,12659457120.00,0
15454,12659468000.00,E
15455,12659478840.00,2
15456,12659489680.00,7
15457,12659500520.00,A
15458,12659511360.00,A
15459,12659522240.00,8
15460,12659533080.00,D
15461,12659543920.00,E
15462,12659554760.00,2
15463,12659565600.00,A
15464,12659576480.00,2
15465,12659587320.00,7
15466,12659598160.00,1
15467,12659609000.00,C
15468,12659619840.00,8
15469,12659630720.00,F
15470,12659641560.00,5
15471,12659652400.00,6
15472,12659663240.00,9
15473,12659674080.00,8
15474,12659684960.00,8
15475,12659695800.00,9
15476,12659706640.00,9
15477,12659717480.00,2
15478,12659728320.00,3
15479,12659739200.00,4
15480,12659750040.00,C
15481,12659760880.00,5
15482,12659771720.00,2
15483,12659782560.00,0
15484,12659793440.00,4
15485,12659804280.00,6
15486,12659815120.00,3
15487,12659825960.00,3
15488,12659836800.00,0
15489,12659847680.00,2
15490,12659858520.00,6
15491,12659869360.00,0
15492,12659880200.00,B
15493,12659891040.00,9
15494,12659901920.00,8
15495,12659912760.00,6
15496,12659923600.00,4
15497,12659934440.00,C
15498,12659945280.00,7
15499,12659956160.00,2
15500,12659967000.00,3
15501,12659977840.00,0
15502,12659988680.00,F
15503,12659999520.00,3
15504,12660010400.00,8
15505,12660021240.00,E
15506,12660032080.00,4
15507,12660042920.00,E
15508,12660053760.00,2
15509,12660064640.00,8
15510,12660075480.00,B
15511,12660086320.00,3
15512,12660097160.00,4
15513,12660108000.00,B
15514,12660118880.00,9
15515,12660129720.00,C
15516,12660140560.00,0
15517,12660151400.00,9
15518,12660162240.00,4
15519,12660173120.00,F
15520,12660183960.00,0
15521,12660194800.00,9
15522,12660205640.00,1
15523,12660216480.00,E
15524,12660227360.00,0
15525,12660238200.00,6
15526,12660249040.00,7
15527,12660259880.00,E
15528,12660270720.00,5
15529,12660281600.00,8
15530,12660292440.00,0
15531,12660303280.00,C
15532,12660314120.00,5
15533,12660324960.00,A
15534,12660335840.00,F
15535,12660346680.00,5
15536,12660357520.00,6
15537,12660368360.00,3
15538,12660379200.00,E
15539,12660390080.00,A
15540,12660400920.00,4
15541,12660411760.00,8
15542,12660422600.00,0
15543,12660433440.00,C
15544,12660444320.00,0
15545,12660455160.00,D
15546,12660466000.00,1
15547,12660476840.00,1
15548,12660487680.00,D
15549,12660498560.00,9
15550,12660509400.00,9
15551,12660520240.00,4
15552,12660531080.00,D
15553,12660541920.00,8
15554,12660552800.00,4
15555,12660563640.00,E
15556,12660574480.00,5
15557,12660585320.00,5
15558,12660596160.00,E
15559,12660607040.00,2
15560,12660617880.00,4
15561,12660628720.00,7
15562,12660639560.00,2
15563,12660650400.00,C
15564,12660661280.00,4
15565,12660672120.00,E
15566,12660682960.00,B
15567,12660693800.00,0
15568,12660704640.00,C
15569,12660715520.00,0
15570,12660726360.00,4
15571,12660737200.00,6
15572,12660748040.00,2
15573,12660758880.00,1
15574,12660769760.00,2
15575,12660780600.00,7
15576,12660791440.00,8
15577,12660802280.00,A
15578,12660813120.00,E
15579,12660824000.00,9
15580,12660834840.00,6
15581,12660845680.00,F
15582,12660856520.00,8
15583,12660867400.00,1
15584,12660878240.00,7
15585,12660889080.00,E
15586,12660899920.00,C
15587,12660910760.00,5
15588,12660921600.00,F
15589,12660932480.00,5
15590,12660943320.00,A
15591,12660954160.00,6
15592,12660965000.00,E
15593,12660975840.00,B
15594,12660986720.00,3
15595,12660997560.00,1
15596,12661008400.00,9
15597,12661019240.00,1
15598,12661030080.00,5
15599,12661040960.00,6
15600,12661051800.00,5
15601,12661062640.00,B
15602,12661073480.00,9
15603,12661084360.00,8
15604,12661095200.00,F
15605,12661106040.00,E
15606,12661116880.00,4
15607,12661127720.00,2
15608,12661138560.00,B
15609,12661149440.00,A
15610,12661160280.00,B
15611,12661171120.00,A
15612,12661181960.00,B
15613,12661192800.00,4
15614,12661203680.00,A
15615,12661214520.00,F
15616,12661225360.00,2
15617,12661236200.00,E
15618,12661247040.00,3
15619,12661257920.00,0
15620,12661268760.00,9
15621,12661279600.00,9
15622,12661290440.00,8
15623,12661301320.00,3
15624,12661312160.00,B
15625,12661323000.00,D
15626,12661333840.00,C
15627,12661344680.00,D
15628,12661355520.00,0
15629,12661366400.00,0
15630,12661377240.00,F
15631,12661388080.00,B
15632,12661398920.00,A
15633,12661409760.00,6
15634,12661420640.00,F
15635,12661431480.00,3
15636,12661442320.00,E
15637,12661453160.00,F
15638,12661464000.00,4
15639,12661474880.00,8
15640,12661485720.00,E
15641,12661496560.00,A
15642,12661507400.00,B
15643,12661518280.00,F
15644,12661529120.00,3
15645,12661539960.00,A
15646,12661550800.00,9
15647,12661561640.00,A
15648,12661572480.00,5
15649,12661583360.00,6
15650,12661594200.00,0
15651,12661605040.00,E
15652,12661615880.00,5
15653,12661626720.00,1
15654,12661637600.00,7
15655,12661648440.00,4
15656,12661659280.00,3
15657,12661670120.00,F
15658,12661680960.00,2
15659,12661691840.00,9
15660,12661702680.00,B
15661,12661713520.00,7
15662,12661724360.00,2
15663,12661735240.00,1
15664,12661746080.00,7
15665,12661756920.00,D
15666,12661767760.00,D
15667,12661778600.00,6
15668,12661789480.00,9
15669,12661800320.00,D
15670,12661811160.00,7
15671,12661822000.00,B
15672,12661832840.00,1
15673,12661843680.00,A
15674,12661854560.00,0
15675,12661865400.00,A
15676,12661876240.00,0
15677,12661887080.00,4
15678,12661897920.00,3
15679,12661908800.00,4
15680,12661919640.00,C
15681,12661930480.00,A
15682,12661941320.00,9
15683,12661952200.00,0
15684,12661963040.00,8
15685,12661973880.00,5
15686,12661984720.00,2
15687,12661995560.00,0
15688,12662006440.00,A
15689,12662017280.00,7
15690,12662028120.00,B
15691,12662038960.00,8
15692,12662049800.00,8
15693,12662060640.00,7
15694,12662071520.00,E
15695,12662082360.00,1
15696,12662093200.00,E
15697,12662104040.00,D
15698,12662114880.00,E
15699,12662125760.00,0
15700,12662136600.00,F
15701,12662147440.00,9
15702,12662158280.00,C
15703,12662169160.00,2
15704,12662180000.00,5
15705,12662190840.00,0
15706,12662201680.00,3
15707,12662212520.00,6
15708,12662223400.00,9
15709,12662234240.00,5
15710,12662245080.00,3
15711,12662255920.00,F
15712,12662266760.00,5
15713,12662277600.00,F
15714,12662288480.00,3
15715,12662299320.00,4
15716,12662310160.00,4
15717,12662321000.00,4
15718,12662331840.00,6
15719,12662342720.00,2
15720,12662353560.00,C
15721,12662364400.00,E
15722,12662375240.00,1
15723,12662386120.00,F
15724,12662396960.00,A
15725,12662407800.00,A
15726,12662418640.00,F
15727,12662429480.00,C
15728,12662440360.00,0
15729,12662451200.00,F
15730,12662462040.00,0
15731,12662472880.00,F
15732,12662483720.00,1
15733,12662494560.00,2
15734,12662505440.00,E
15735,12662516280.00,7
15736,12662527120.00,3
15737,12662537960.00,0
15738,12662548800.00,5
15739,12662559680.00,B
15740,12662570520.00,0
15741,12662581360.00,C
15742,12662592200.00,1
15743,12662603080.00,F
15744,12662613920.00,1
15745,12662624760.00,4
15746,12662635600.00,2
15747,12662646440.00,C
15748,12662657320.00,B
15749,12662668160.00,D
15750,12662679000.00,C
15751,12662689840.00,6
15752,12662700680.00,5
15753,12662711520.00,2
15754,12662722400.00,0
15755,12662733240.00,5
15756,12662744080.00,5
15757,12662754920.00,5
15758,12662765760.00,C
15759,12662776640.00,7
15760,12662787480.00,0
15761,12662798320.00,9
15762,12662809160.00,3
15763,12662820040.00,E
15764,12662830880.00,E
15765,12662841720.00,0
15766,12662852560.00,1
15767,12662863400.00,2
15768,12662874280.00,D
15769,12662885120.00,5
15770,12662895960.00,C
15771,12662906800.00,8
15772,12662917640.00,4
15773,12662928520.00,0
15774,12662939360.00,0
15775,12662950200.00,F
15776,12662961040.00,B
15777,12662971880.00,A
15778,12662982720.00,D
15779,12662993600.00,C
15780,12663004440.00,B
15781,12663015280.00,8
15782,12663026120.00,5
15783,12663037000.00,3
15784,12663047840.00,8
15785,12663058680.00,1
15786,12663069520.00,A
15787,12663080360.00,B
15788,12663091240.00,9
15789,12663102080.00,5
15790,12663112920.00,5
15791,12663123760.00,3
15792,12663134600.00,E
15793,12663145480.00,3
15794,12663156320.00,E
15795,12663167160.00,2
15796,12663178000.00,C
15797,12663188840.00,8
15798,12663199680.00,6
15799,12663210560.00,3
15800,12663221400.00,3
15801,12663232240.00,6
15802,12663243080.00,D
15803,12663253960.00,E
15804,12663264800.00,2
15805,12663275640.00,A
15806,12663286480.00,7
15807,12663297320.00,5
15808,12663308200.00,2
15809,12663319040.00,C
15810,12663329880.00,E
15811,12663340720.00,4
15812,12663351560.00,B
15813,12663362440.00,A
15814,12663373280.00,5
15815,12663384120.00,1
15816,12663394960.00,D
15817,12663405800.00,D
15818,12663416680.00,4
15819,12663427520.00,0
15820,12663438360.00,0
15821,12663449200.00,E
15822,12663460040.00,8
15823,12663470920.00,3
15824,12663481760.00,3
15825,12663492600.00,3
15826,12663503440.00,D
15827,12663514280.00,1
15828,12663525160.00,C
15829,12663536000.00,0
15830,12663546840.00,2
15831,12663557680.00,C
15832,12663568520.00,A
15833,12663579400.00,6
15834,12663590240.00,C
15835,12663601080.00,2
15836,12663611920.00,D
15837,12663622760.00,B
15838,12663633640.00,6
15839,12663644480.00,D
15840,12663655320.00,0
15841,12663666160.00,7
15842,12663677000.00,1
15843,12663687880.00,[0D]
15844,12663698720.00,[0A]
15845,12712831560.00,[0D]
15846,12712842400.00,[0A]
15847,12712853240.00,+
15848,12712864080.00,M
15849,12712874960.00,I
15850,12712885800.00,P
15851,12712896640.00,U
15852,12712907480.00,R
15853,12712918320.00,C
15854,12712929200.00,:
15855,12712940040.00,[20]
15856,12712950880.00,"
15857,12712961720.00,r
15858,12712972600.00,t
15859,12712983440.00,c
15860,12712994280.00,p
15861,12713005120.00,"
15862,12713015960.00,,
15863,12713026840.00,0
15864,12713037680.00,,
15865,12713048520.00,2
15866,12713059360.00,0
15867,12713070200.00,9
15868,12713081040.00,,
15869,12713091920.00,8
15870,12713102760.00,2
15871,12713113600.00,7
15872,12713124440.00,E
15873,12713135280.00,0
15874,12713146160.00,0
15875,12713157000.00,C
15876,12713167840.00,D
15877,12713178680.00,0
15878,12713189560.00,0
15879,12713200400.00,0
15880,12713211240.00,0
15881,12713222080.00,0
15882,12713232920.00,0
15883,12713243800.00,C
15884,12713254640.00,9
15885,12713265480.00,6
15886,12713276320.00,B
15887,12713287160.00,8
15888,12713298000.00,3
15889,12713308880.00,4
15890,12713319720.00,0
15891,12713330560.00,4
15892,12713341400.00,1
15893,12713352240.00,A
15894,12713363120.00,8
15895,12713373960.00,D
15896,12713384800.00,7
15897,12713395640.00,0
15898,12713406520.00,3
15899,12713417360.00,B
15900,12713428200.00,F
15901,12713439040.00,2
15902,12713449880.00,A
15903,12713460760.00,9
15904,12713471600.00,1
15905,12713482440.00,0
15906,12713493280.00,B
15907,12713504120.00,9
15908,12713514960.00,F
15909,12713525840.00,2
15910,12713536680.00,E
15911,12713547520.00,0
15912,12713558360.00,E
15913,12713569200.00,D
15914,12713580080.00,F
15915,12713590920.00,3
15916,12713601760.00,A
15917,12713612600.00,7
15918,12713623480.00,8
15919,12713634320.00,4
15920,12713645160.00,0
15921,12713656000.00,2
15922,12713666840.00,1
15923,12713677720.00,6
15924,12713688560.00,5
15925,12713699400.00,E
15926,12713710240.00,E
15927,12713721080.00,8
15928,12713731920.00,D
15929,12713742800.00,0
15930,12713753640.00,7
15931,12713764480.00,5
15932,12713775320.00,2
15933,12713786160.00,1
15934,12713797040.00,0
15935,12713807880.00,F
15936,12713818720.00,B
15937,12713829560.00,8
15938,12713840440.00,2
15939,12713851280.00,C
15940,12713862120.00,D
15941,12713872960.00,C
15942,12713883800.00,D
15943,12713894680.00,C
15944,12713905520.00,A
15945,12713916360.00,6
15946,12713927200.00,0
15947,12713938040.00,1
15948,12713948880.00,1
15949,12713959760.00,0
15950,12713970600.00,1
15951,12713981440.00,4
15952,12713992280.00,B
15953,12714003120.00,D
15954,12714014000.00,1
15955,12714024840.00,3
15956,12714035680.00,3
15957,12714046520.00,F
15958,12714057400.00,9
15959,12714068240.00,7
15960,12714079080.00,7
15961,12714089920.00,E
15962,12714100760.00,8
15963,12714111640.00,E
15964,12714122480.00,7
15965,12714133320.00,E
15966,12714144160.00,F
15967,12714155000.00,D
15968,12714165880.00,7
15969,12714176720.00,2
15970,12714187560.00,8
15971,12714198400.00,9
15972,12714209240.00,E
15973,12714220080.00,7
15974,12714230960.00,1
15975,12714241800.00,6
15976,12714252640.00,6
15977,12714263480.00,5
15978,12714274360.00,B
15979,12714285200.00,C
15980,12714296040.00,9
15981,12714306880.00,D
15982,12714317720.00,A
15983,12714328600.00,4
15984,12714339440.00,2
15985,12714350280.00,D
15986,12714361120.00,4
15987,12714371960.00,B
15988,12714382840.00,6
15989,12714393680.00,A
15990,12714404520.00,E
15991,12714415360.00,2
15992,12714426200.00,3
15993,12714437040.00,F
15994,12714447920.00,E
15995,12714458760.00,3
15996,12714469600.00,F
15997,12714480440.00,C
15998,12714491320.00,E
15999,12714502160.00,A
16000,12714513000.00,0
16001,12714523840.00,9
16002,12714534680.00,1
16003,12714545560.00,2
16004,12714556400.00,0
16005,12714567240.00,E
16006,12714578080.00,C
16007,12714588920.00,5
16008,12714599800.00,1
16009,12714610640.00,2
16010,12714621480.00,4
16011,12714632320.00,F
16012,12714643160.00,D
16013,12714654000.00,B
16014,12714664880.00,6
16015,12714675720.00,E
16016,12714686560.00,F
16017,12714697400.00,E
16018,12714708280.00,A
16019,12714719120.00,8
16020,12714729960.00,2
16021,12714740800.00,A
16022,12714751640.00,3
16023,12714762520.00,6
16024,12714773360.00,D
16025,12714784200.00,1
16026,12714795040.00,5
16027,12714805880.00,E
16028,12714816760.00,A
16029,12714827600.00,3
16030,12714838440.00,2
16031,12714849280.00,F
16032,12714860120.00,8
16033,12714870960.00,0
16034,12714881840.00,D
16035,12714892680.00,E
16036,12714903520.00,3
16037,12714914360.00,C
16038,12714925240.00,5
16039,12714936080.00,4
16040,12714946920.00,8
16041,12714957760.00,6
16042,12714968600.00,8
16043,12714979480.00,E
16044,12714990320.00,9
16045,12715001160.00,1
16046,12715012000.00,F
16047,12715022840.00,E
16048,12715033720.00,D
16049,12715044560.00,4
16050,12715055400.00,A
16051,12715066240.00,F
16052,12715077080.00,2
16053,12715087960.00,6
16054,12715098800.00,5
16055,12715109640.00,2
16056,12715120480.00,0
16057,12715131320.00,4
16058,12715142200.00,C
16059,12715153040.00,7
16060,12715163880.00,3
16061,12715174720.00,A
16062,12715185560.00,2
16063,12715196440.00,A
16064,12715207280.00,9
16065,12715218120.00,7
16066,12715228960.00,0
16067,12715239800.00,C
16068,12715250680.00,D
16069,12715261520.00,1
16070,12715272360.00,2
16071,12715283200.00,5
16072,12715294040.00,B
16073,12715304920.00,7
16074,12715315760.00,A
16075,12715326600.00,5
16076,12715337440.00,7
16077,12715348280.00,2
16078,12715359160.00,6
16079,12715370000.00,C
16080,12715380840.00,B
16081,12715391680.00,4
16082,12715402520.00,5
16083,12715413400.00,B
16084,12715424240.00,3
16085,12715435080.00,7
16086,12715445920.00,4
16087,12715456760.00,6
16088,12715467640.00,0
16089,12715478480.00,B
16090,12715489320.00,7
16091,12715500160.00,E
16092,12715511000.00,8
16093,12715521880.00,4
16094,12715532720.00,3
16095,12715543560.00,3
16096,12715554400.00,5
16097,12715565240.00,E
16098,12715576120.00,3
16099,12715586960.00,5
16100,12715597800.00,6
16101,12715608640.00,8
16102,12715619480.00,3
16103,12715630360.00,9
16104,12715641200.00,1
16105,12715652040.00,3
16106,12715662880.00,5
16107,12715673720.00,F
16108,12715684600.00,1
16109,12715695440.00,5
16110,12715706280.00,F
16111,12715717120.00,2
16112,12715727960.00,5
16113,12715738840.00,8
16114,12715749680.00,3
16115,12715760520.00,5
16116,12715771360.00,7
16117,12715782200.00,D
16118,12715793080.00,A
16119,12715803920.00,6
16120,12715814760.00,2
16121,12715825600.00,7
16122,12715836440.00,D
16123,12715847320.00,B
16124,12715858160.00,5
16125,12715869000.00,3
16126,12715879840.00,4
16127,12715890680.00,7
16128,12715901560.00,0
16129,12715912400.00,4
16130,12715923240.00,1
16131,12715934080.00,5
16132,12715944920.00,B
16133,12715955800.00,5
16134,12715966640.00,E
16135,12715977480.00,1
16136,12715988320.00,F
16137,12715999160.00,B
16138,12716010040.00,4
16139,12716020880.00,4
16140,12716031720.00,E
16141,12716042560.00,0
16142,12716053400.00,2
16143,12716064280.00,4
16144,12716075120.00,4
16145,12716085960.00,2
16146,12716096800.00,E
16147,12716107640.00,6
16148,12716118520.00,F
16149,12716129360.00,F
16150,12716140200.00,B
16151,12716151040.00,A
16152,12716161880.00,2
16153,12716172760.00,8
16154,12716183600.00,E
16155,12716194440.00,9
16156,12716205280.00,0
16157,12716216120.00,D
16158,12716227000.00,B
16159,12716237840.00,1
16160,12716248680.00,B
16161,12716259520.00,E
16162,12716270360.00,0
16163,12716281240.00,6
16164,12716292080.00,C
16165,12716302920.00,9
16166,12716313760.00,A
16167,12716324600.00,9
16168,12716335480.00,4
16169,12716346320.00,7
16170,12716357160.00,2
16171,12716368000.00,A
16172,12716378840.00,A
16173,12716389720.00,6
16174,12716400560.00,3
16175,12716411400.00,7
16176,12716422240.00,E
16177,12716433080.00,4
16178,12716443960.00,7
16179,12716454800.00,9
16180,12716465640.00,A
16181,12716476480.00,F
16182,12716487320.00,F
16183,12716498200.00,2
16184,12716509040.00,6
16185,12716519880.00,4
16186,12716530720.00,8
16187,12716541560.00,5
16188,12716552440.00,8
16189,12716563280.00,5
16190,12716574120.00,D
16191,12716584960.00,A
16192,12716595800.00,B
16193,12716606680.00,F
16194,12716617520.00,0
16195,12716628360.00,3
16196,12716639200.00,6
16197,12716650040.00,3
16198,12716660920.00,A
16199,12716671760.00,6
16200,12716682600.00,E
16201,12716693440.00,C
16202,12716704320.00,C
16203,12716715160.00,B
16204,12716726000.00,3
16205,12716736840.00,E
16206,12716747680.00,3
16207,12716758520.00,1
16208,12716769400.00,C
16209,12716780240.00,A
16210,12716791080.00,0
16211,12716801920.00,0
16212,12716812760.00,B
16213,12716823640.00,1
16214,12716834480.00,D
16215,12716845320.00,E
16216,12716856160.00,C
16217,12716867000.00,F
16218,12716877880.00,5
16219,12716888720.00,E
16220,12716899560.00,E
16221,12716910400.00,B
16222,12716921280.00,4
16223,12716932120.00,6
16224,12716942960.00,B
16225,12716953800.00,7
16226,12716964640.00,2
16227,12716975480.00,6
16228,12716986360.00,A
16229,12716997200.00,3
16230,12717008040.00,F
16231,12717018880.00,5
16232,12717029720.00,D
16233,12717040600.00,C
16234,12717051440.00,7
16235,12717062280.00,F
16236,12717073120.00,E
16237,12717083960.00,6
16238,12717094840.00,D
16239,12717105680.00,C
16240,12717116520.00,6
16241,12717127360.00,8
16242,12717138240.00,6
16243,12717149080.00,6
16244,12717159920.00,A
16245,12717170760.00,1
16246,12717181600.00,1
16247,12717192440.00,7
16248,12717203320.00,A
16249,12717214160.00,2
16250,12717225000.00,C
16251,12717235840.00,7
16252,12717246680.00,5
16253,12717257560.00,5
16254,12717268400.00,4
16255,12717279240.00,7
16256,12717290080.00,D
16257,12717300920.00,8
16258,12717311800.00,E
16259,12717322640.00,A
16260,12717333480.00,0
16261,12717344320.00,C
16262,12717355200.00,C
16263,12717366040.00,6
16264,12717376880.00,4
16265,12717387720.00,0
16266,12717398560.00,F
16267,12717409400.00,0
16268,12717420280.00,C
16269,12717431120.00,5
16270,12717441960.00,C
16271,12717452800.00,3
16272,12717463640.00,3
16273,12717474520.00,9
16274,12717485360.00,F
16275,12717496200.00,8
16276,12717507040.00,7
16277,12717517880.00,8
16278,12717528760.00,0
16279,12717539600.00,C
16280,12717550440.00,2
16281,12717561280.00,9
16282,12717572160.00,D
16283,12717583000.00,5
16284,12717593840.00,2
16285,12717604680.00,1
16286,12717615520.00,A
16287,12717626400.00,[0D]
16288,12717637240.00,[0A]
16289,12779845200.00,[0D]
16290,12779856040.00,[0A]
16291,12779866880.00,+
16292,12779877720.00,M
16293,12779888600.00,I
16294,12779899440.00,P
16295,12779910280.00,U
16296,12779921120.00,R
16297,12779931960.00,C
16298,12779942840.00,:
16299,12779953680.00,[20]
16300,12779964520.00,"
16301,12779975360.00,r
16302,12779986200.00,t
16303,12779997040.00,c
16304,12780007920.00,p
16305,12780018760.00,"
16306,12780029600.00,,
16307,12780040440.00,0
16308,12780051280.00,,
16309,12780062160.00,2
16310,12780073000.00,3
16311,12780083840.00,7
16312,12780094680.00,,
16313,12780105560.00,8
16314,12780116400.00,2
16315,12780127240.00,7
16316,12780138080.00,E
16317,12780148920.00,0
16318,12780159800.00,0
16319,12780170640.00,E
16320,12780181480.00,9
16321,12780192320.00,0
16322,12780203160.00,0
16323,12780214000.00,0
16324,12780224880.00,0
16325,12780235720.00,0
16326,12780246560.00,0
16327,12780257400.00,E
16328,12780268240.00,5
16329,12780279120.00,6
16330,12780289960.00,B
16331,12780300800.00,8
16332,12780311640.00,3
16333,12780322520.00,4
16334,12780333360.00,F
16335,12780344200.00,4
16336,12780355040.00,9
16337,12780365880.00,A
16338,12780376760.00,4
16339,12780387600.00,5
16340,12780398440.00,6
16341,12780409280.00,6
16342,12780420120.00,9
16343,12780430960.00,3
16344,12780441840.00,5
16345,12780452680.00,1
16346,12780463520.00,7
16347,12780474360.00,6
16348,12780485200.00,A
16349,12780496080.00,A
16350,12780506920.00,B
16351,12780517760.00,D
16352,12780528600.00,0
16353,12780539480.00,6
16354,12780550320.00,F
16355,12780561160.00,5
16356,12780572000.00,3
16357,12780582840.00,6
16358,12780593720.00,E
16359,12780604560.00,9
16360,12780615400.00,0
16361,12780626240.00,1
16362,12780637080.00,6
16363,12780647960.00,2
16364,12780658800.00,2
16365,12780669640.00,C
16366,12780680480.00,5
16367,12780691320.00,E
16368,12780702160.00,F
16369,12780713040.00,6
16370,12780723880.00,8
16371,12780734720.00,5
16372,12780745560.00,E
16373,12780756440.00,B
16374,12780767280.00,4
16375,12780778120.00,8
16376,12780788960.00,8
16377,12780799800.00,D
16378,12780810680.00,C
16379,12780821520.00,E
16380,12780832360.00,A
16381,12780843200.00,B
16382,12780854040.00,6
16383,12780864920.00,7
16384,12780875760.00,8
16385,12780886600.00,2
16386,12780897440.00,8
16387,12780908280.00,7
16388,12780919120.00,8
16389,12780930000.00,E
16390,12780940840.00,8
16391,12780951680.00,D
16392,12780962520.00,5
16393,12780973400.00,D
16394,12780984240.00,8
16395,12780995080.00,6
16396,12781005920.00,6
16397,12781016760.00,6
16398,12781027640.00,C
16399,12781038480.00,C
16400,12781049320.00,F
16401,12781060160.00,A
16402,12781071000.00,E
16403,12781081880.00,6
16404,12781092720.00,2
16405,12781103560.00,D
16406,12781114400.00,9
16407,12781125240.00,6
16408,12781136080.00,0
16409,12781146960.00,7
16410,12781157800.00,8
16411,12781168640.00,5
16412,12781179480.00,2
16413,12781190360.00,D
16414,12781201200.00,C
16415,12781212040.00,A
16416,12781222880.00,A
16417,12781233720.00,9
16418,12781244600.00,0
16419,12781255440.00,9
16420,12781266280.00,1
16421,12781277120.00,7
16422,12781287960.00,8
16423,12781298840.00,F
16424,12781309680.00,3
16425,12781320520.00,1
16426,12781331360.00,A
16427,12781342200.00,C
16428,12781353080.00,A
16429,12781363920.00,8
16430,12781374760.00,2
16431,12781385600.00,8
16432,12781396440.00,5
16433,12781407320.00,7
16434,12781418160.00,4
16435,12781429000.00,8
16436,12781439840.00,9
16437,12781450680.00,8
16438,12781461560.00,9
16439,12781472400.00,B
16440,12781483240.00,3
16441,12781494080.00,3
16442,12781504920.00,D
16443,12781515800.00,3
16444,12781526640.00,1
16445,12781537480.00,A
16446,12781548320.00,B
16447,12781559160.00,6
16448,12781570040.00,2
16449,12781580880.00,2
16450,12781591720.00,1
16451,12781602560.00,A
16452,12781613400.00,C
16453,12781624280.00,1
16454,12781635120.00,1
16455,12781645960.00,1
16456,12781656800.00,8
16457,12781667640.00,9
16458,12781678520.00,C
16459,12781689360.00,5
16460,12781700200.00,F
16461,12781711040.00,7
16462,12781721880.00,A
16463,12781732760.00,5
16464,12781743600.00,5
16465,12781754440.00,C
16466,12781765280.00,B
16467,12781776120.00,D
16468,12781787000.00,2
16469,12781797840.00,D
16470,12781808680.00,A
16471,12781819520.00,9
16472,12781830360.00,E
16473,12781841240.00,7
16474,12781852080.00,B
16475,12781862920.00,0
16476,12781873760.00,3
16477,12781884600.00,6
16478,12781895480.00,4
16479,12781906320.00,4
16480,12781917160.00,6
16481,12781928000.00,0
16482,12781938840.00,4
16483,12781949720.00,3
16484,12781960560.00,7
16485,12781971400.00,F
16486,12781982240.00,4
16487,12781993080.00,0
16488,12782003960.00,7
16489,12782014800.00,4
16490,12782025640.00,5
16491,12782036480.00,F
16492,12782047320.00,4
16493,12782058200.00,E
16494,12782069040.00,6
16495,12782079880.00,A
16496,12782090720.00,D
16497,12782101560.00,0
16498,12782112440.00,2
16499,12782123280.00,3
16500,12782134120.00,F
16501,12782144960.00,6
16502,12782155800.00,0
16503,12782166680.00,6
16504,12782177520.00,4
16505,12782188360.00,D
16506,12782199200.00,C
16507,12782210040.00,C
16508,12782220920.00,4
16509,12782231760.00,0
16510,12782242600.00,9
16511,12782253440.00,1
16512,12782264280.00,D
16513,12782275160.00,C
16514,12782286000.00,C
16515,12782296840.00,5
16516,12782307680.00,A
16517,12782318520.00,A
16518,12782329400.00,D
16519,12782340240.00,4
16520,12782351080.00,5
16521,12782361920.00,D
16522,12782372760.00,B
16523,12782383640.00,2
16524,12782394480.00,D
16525,12782405320.00,D
16526,12782416160.00,F
16527,12782427000.00,4
16528,12782437880.00,D
16529,12782448720.00,8
16530,12782459560.00,0
16531,12782470400.00,F
16532,12782481240.00,F
16533,12782492120.00,C
16534,12782502960.00,C
16535,12782513800.00,3
16536,12782524640.00,C
16537,12782535480.00,D
16538,12782546360.00,D
16539,12782557200.00,D
16540,12782568040.00,9
16541,12782578880.00,5
16542,12782589720.00,5
16543,12782600600.00,1
16544,12782611440.00,E
16545,12782622280.00,A
16546,12782633120.00,5
16547,12782643960.00,6
16548,12782654840.00,9
16549,12782665680.00,6
16550,12782676520.00,B
16551,12782687360.00,C
16552,12782698200.00,9
16553,12782709080.00,0
16554,12782719920.00,1
16555,12782730760.00,C
16556,12782741600.00,4
16557,12782752440.00,A
16558,12782763320.00,8
16559,12782774160.00,C
16560,12782785000.00,D
16561,12782795840.00,4
16562,12782806680.00,0
16563,12782817560.00,0
16564,12782828400.00,7
16565,12782839240.00,9
16566,12782850080.00,0
16567,12782860920.00,F
16568,12782871800.00,9
16569,12782882640.00,1
16570,12782893480.00,0
16571,12782904320.00,C
16572,12782915160.00,F
16573,12782926040.00,C
16574,12782936880.00,9
16575,12782947720.00,9
16576,12782958560.00,1
16577,12782969400.00,2
16578,12782980280.00,1
16579,12782991120.00,7
16580,12783001960.00,2
16581,12783012800.00,E
16582,12783023640.00,9
16583,12783034520.00,9
16584,12783045360.00,0
16585,12783056200.00,6
16586,12783067040.00,8
16587,12783077880.00,0
16588,12783088760.00,8
16589,12783099600.00,0
16590,12783110440.00,D
16591,12783121280.00,E
16592,12783132120.00,A
16593,12783143000.00,A
16594,12783153840.00,4
16595,12783164680.00,D
16596,12783175520.00,7
16597,12783186360.00,E
16598,12783197240.00,9
16599,12783208080.00,E
16600,12783218920.00,9
16601,12783229760.00,0
16602,12783240600.00,4
16603,12783251480.00,5
16604,12783262320.00,F
16605,12783273160.00,0
16606,12783284000.00,3
16607,12783294840.00,5
16608,12783305720.00,7
16609,12783316560.00,3
16610,12783327400.00,0
16611,12783338240.00,5
16612,12783349080.00,3
16613,12783359960.00,E
16614,12783370800.00,A
16615,12783381640.00,5
16616,12783392480.00,8
16617,12783403360.00,6
16618,12783414200.00,6
16619,12783425040.00,E
16620,12783435880.00,0
16621,12783446720.00,0
16622,12783457560.00,C
16623,12783468440.00,5
16624,12783479280.00,B
16625,12783490120.00,9
16626,12783500960.00,7
16627,12783511800.00,2
16628,12783522680.00,6
16629,12783533520.00,3
16630,12783544360.00,C
16631,12783555200.00,5
16632,12783566040.00,7
16633,12783576920.00,E
16634,12783587760.00,A
16635,12783598600.00,A
16636,12783609440.00,3
16637,12783620320.00,3
16638,12783631160.00,E
16639,12783642000.00,C
16640,12783652840.00,0
16641,12783663680.00,A
16642,12783674520.00,D
16643,12783685400.00,1
16644,12783696240.00,6
16645,12783707080.00,0
16646,12783717920.00,5
16647,12783728760.00,3
16648,12783739640.00,C
16649,12783750480.00,6
16650,12783761320.00,0
16651,12783772160.00,E
16652,12783783000.00,6
16653,12783793880.00,D
16654,12783804720.00,9
16655,12783815560.00,B
16656,12783826400.00,6
16657,12783837280.00,6
16658,12783848120.00,D
16659,12783858960.00,A
16660,12783869800.00,7
16661,12783880640.00,0
16662,12783891520.00,7
16663,12783902360.00,2
16664,12783913200.00,A
16665,12783924040.00,F
16666,12783934880.00,3
16667,12783945720.00,4
16668,12783956600.00,F
16669,12783967440.00,0
16670,12783978280.00,F
16671,12783989120.00,3
16672,12783999960.00,5
16673,12784010840.00,2
16674,12784021680.00,3
16675,12784032520.00,4
16676,12784043360.00,8
16677,12784054240.00,5
16678,12784065080.00,B
16679,12784075920.00,A
16680,12784086760.00,D
16681,12784097600.00,2
16682,12784108480.00,3
16683,12784119320.00,4
16684,12784130160.00,B
16685,12784141000.00,7
16686,12784151840.00,9
16687,12784162680.00,C
16688,12784173560.00,3
16689,12784184400.00,7
16690,12784195240.00,4
16691,12784206080.00,4
16692,12784216920.00,2
16693,12784227800.00,9
16694,12784238640.00,6
16695,12784249480.00,B
16696,12784260320.00,8
16697,12784271200.00,4
16698,12784282040.00,4
16699,12784292880.00,B
16700,12784303720.00,E
16701,12784314560.00,3
16702,12784325440.00,F
16703,12784336280.00,5
16704,12784347120.00,B
16705,12784357960.00,E
16706,12784368800.00,4
16707,12784379640.00,9
16708,12784390520.00,C
16709,12784401360.00,0
16710,12784412200.00,E
16711,12784423040.00,E
16712,12784433880.00,9
16713,12784444760.00,F
16714,12784455600.00,D
16715,12784466440.00,5
16716,12784477280.00,3
16717,12784488160.00,2
16718,12784499000.00,D
16719,12784509840.00,8
16720,12784520680.00,6
16721,12784531520.00,9
16722,12784542400.00,E
16723,12784553240.00,1
16724,12784564080.00,0
16725,12784574920.00,8
16726,12784585760.00,B
16727,12784596600.00,A
16728,12784607480.00,8
16729,12784618320.00,2
16730,12784629160.00,A
16731,12784640000.00,2
16732,12784650840.00,F
16733,12784661720.00,1
16734,12784672560.00,E
16735,12784683400.00,0
16736,12784694240.00,0
16737,12784705120.00,9
16738,12784715960.00,F
16739,12784726800.00,5
16740,12784737640.00,F
16741,12784748480.00,8
16742,12784759360.00,2
16743,12784770200.00,6
16744,12784781040.00,9
16745,12784791880.00,8
16746,12784802720.00,5
16747,12784813560.00,2
16748,12784824440.00,2
16749,12784835280.00,9
16750,12784846120.00,3
16751,12784856960.00,4
16752,12784867800.00,3
16753,12784878680.00,9
16754,12784889520.00,C
16755,12784900360.00,E
16756,12784911200.00,F
16757,12784922080.00,B
16758,12784932920.00,A
16759,12784943760.00,C
16760,12784954600.00,8
16761,12784965440.00,9
16762,12784976320.00,5
16763,12784987160.00,2
16764,12784998000.00,C
16765,12785008840.00,0
16766,12785019680.00,C
16767,12785030560.00,3
16768,12785041400.00,A
16769,12785052240.00,B
16770,12785063080.00,F
16771,12785073920.00,E
16772,12785084760.00,6
16773,12785095640.00,7
16774,12785106480.00,3
16775,12785117320.00,4
16776,12785128160.00,A
16777,12785139040.00,3
16778,12785149880.00,E
16779,12785160720.00,A
16780,12785171560.00,7
16781,12785182400.00,6
16782,12785193280.00,4
16783,12785204120.00,0
16784,12785214960.00,6
16785,12785225800.00,5
16786,12785236640.00,4
16787,12785247520.00,[0D]
16788,12785258360.00,[0A]
16789,12832895240.00,[0D]
16790,12832906080.00,[0A]
16791,12832916960.00,+
16792,12832927800.00,M
16793,12832938640.00,I
16794,12832949480.00,P
16795,12832960360.00,U
16796,12832971200.00,R
16797,12832982040.00,C
16798,12832992880.00,:
16799,12833003720.00,[20]
16800,12833014600.00,"
16801,12833025440.00,r
16802,12833036280.00,t
16803,12833047120.00,c
16804,12833057960.00,p
16805,12833068840.00,"
16806,12833079680.00,,
16807,12833090520.00,0
16808,12833101360.00,,
16809,12833112200.00,2
16810,12833123040.00,2
16811,12833133920.00,7
16812,12833144760.00,,
16813,12833155600.00,8
16814,12833166440.00,2
16815,12833177320.00,7
16816,12833188160.00,E
16817,12833199000.00,0
16818,12833209840.00,0
16819,12833220680.00,D
16820,12833231560.00,F
16821,12833242400.00,0
16822,12833253240.00,0
16823,12833264080.00,0
16824,12833274920.00,0
16825,12833285800.00,0
16826,12833296640.00,0
16827,12833307480.00,D
16828,12833318320.00,B
16829,12833329160.00,6
16830,12833340000.00,B
16831,12833350880.00,8
16832,12833361720.00,3
16833,12833372560.00,4
16834,12833383400.00,2
16835,12833394280.00,4
16836,12833405120.00,8
16837,12833415960.00,A
16838,12833426800.00,E
16839,12833437640.00,C
16840,12833448520.00,6
16841,12833459360.00,6
16842,12833470200.00,2
16843,12833481040.00,F
16844,12833491880.00,D
16845,12833502760.00,7
16846,12833513600.00,1
16847,12833524440.00,3
16848,12833535280.00,3
16849,12833546120.00,6
16850,12833556960.00,E
16851,12833567840.00,5
16852,12833578680.00,7
16853,12833589520.00,2
16854,12833600360.00,9
16855,12833611240.00,B
16856,12833622080.00,D
16857,12833632920.00,F
16858,12833643760.00,2
16859,12833654600.00,E
16860,12833665480.00,E
16861,12833676320.00,F
16862,12833687160.00,6
16863,12833698000.00,0
16864,12833708840.00,8
16865,12833719720.00,8
16866,12833730560.00,5
16867,12833741400.00,3
16868,12833752240.00,D
16869,12833763080.00,8
16870,12833773920.00,D
16871,12833784800.00,3
16872,12833795640.00,1
16873,12833806480.00,E
16874,12833817320.00,B
16875,12833828200.00,3
16876,12833839040.00,9
16877,12833849880.00,9
16878,12833860720.00,9
16879,12833871560.00,C
16880,12833882440.00,B
16881,12833893280.00,B
16882,12833904120.00,5
16883,12833914960.00,2
16884,12833925800.00,0
16885,12833936680.00,7
16886,12833947520.00,7
16887,12833958360.00,C
16888,12833969200.00,4
16889,12833980040.00,C
16890,12833990920.00,0
16891,12834001760.00,2
16892,12834012600.00,9
16893,12834023440.00,6
16894,12834034280.00,9
16895,12834045160.00,D
16896,12834056000.00,E
16897,12834066840.00,4
16898,12834077680.00,D
16899,12834088520.00,6
16900,12834099400.00,C
16901,12834110240.00,E
16902,12834121080.00,0
16903,12834131920.00,D
16904,12834142760.00,5
16905,12834153640.00,2
16906,12834164480.00,A
16907,12834175320.00,E
16908,12834186160.00,1
16909,12834197000.00,8
16910,12834207880.00,F
16911,12834218720.00,D
16912,12834229560.00,5
16913,12834240400.00,9
16914,12834251240.00,E
16915,12834262120.00,5
16916,12834272960.00,A
16917,12834283800.00,D
16918,12834294640.00,2
16919,12834305480.00,2
16920,12834316360.00,7
16921,12834327200.00,7
16922,12834338040.00,E
16923,12834348880.00,5
16924,12834359720.00,E
16925,12834370600.00,9
16926,12834381440.00,D
16927,12834392280.00,C
16928,12834403120.00,4
16929,12834413960.00,A
16930,12834424840.00,0
16931,12834435680.00,2
16932,12834446520.00,D
16933,12834457360.00,7
16934,12834468200.00,0
16935,12834479080.00,3
16936,12834489920.00,B
16937,12834500760.00,F
16938,12834511600.00,7
16939,12834522440.00,A
16940,12834533320.00,E
16941,12834544160.00,4
16942,12834555000.00,C
16943,12834565840.00,D
16944,12834576680.00,1
16945,12834587560.00,2
16946,12834598400.00,3
16947,12834609240.00,7
16948,12834620080.00,7
16949,12834630920.00,1
16950,12834641800.00,2
16951,12834652640.00,F
16952,12834663480.00,7
16953,12834674320.00,2
16954,12834685160.00,4
16955,12834696040.00,0
16956,12834706880.00,F
16957,12834717720.00,0
16958,12834728560.00,9
16959,12834739400.00,3
16960,12834750280.00,7
16961,12834761120.00,1
16962,12834771960.00,1
16963,12834782800.00,0
16964,12834793640.00,D
16965,12834804520.00,6
16966,12834815360.00,3
16967,12834826200.00,3
16968,12834837040.00,8
16969,12834847880.00,B
16970,12834858760.00,2
16971,12834869600.00,5
16972,12834880440.00,4
16973,12834891280.00,3
16974,12834902120.00,6
16975,12834913000.00,C
16976,12834923840.00,7
16977,12834934680.00,C
16978,12834945520.00,2
16979,12834956360.00,2
16980,12834967240.00,9
16981,12834978080.00,5
16982,12834988920.00,C
16983,12834999760.00,A
16984,12835010600.00,0
16985,12835021480.00,C
16986,12835032320.00,0
16987,12835043160.00,E
16988,12835054000.00,3
16989,12835064840.00,8
16990,12835075720.00,3
16991,12835086560.00,E
16992,12835097400.00,4
16993,12835108240.00,3
16994,12835119080.00,9
16995,12835129960.00,1
16996,12835140800.00,B
16997,12835151640.00,5
16998,12835162480.00,7
16999,12835173320.00,6
17000,12835184200.00,7
17001,12835195040.00,A
17002,12835205880.00,3
17003,12835216720.00,D
17004,12835227560.00,E
17005,12835238440.00,4
17006,12835249280.00,7
17007,12835260120.00,D
17008,12835270960.00,3
17009,12835281800.00,D
17010,12835292680.00,A
17011,12835303520.00,9
17012,12835314360.00,8
17013,12835325200.00,D
17014,12835336040.00,7
17015,12835346920.00,0
17016,12835357760.00,7
17017,12835368600.00,6
17018,12835379440.00,3
17019,12835390280.00,C
17020,12835401160.00,9
17021,12835412000.00,C
17022,12835422840.00,2
17023,12835433680.00,D
17024,12835444520.00,A
17025,12835455400.00,5
17026,12835466240.00,7
17027,12835477080.00,F
17028,12835487920.00,1
17029,12835498760.00,4
17030,12835509640.00,B
17031,12835520480.00,1
17032,12835531320.00,6
17033,12835542160.00,B
17034,12835553000.00,1
17035,12835563880.00,A
17036,12835574720.00,3
17037,12835585560.00,1
17038,12835596400.00,0
17039,12835607280.00,C
17040,12835618120.00,8
17041,12835628960.00,8
17042,12835639800.00,A
17043,12835650640.00,F
17044,12835661480.00,1
17045,12835672360.00,1
17046,12835683200.00,C
17047,12835694040.00,0
17048,12835704880.00,7
17049,12835715720.00,7
17050,12835726600.00,9
17051,12835737440.00,9
17052,12835748280.00,5
17053,12835759120.00,7
17054,12835769960.00,C
17055,12835780840.00,7
17056,12835791680.00,8
17057,12835802520.00,4
17058,12835813360.00,D
17059,12835824240.00,E
17060,12835835080.00,7
17061,12835845920.00,C
17062,12835856760.00,2
17063,12835867600.00,4
17064,12835878440.00,A
17065,12835889320.00,F
17066,12835900160.00,3
17067,12835911000.00,A
17068,12835921840.00,5
17069,12835932680.00,7
17070,12835943560.00,D
17071,12835954400.00,A
17072,12835965240.00,5
17073,12835976080.00,C
17074,12835986920.00,E
17075,12835997800.00,9
17076,12836008640.00,E
17077,12836019480.00,7
17078,12836030320.00,9
17079,12836041200.00,3
17080,12836052040.00,E
17081,12836062880.00,9
17082,12836073720.00,C
17083,12836084560.00,E
17084,12836095400.00,D
17085,12836106280.00,7
17086,12836117120.00,0
17087,12836127960.00,F
17088,12836138800.00,0
17089,12836149640.00,5
17090,12836160520.00,9
17091,12836171360.00,7
17092,12836182200.00,5
17093,12836193040.00,3
17094,12836203880.00,4
17095,12836214760.00,0
17096,12836225600.00,E
17097,12836236440.00,2
17098,12836247280.00,8
17099,12836258160.00,1
17100,12836269000.00,F
17101,12836279840.00,0
17102,12836290680.00,9
17103,12836301520.00,F
17104,12836312360.00,0
17105,12836323240.00,E
17106,12836334080.00,6
17107,12836344920.00,2
17108,12836355760.00,5
17109,12836366600.00,F
17110,12836377480.00,B
17111,12836388320.00,C
17112,12836399160.00,E
17113,12836410000.00,B
17114,12836420840.00,5
17115,12836431720.00,5
17116,12836442560.00,C
17117,12836453400.00,B
17118,12836464240.00,1
17119,12836475120.00,C
17120,12836485960.00,1
17121,12836496800.00,9
17122,12836507640.00,C
17123,12836518480.00,B
17124,12836529360.00,B
17125,12836540200.00,B
17126,12836551040.00,0
17127,12836561880.00,9
17128,12836572720.00,D
17129,12836583560.00,F
17130,12836594440.00,2
17131,12836605280.00,B
17132,12836616120.00,9
17133,12836626960.00,D
17134,12836637800.00,7
17135,12836648680.00,0
17136,12836659520.00,2
17137,12836670360.00,9
17138,12836681200.00,B
17139,12836692080.00,8
17140,12836702920.00,3
17141,12836713760.00,8
17142,12836724600.00,8
17143,12836735440.00,6
17144,12836746320.00,F
17145,12836757160.00,7
17146,12836768000.00,C
17147,12836778840.00,6
17148,12836789680.00,2
17149,12836800520.00,9
17150,12836811400.00,1
17151,12836822240.00,0
17152,12836833080.00,D
17153,12836843920.00,0
17154,12836854760.00,1
17155,12836865640.00,6
17156,12836876480.00,C
17157,12836887320.00,6
17158,12836898160.00,6
17159,12836909040.00,5
17160,12836919880.00,C
17161,12836930720.00,E
17162,12836941560.00,3
17163,12836952400.00,2
17164,12836963280.00,D
17165,12836974120.00,2
17166,12836984960.00,6
17167,12836995800.00,A
17168,12837006640.00,F
17169,12837017480.00,A
17170,12837028360.00,5
17171,12837039200.00,5
17172,12837050040.00,6
17173,12837060880.00,B
17174,12837071720.00,9
17175,12837082600.00,2
17176,12837093440.00,C
17177,12837104280.00,4
17178,12837115120.00,0
17179,12837126000.00,7
17180,12837136840.00,4
17181,12837147680.00,4
17182,12837158520.00,F
17183,12837169360.00,C
17184,12837180240.00,1
17185,12837191080.00,C
17186,12837201920.00,A
17187,12837212760.00,E
17188,12837223600.00,A
17189,12837234440.00,0
17190,12837245320.00,9
17191,12837256160.00,F
17192,12837267000.00,E
17193,12837277840.00,E
17194,12837288680.00,1
17195,12837299560.00,6
17196,12837310400.00,C
17197,12837321240.00,5
17198,12837332080.00,0
17199,12837342960.00,5
17200,12837353800.00,2
17201,12837364640.00,4
17202,12837375480.00,9
17203,12837386320.00,5
17204,12837397200.00,D
17205,12837408040.00,1
17206,12837418880.00,7
17207,12837429720.00,B
17208,12837440560.00,D
17209,12837451440.00,8
17210,12837462280.00,1
17211,12837473120.00,6
17212,12837483960.00,4
17213,12837494800.00,8
17214,12837505640.00,E
17215,12837516520.00,1
17216,12837527360.00,7
17217,12837538200.00,B
17218,12837549040.00,3
17219,12837559920.00,1
17220,12837570760.00,4
17221,12837581600.00,7
17222,12837592440.00,1
17223,12837603280.00,6
17224,12837614160.00,1
17225,12837625000.00,D
17226,12837635840.00,3
17227,12837646680.00,5
17228,12837657520.00,0
17229,12837668400.00,4
17230,12837679240.00,4
17231,12837690080.00,B
17232,12837700920.00,A
17233,12837711760.00,7
17234,12837722600.00,9
17235,12837733480.00,E
17236,12837744320.00,1
17237,12837755160.00,9
17238,12837766000.00,1
17239,12837776880.00,8
17240,12837787720.00,3
17241,12837798560.00,A
17242,12837809400.00,F
17243,12837820240.00,4
17244,12837831120.00,E
17245,12837841960.00,7
17246,12837852800.00,E
17247,12837863640.00,D
17248,12837874480.00,1
17249,12837885360.00,2
17250,12837896200.00,4
17251,12837907040.00,2
17252,12837917880.00,C
17253,12837928720.00,0
17254,12837939560.00,9
17255,12837950440.00,F
17256,12837961280.00,7
17257,12837972120.00,4
17258,12837982960.00,7
17259,12837993840.00,D
17260,12838004680.00,7
17261,12838015520.00,7
17262,12838026360.00,2
17263,12838037200.00,6
17264,12838048080.00,9
17265,12838058920.00,5
17266,12838069760.00,F
17267,12838080600.00,[0D]
17268,12838091440.00,[0A]
17269,12898893520.00,[0D]
17270,12898904360.00,[0A]
17271,12898915200.00,+
17272,12898926040.00,M
17273,12898936920.00,I
17274,12898947760.00,P
17275,12898958600.00,U
17276,12898969440.00,R
17277,12898980280.00,C
17278,12898991160.00,:
17279,12899002000.00,[20]
17280,12899012840.00,"
17281,12899023680.00,r
17282,12899034520.00,t
17283,12899045400.00,c
17284,12899056240.00,p
17285,12899067080.00,"
17286,12899077920.00,,
17287,12899088760.00,0
17288,12899099640.00,,
17289,12899110480.00,2
17290,12899121320.00,2
17291,12899132160.00,2
17292,12899143000.00,,
17293,12899153880.00,8
17294,12899164720.00,2
17295,12899175560.00,7
17296,12899186400.00,E
17297,12899197240.00,0
17298,12899208120.00,0
17299,12899218960.00,D
17300,12899229800.00,A
17301,12899240640.00,0
17302,12899251480.00,0
17303,12899262360.00,0
17304,12899273200.00,0
17305,12899284040.00,0
17306,12899294880.00,0
17307,12899305720.00,D
17308,12899316600.00,6
17309,12899327440.00,6
17310,12899338280.00,B
17311,12899349120.00,8
17312,12899359960.00,3
17313,12899370840.00,4
17314,12899381680.00,9
17315,12899392520.00,4
17316,12899403360.00,6
17317,12899414200.00,B
17318,12899425080.00,8
17319,12899435920.00,1
17320,12899446760.00,5
17321,12899457600.00,F
17322,12899468440.00,5
17323,12899479320.00,8
17324,12899490160.00,6
17325,12899501000.00,6
17326,12899511840.00,1
17327,12899522680.00,0
17328,12899533560.00,F
17329,12899544400.00,A
17330,12899555240.00,F
17331,12899566080.00,A
17332,12899576920.00,D
17333,12899587800.00,4
17334,12899598640.00,F
17335,12899609480.00,7
17336,12899620320.00,D
17337,12899631160.00,1
17338,12899642040.00,E
17339,12899652880.00,2
17340,12899663720.00,A
17341,12899674560.00,5
17342,12899685400.00,7
17343,12899696280.00,3
17344,12899707120.00,7
17345,12899717960.00,5
17346,12899728800.00,7
17347,12899739640.00,A
17348,12899750520.00,6
17349,12899761360.00,E
17350,12899772200.00,3
17351,12899783040.00,D
17352,12899793880.00,3
17353,12899804760.00,6
17354,12899815600.00,9
17355,12899826440.00,B
17356,12899837280.00,A
17357,12899848120.00,9
17358,12899859000.00,A
17359,12899869840.00,C
17360,12899880680.00,5
17361,12899891520.00,C
17362,12899902360.00,D
17363,12899913240.00,0
17364,12899924080.00,3
17365,12899934920.00,5
17366,12899945760.00,4
17367,12899956600.00,3
17368,12899967480.00,9
17369,12899978320.00,4
17370,12899989160.00,5
17371,12900000000.00,3
17372,12900010840.00,4
17373,12900021720.00,F
17374,12900032560.00,3
17375,12900043400.00,7
17376,12900054240.00,5
17377,12900065080.00,B
17378,12900075960.00,D
17379,12900086800.00,6
17380,12900097640.00,D
17381,12900108480.00,D
17382,12900119360.00,5
17383,12900130200.00,F
17384,12900141040.00,0
17385,12900151880.00,4
17386,12900162720.00,2
17387,12900173560.00,6
17388,12900184440.00,6
17389,12900195280.00,A
17390,12900206120.00,3
17391,12900216960.00,5
17392,12900227800.00,A
17393,12900238680.00,8
17394,12900249520.00,5
17395,12900260360.00,7
17396,12900271200.00,7
17397,12900282040.00,7
17398,12900292920.00,1
17399,12900303760.00,E
17400,12900314600.00,3
17401,12900325440.00,3
17402,12900336280.00,8
17403,12900347160.00,0
17404,12900358000.00,D
17405,12900368840.00,2
17406,12900379680.00,D
17407,12900390520.00,2
17408,12900401400.00,0
17409,12900412240.00,B
17410,12900423080.00,1
17411,12900433920.00,E
17412,12900444760.00,D
17413,12900455640.00,9
17414,12900466480.00,7
17415,12900477320.00,B
17416,12900488160.00,E
17417,12900499000.00,2
17418,12900509880.00,1
17419,12900520720.00,8
17420,12900531560.00,2
17421,12900542400.00,5
17422,12900553280.00,9
17423,12900564120.00,F
17424,12900574960.00,0
17425,12900585800.00,0
17426,12900596640.00,A
17427,12900607480.00,3
17428,12900618360.00,D
17429,12900629200.00,4
17430,12900640040.00,B
17431,12900650880.00,0
17432,12900661720.00,B
17433,12900672600.00,2
17434,12900683440.00,2
17435,12900694280.00,F
17436,12900705120.00,3
17437,12900715960.00,B
17438,12900726840.00,A
17439,12900737680.00,3
17440,12900748520.00,E
17441,12900759360.00,8
17442,12900770240.00,6
17443,12900781080.00,0
17444,12900791920.00,B
17445,12900802760.00,2
17446,12900813600.00,4
17447,12900824440.00,6
17448,12900835320.00,B
17449,12900846160.00,E
17450,12900857000.00,5
17451,12900867840.00,0
17452,12900878680.00,B
17453,12900889560.00,2
17454,12900900400.00,F
17455,12900911240.00,C
17456,12900922080.00,6
17457,12900932920.00,B
17458,12900943800.00,8
17459,12900954640.00,9
17460,12900965480.00,C
17461,12900976320.00,7
17462,12900987200.00,C
17463,12900998040.00,B
17464,12901008880.00,8
17465,12901019720.00,B
17466,12901030560.00,0
17467,12901041400.00,E
17468,12901052280.00,D
17469,12901063120.00,3
17470,12901073960.00,4
17471,12901084800.00,D
17472,12901095640.00,7
17473,12901106520.00,B
17474,12901117360.00,8
17475,12901128200.00,7
17476,12901139040.00,7
17477,12901149880.00,2
17478,12901160760.00,E
17479,12901171600.00,2
17480,12901182440.00,C
17481,12901193280.00,B
17482,12901204160.00,A
17483,12901215000.00,7
17484,12901225840.00,8
17485,12901236680.00,E
17486,12901247520.00,5
17487,12901258360.00,4
17488,12901269240.00,3
17489,12901280080.00,A
17490,12901290920.00,1
17491,12901301760.00,0
17492,12901312600.00,4
17493,12901323480.00,D
17494,12901334320.00,4
17495,12901345160.00,0
17496,12901356000.00,D
17497,12901366840.00,1
17498,12901377720.00,4
17499,12901388560.00,A
17500,12901399400.00,9
17501,12901410240.00,F
17502,12901421120.00,A
17503,12901431960.00,2
17504,12901442800.00,3
17505,12901453640.00,0
17506,12901464480.00,D
17507,12901475360.00,A
17508,12901486200.00,6
17509,12901497040.00,8
17510,12901507880.00,4
17511,12901518720.00,C
17512,12901529560.00,6
17513,12901540440.00,1
17514,12901551280.00,3
17515,12901562120.00,5
17516,12901572960.00,5
17517,12901583800.00,C
17518,12901594680.00,E
17519,12901605520.00,7
17520,12901616360.00,3
17521,12901627200.00,4
17522,12901638080.00,E
17523,12901648920.00,5
17524,12901659760.00,3
17525,12901670600.00,5
17526,12901681440.00,2
17527,12901692320.00,D
17528,12901703160.00,1
17529,12901714000.00,5
17530,12901724840.00,0
17531,12901735680.00,D
17532,12901746520.00,D
17533,12901757400.00,7
17534,12901768240.00,9
17535,12901779080.00,8
17536,12901789920.00,E
17537,12901800760.00,E
17538,12901811640.00,4
17539,12901822480.00,4
17540,12901833320.00,4
17541,12901844160.00,4
17542,12901855040.00,5
17543,12901865880.00,1
17544,12901876720.00,A
17545,12901887560.00,F
17546,12901898400.00,B
17547,12901909280.00,2
17548,12901920120.00,C
17549,12901930960.00,1
17550,12901941800.00,8
17551,12901952640.00,2
17552,12901963480.00,D
17553,12901974360.00,2
17554,12901985200.00,C
17555,12901996040.00,9
17556,12902006880.00,E
17557,12902017720.00,C
17558,12902028600.00,4
17559,12902039440.00,B
17560,12902050280.00,C
17561,12902061120.00,F
17562,12902072000.00,F
17563,12902082840.00,C
17564,12902093680.00,5
17565,12902104520.00,4
17566,12902115360.00,D
17567,12902126240.00,A
17568,12902137080.00,B
17569,12902147920.00,F
17570,12902158760.00,E
17571,12902169600.00,E
17572,12902180480.00,5
17573,12902191320.00,5
17574,12902202160.00,0
17575,12902213000.00,4
17576,12902223840.00,6
17577,12902234680.00,3
17578,12902245560.00,7
17579,12902256400.00,B
17580,12902267240.00,D
17581,12902278080.00,4
17582,12902288960.00,3
17583,12902299800.00,8
17584,12902310640.00,3
17585,12902321480.00,1
17586,12902332320.00,2
17587,12902343200.00,1
17588,12902354040.00,B
17589,12902364880.00,F
17590,12902375720.00,4
17591,12902386560.00,7
17592,12902397400.00,C
17593,12902408280.00,7
17594,12902419120.00,8
17595,12902429960.00,3
17596,12902440800.00,6
17597,12902451640.00,F
17598,12902462520.00,2
17599,12902473360.00,3
17600,12902484200.00,6
17601,12902495040.00,9
17602,12902505920.00,F
17603,12902516760.00,B
17604,12902527600.00,9
17605,12902538440.00,A
17606,12902549280.00,9
17607,12902560160.00,E
17608,12902571000.00,5
17609,12902581840.00,F
17610,12902592680.00,7
17611,12902603520.00,1
17612,12902614400.00,3
17613,12902625240.00,3
17614,12902636080.00,8
17615,12902646920.00,D
17616,12902657760.00,4
17617,12902668600.00,9
17618,12902679480.00,7
17619,12902690320.00,7
17620,12902701160.00,A
17621,12902712000.00,5
17622,12902722880.00,3
17623,12902733720.00,4
17624,12902744560.00,D
17625,12902755400.00,3
17626,12902766240.00,A
17627,12902777120.00,5
17628,12902787960.00,0
17629,12902798800.00,F
17630,12902809640.00,7
17631,12902820480.00,6
17632,12902831360.00,D
17633,12902842200.00,4
17634,12902853040.00,2
17635,12902863880.00,7
17636,12902874720.00,0
17637,12902885560.00,9
17638,12902896440.00,5
17639,12902907280.00,F
17640,12902918120.00,9
17641,12902928960.00,E
17642,12902939840.00,B
17643,12902950680.00,6
17644,12902961520.00,3
17645,12902972360.00,B
17646,12902983200.00,3
17647,12902994080.00,0
17648,12903004920.00,3
17649,12903015760.00,3
17650,12903026600.00,B
17651,12903037440.00,8
17652,12903048320.00,6
17653,12903059160.00,C
17654,12903070000.00,6
17655,12903080840.00,7
17656,12903091680.00,C
17657,12903102520.00,E
17658,12903113400.00,8
17659,12903124240.00,A
17660,12903135080.00,B
17661,12903145920.00,4
17662,12903156800.00,4
17663,12903167640.00,9
17664,12903178480.00,4
17665,12903189320.00,1
17666,12903200160.00,5
17667,12903211040.00,B
17668,12903221880.00,D
17669,12903232720.00,D
17670,12903243560.00,3
17671,12903254400.00,5
17672,12903265280.00,D
17673,12903276120.00,1
17674,12903286960.00,B
17675,12903297800.00,3
17676,12903308640.00,C
17677,12903319520.00,C
17678,12903330360.00,8
17679,12903341200.00,B
17680,12903352040.00,3
17681,12903362880.00,6
17682,12903373760.00,E
17683,12903384600.00,B
17684,12903395440.00,8
17685,12903406280.00,7
17686,12903417120.00,6
17687,12903428000.00,5
17688,12903438840.00,4
17689,12903449680.00,9
17690,12903460520.00,7
17691,12903471360.00,1
17692,12903482240.00,7
17693,12903493080.00,D
17694,12903503920.00,6
17695,12903514760.00,9
17696,12903525600.00,3
17697,12903536480.00,9
17698,12903547320.00,A
17699,12903558160.00,7
17700,12903569000.00,7
17701,12903579840.00,2
17702,12903590720.00,5
17703,12903601560.00,6
17704,12903612400.00,5
17705,12903623240.00,3
17706,12903634080.00,F
17707,12903644960.00,8
17708,12903655800.00,2
17709,12903666640.00,1
17710,12903677480.00,1
17711,12903688320.00,B
17712,12903699200.00,1
17713,12903710040.00,B
17714,12903720880.00,D
17715,12903731720.00,1
17716,12903742560.00,E
17717,12903753440.00,2
17718,12903764280.00,9
17719,12903775120.00,5
17720,12903785960.00,A
17721,12903796800.00,5
17722,12903807680.00,B
17723,12903818520.00,9
17724,12903829360.00,E
17725,12903840200.00,A
17726,12903851040.00,A
17727,12903861920.00,9
17728,12903872760.00,8
17729,12903883600.00,E
17730,12903894440.00,F
17731,12903905280.00,0
17732,12903916160.00,3
17733,12903927000.00,B
17734,12903937840.00,A
17735,12903948680.00,4
17736,12903959520.00,7
17737,12903970400.00,[0D]
17738,12903981240.00,[0A]
17739,12952773440.00,[0D]
17740,12952784280.00,[0A]
17741,12952795160.00,+
17742,12952806000.00,M
17743,12952816840.00,I
17744,12952827680.00,P
17745,12952838520.00,U
17746,12952849400.00,R
17747,12952860240.00,C
17748,12952871080.00,:
17749,12952881920.00,[20]
17750,12952892800.00,"
17751,12952903640.00,r
17752,12952914480.00,t
17753,12952925320.00,c
17754,12952936160.00,p
17755,12952947000.00,"
17756,12952957880.00,,
17757,12952968720.00,0
17758,12952979560.00,,
17759,12952990400.00,2
17760,12953001240.00,0
17761,12953012120.00,7
17762,12953022960.00,,
17763,12953033800.00,8
17764,12953044640.00,2
17765,12953055480.00,7
17766,12953066360.00,E
17767,12953077200.00,0
17768,12953088040.00,0
17769,12953098880.00,C
17770,12953109720.00,B
17771,12953120600.00,0
17772,12953131440.00,0
17773,12953142280.00,0
17774,12953153120.00,0
17775,12953163960.00,0
17776,12953174840.00,0
17777,12953185680.00,C
17778,12953196520.00,7
17779,12953207360.00,6
17780,12953218200.00,B
17781,12953229080.00,8
17782,12953239920.00,3
17783,12953250760.00,3
17784,12953261600.00,F
17785,12953272440.00,3
17786,12953283320.00,F
17787,12953294160.00,B
17788,12953305000.00,A
17789,12953315840.00,5
17790,12953326720.00,7
17791,12953337560.00,9
17792,12953348400.00,B
17793,12953359240.00,6
17794,12953370080.00,8
17795,12953380920.00,F
17796,12953391800.00,0
17797,12953402640.00,F
17798,12953413480.00,2
17799,12953424320.00,B
17800,12953435160.00,E
17801,12953446040.00,C
17802,12953456880.00,D
17803,12953467720.00,0
17804,12953478560.00,4
17805,12953489400.00,3
17806,12953500280.00,C
17807,12953511120.00,4
17808,12953521960.00,1
17809,12953532800.00,5
17810,12953543680.00,E
17811,12953554520.00,8
17812,12953565360.00,B
17813,12953576200.00,5
17814,12953587040.00,B
17815,12953597880.00,E
17816,12953608760.00,8
17817,12953619600.00,A
17818,12953630440.00,1
17819,12953641280.00,6
17820,12953652120.00,2
17821,12953663000.00,D
17822,12953673840.00,E
17823,12953684680.00,D
17824,12953695520.00,9
17825,12953706360.00,5
17826,12953717240.00,4
17827,12953728080.00,8
17828,12953738920.00,2
17829,12953749760.00,6
17830,12953760640.00,D
17831,12953771480.00,D
17832,12953782320.00,C
17833,12953793160.00,5
17834,12953804000.00,B
17835,12953814840.00,3
17836,12953825720.00,9
17837,12953836560.00,4
17838,12953847400.00,D
17839,12953858240.00,8
17840,12953869080.00,6
17841,12953879960.00,E
17842,12953890800.00,0
17843,12953901640.00,0
17844,12953912480.00,B
17845,12953923320.00,F
17846,12953934200.00,E
17847,12953945040.00,1
17848,12953955880.00,F
17849,12953966720.00,D
17850,12953977600.00,E
17851,12953988440.00,F
17852,12953999280.00,C
17853,12954010120.00,D
17854,12954020960.00,8
17855,12954031800.00,8
17856,12954042680.00,1
17857,12954053520.00,2
17858,12954064360.00,5
17859,12954075200.00,C
17860,12954086040.00,0
17861,12954096920.00,2
17862,12954107760.00,A
17863,12954118600.00,C
17864,12954129440.00,4
17865,12954140280.00,9
17866,12954151160.00,2
17867,12954162000.00,C
17868,12954172840.00,C
17869,12954183680.00,2
17870,12954194560.00,3
17871,12954205400.00,6
17872,12954216240.00,0
17873,12954227080.00,B
17874,12954237920.00,F
17875,12954248760.00,D
17876,12954259640.00,6
17877,12954270480.00,B
17878,12954281320.00,5
17879,12954292160.00,A
17880,12954303000.00,6
17881,12954313880.00,7
17882,12954324720.00,0
17883,12954335560.00,0
17884,12954346400.00,7
17885,12954357240.00,7
17886,12954368120.00,4
17887,12954378960.00,3
17888,12954389800.00,F
17889,12954400640.00,A
17890,12954411520.00,2
17891,12954422360.00,6
17892,12954433200.00,0
17893,12954444040.00,8
17894,12954454880.00,4
17895,12954465760.00,4
17896,12954476600.00,8
17897,12954487440.00,0
17898,12954498280.00,1
17899,12954509120.00,6
17900,12954519960.00,5
17901,12954530840.00,6
17902,12954541680.00,B
17903,12954552520.00,F
17904,12954563360.00,D
17905,12954574200.00,E
17906,12954585080.00,D
17907,12954595920.00,8
17908,12954606760.00,A
17909,12954617600.00,9
17910,12954628480.00,D
17911,12954639320.00,C
17912,12954650160.00,5
17913,12954661000.00,B
17914,12954671840.00,8
17915,12954682720.00,B
17916,12954693560.00,0
17917,12954704400.00,D
17918,12954715240.00,5
17919,12954726080.00,9
17920,12954736920.00,3
17921,12954747800.00,8
17922,12954758640.00,0
17923,12954769480.00,4
17924,12954780320.00,8
17925,12954791160.00,9
17926,12954802040.00,C
17927,12954812880.00,A
17928,12954823720.00,4
17929,12954834560.00,D
17930,12954845440.00,3
17931,12954856280.00,C
17932,12954867120.00,E
17933,12954877960.00,4
17934,12954888800.00,F
17935,12954899680.00,5
17936,12954910520.00,E
17937,12954921360.00,2
17938,12954932200.00,D
17939,12954943040.00,4
17940,12954953880.00,9
17941,12954964760.00,F
17942,12954975600.00,8
17943,12954986440.00,A
17944,12954997280.00,8
17945,12955008120.00,4
17946,12955019000.00,E
17947,12955029840.00,C
17948,12955040680.00,D
17949,12955051520.00,C
17950,12955062400.00,7
17951,12955073240.00,9
17952,12955084080.00,6
17953,12955094920.00,F
17954,12955105760.00,2
17955,12955116640.00,4
17956,12955127480.00,8
17957,12955138320.00,6
17958,12955149160.00,0
17959,12955160000.00,6
17960,12955170840.00,0
17961,12955181720.00,8
17962,12955192560.00,8
17963,12955203400.00,D
17964,12955214240.00,C
17965,12955225080.00,7
17966,12955235960.00,F
17967,12955246800.00,1
17968,12955257640.00,B
17969,12955268480.00,9
17970,12955279360.00,2
17971,12955290200.00,E
17972,12955301040.00,8
17973,12955311880.00,B
17974,12955322720.00,C
17975,12955333600.00,5
17976,12955344440.00,6
17977,12955355280.00,C
17978,12955366120.00,E
17979,12955376960.00,1
17980,12955387840.00,5
17981,12955398680.00,9
17982,12955409520.00,F
17983,12955420360.00,0
17984,12955431200.00,3
17985,12955442040.00,B
17986,12955452920.00,3
17987,12955463760.00,E
17988,12955474600.00,5
17989,12955485440.00,1
17990,12955496320.00,9
17991,12955507160.00,D
17992,12955518000.00,7
17993,12955528840.00,4
17994,12955539680.00,B
17995,12955550560.00,5
17996,12955561400.00,D
17997,12955572240.00,B
17998,12955583080.00,6
17999,12955593920.00,E
18000,12955604800.00,E
18001,12955615640.00,7
18002,12955626480.00,4
18003,12955637320.00,C
18004,12955648160.00,0
18005,12955659000.00,2
18006,12955669880.00,7
18007,12955680720.00,A
18008,12955691560.00,6
18009,12955702400.00,4
18010,12955713280.00,3
18011,12955724120.00,0
18012,12955734960.00,1
18013,12955745800.00,9
18014,12955756640.00,9
18015,12955767520.00,3
18016,12955778360.00,D
18017,12955789200.00,A
18018,12955800040.00,E
18019,12955810880.00,5
18020,12955821760.00,0
18021,12955832600.00,B
18022,12955843440.00,7
18023,12955854280.00,E
18024,12955865120.00,C
18025,12955875960.00,8
18026,12955886840.00,5
18027,12955897680.00,7
18028,12955908520.00,8
18029,12955919360.00,5
18030,12955930240.00,F
18031,12955941080.00,D
18032,12955951920.00,1
18033,12955962760.00,8
18034,12955973600.00,D
18035,12955984480.00,F
18036,12955995320.00,5
18037,12956006160.00,8
18038,12956017000.00,D
18039,12956027840.00,B
18040,12956038720.00,7
18041,12956049560.00,8
18042,12956060400.00,5
18043,12956071240.00,0
18044,12956082080.00,8
18045,12956092920.00,8
18046,12956103800.00,C
18047,12956114640.00,B
18048,12956125480.00,2
18049,12956136320.00,2
18050,12956147200.00,B
18051,12956158040.00,7
18052,12956168880.00,4
18053,12956179720.00,2
18054,12956190560.00,1
18055,12956201440.00,1
18056,12956212280.00,5
18057,12956223120.00,B
18058,12956233960.00,9
18059,12956244800.00,8
18060,12956255680.00,B
18061,12956266520.00,8
18062,12956277360.00,2
18063,12956288200.00,1
18064,12956299040.00,7
18065,12956309880.00,E
18066,12956320760.00,6
18067,12956331600.00,4
18068,12956342440.00,5
18069,12956353280.00,9
18070,12956364160.00,1
18071,12956375000.00,6
18072,12956385840.00,E
18073,12956396680.00,A
18074,12956407520.00,B
18075,12956418400.00,1
18076,12956429240.00,C
18077,12956440080.00,C
18078,12956450920.00,E
18079,12956461760.00,E
18080,12956472640.00,0
18081,12956483480.00,8
18082,12956494320.00,3
18083,12956505160.00,0
18084,12956516000.00,C
18085,12956526880.00,A
18086,12956537720.00,3
18087,12956548560.00,D
18088,12956559400.00,7
18089,12956570240.00,8
18090,12956581120.00,0
18091,12956591960.00,0
18092,12956602800.00,D
18093,12956613640.00,0
18094,12956624480.00,A
18095,12956635360.00,8
18096,12956646200.00,4
18097,12956657040.00,4
18098,12956667880.00,E
18099,12956678720.00,1
18100,12956689600.00,7
18101,12956700440.00,0
18102,12956711280.00,E
18103,12956722120.00,C
18104,12956732960.00,1
18105,12956743840.00,6
18106,12956754680.00,0
18107,12956765520.00,4
18108,12956776360.00,C
18109,12956787200.00,3
18110,12956798080.00,8
18111,12956808920.00,0
18112,12956819760.00,E
18113,12956830600.00,0
18114,12956841440.00,D
18115,12956852320.00,0
18116,12956863160.00,F
18117,12956874000.00,7
18118,12956884840.00,9
18119,12956895680.00,B
18120,12956906560.00,5
18121,12956917400.00,0
18122,12956928240.00,A
18123,12956939080.00,9
18124,12956949920.00,6
18125,12956960800.00,5
18126,12956971640.00,1
18127,12956982480.00,5
18128,12956993320.00,5
18129,12957004160.00,A
18130,12957015040.00,2
18131,12957025880.00,7
18132,12957036720.00,E
18133,12957047560.00,9
18134,12957058400.00,7
18135,12957069280.00,8
18136,12957080120.00,C
18137,12957090960.00,A
18138,12957101800.00,A
18139,12957112640.00,F
18140,12957123520.00,0
18141,12957134360.00,3
18142,12957145200.00,6
18143,12957156040.00,B
18144,12957166880.00,E
18145,12957177760.00,0
18146,12957188600.00,E
18147,12957199440.00,D
18148,12957210280.00,9
18149,12957221120.00,9
18150,12957232000.00,9
18151,12957242840.00,F
18152,12957253680.00,A
18153,12957264520.00,F
18154,12957275360.00,0
18155,12957286240.00,A
18156,12957297080.00,2
18157,12957307920.00,D
18158,12957318760.00,7
18159,12957329600.00,9
18160,12957340480.00,6
18161,12957351320.00,1
18162,12957362160.00,3
18163,12957373000.00,8
18164,12957383840.00,9
18165,12957394720.00,8
18166,12957405560.00,8
18167,12957416400.00,0
18168,12957427240.00,3
18169,12957438080.00,6
18170,12957448960.00,9
18171,12957459800.00,1
18172,12957470640.00,C
18173,12957481480.00,2
18174,12957492320.00,7
18175,12957503200.00,4
18176,12957514040.00,A
18177,12957524880.00,[0D]
18178,12957535720.00,[0A]
18179,13019741520.00,[0D]
18180,13019752360.00,[0A]
18181,13019763240.00,+
18182,13019774080.00,M
18183,13019784920.00,I
18184,13019795760.00,P
18185,13019806600.00,U
18186,13019817440.00,R
18187,13019828320.00,C
18188,13019839160.00,:
18189,13019850000.00,[20]
18190,13019860840.00,"
18191,13019871680.00,r
18192,13019882560.00,t
18193,13019893400.00,c
18194,13019904240.00,p
18195,13019915080.00,"
18196,13019925920.00,,
18197,13019936800.00,0
18198,13019947640.00,,
18199,13019958480.00,2
18200,13019969320.00,0
18201,13019980200.00,5
18202,13019991040.00,,
18203,13020001880.00,8
18204,13020012720.00,2
18205,13020023560.00,7
18206,13020034400.00,E
18207,13020045280.00,0
18208,13020056120.00,0
18209,13020066960.00,C
18210,13020077800.00,9
18211,13020088640.00,0
18212,13020099520.00,0
18213,13020110360.00,0
18214,13020121200.00,0
18215,13020132040.00,0
18216,13020142880.00,0
18217,13020153760.00,C
18218,13020164600.00,5
18219,13020175440.00,6
18220,13020186280.00,B
18221,13020197160.00,8
18222,13020208000.00,3
18223,13020218840.00,4
18224,13020229680.00,2
18225,13020240520.00,3
18226,13020251360.00,F
18227,13020262240.00,B
18228,13020273080.00,6
18229,13020283920.00,B
18230,13020294760.00,E
18231,13020305600.00,B
18232,13020316480.00,9
18233,13020327320.00,A
18234,13020338160.00,B
18235,13020349000.00,0
18236,13020359840.00,3
18237,13020370720.00,9
18238,13020381560.00,A
18239,13020392400.00,5
18240,13020403240.00,2
18241,13020414120.00,C
18242,13020424960.00,9
18243,13020435800.00,D
18244,13020446640.00,C
18245,13020457480.00,7
18246,13020468320.00,1
18247,13020479200.00,B
18248,13020490040.00,E
18249,13020500880.00,1
18250,13020511720.00,8
18251,13020522560.00,4
18252,13020533440.00,2
18253,13020544280.00,C
18254,13020555120.00,5
18255,13020565960.00,C
18256,13020576800.00,6
18257,13020587680.00,5
18258,13020598520.00,7
18259,13020609360.00,1
18260,13020620200.00,D
18261,13020631080.00,8
18262,13020641920.00,3
18263,13020652760.00,0
18264,13020663600.00,B
18265,13020674440.00,E
18266,13020685280.00,A
18267,13020696160.00,D
18268,13020707000.00,1
18269,13020717840.00,8
18270,13020728680.00,9
18271,13020739520.00,7
18272,13020750400.00,F
18273,13020761240.00,B
18274,13020772080.00,7
18275,13020782920.00,B
18276,13020793760.00,F
18277,13020804640.00,8
18278,13020815480.00,1
18279,13020826320.00,9
18280,13020837160.00,2
18281,13020848040.00,1
18282,13020858880.00,C
18283,13020869720.00,6
18284,13020880560.00,B
18285,13020891400.00,4
18286,13020902280.00,0
18287,13020913120.00,0
18288,13020923960.00,9
18289,13020934800.00,B
18290,13020945640.00,3
18291,13020956480.00,6
18292,13020967360.00,3
18293,13020978200.00,4
18294,13020989040.00,8
18295,13020999880.00,1
18296,13021010720.00,9
18297,13021021600.00,B
18298,13021032440.00,1
18299,13021043280.00,9
18300,13021054120.00,5
18301,13021065000.00,8
18302,13021075840.00,3
18303,13021086680.00,D
18304,13021097520.00,D
18305,13021108360.00,D
18306,13021119240.00,4
18307,13021130080.00,6
18308,13021140920.00,D
18309,13021151760.00,0
18310,13021162600.00,6
18311,13021173440.00,0
18312,13021184320.00,2
18313,13021195160.00,1
18314,13021206000.00,C
18315,13021216840.00,A
18316,13021227680.00,7
18317,13021238560.00,8
18318,13021249400.00,5
18319,13021260240.00,8
18320,13021271080.00,E
18321,13021281960.00,D
18322,13021292800.00,C
18323,13021303640.00,C
18324,13021314480.00,F
18325,13021325320.00,4
18326,13021336200.00,1
18327,13021347040.00,4
18328,13021357880.00,A
18329,13021368720.00,8
18330,13021379560.00,2
18331,13021390400.00,6
18332,13021401280.00,5
18333,13021412120.00,7
18334,13021422960.00,E
18335,13021433800.00,C
18336,13021444640.00,D
18337,13021455520.00,1
18338,13021466360.00,7
18339,13021477200.00,8
18340,13021488040.00,5
18341,13021498920.00,4
18342,13021509760.00,6
18343,13021520600.00,2
18344,13021531440.00,7
18345,13021542280.00,1
18346,13021553160.00,3
18347,13021564000.00,6
18348,13021574840.00,7
18349,13021585680.00,B
18350,13021596520.00,1
18351,13021607360.00,B
18352,13021618240.00,3
18353,13021629080.00,E
18354,13021639920.00,1
18355,13021650760.00,1
18356,13021661600.00,D
18357,13021672480.00,D
18358,13021683320.00,3
18359,13021694160.00,B
18360,13021705000.00,5
18361,13021715880.00,A
18362,13021726720.00,B
18363,13021737560.00,8
18364,13021748400.00,A
18365,13021759240.00,1
18366,13021770120.00,C
18367,13021780960.00,C
18368,13021791800.00,F
18369,13021802640.00,6
18370,13021813480.00,C
18371,13021824360.00,3
18372,13021835200.00,4
18373,13021846040.00,6
18374,13021856880.00,F
18375,13021867720.00,2
18376,13021878560.00,8
18377,13021889440.00,F
18378,13021900280.00,E
18379,13021911120.00,3
18380,13021921960.00,7
18381,13021932840.00,3
18382,13021943680.00,7
18383,13021954520.00,7
18384,13021965360.00,7
18385,13021976200.00,5
18386,13021987080.00,B
18387,13021997920.00,3
18388,13022008760.00,0
18389,13022019600.00,C
18390,13022030440.00,1
18391,13022041320.00,E
18392,13022052160.00,7
18393,13022063000.00,5
18394,13022073840.00,4
18395,13022084680.00,4
18396,13022095520.00,8
18397,13022106400.00,B
18398,13022117240.00,9
18399,13022128080.00,4
18400,13022138920.00,6
18401,13022149800.00,D
18402,13022160640.00,B
18403,13022171480.00,C
18404,13022182320.00,1
18405,13022193160.00,B
18406,13022204040.00,A
18407,13022214880.00,C
18408,13022225720.00,F
18409,13022236560.00,7
18410,13022247400.00,E
18411,13022258280.00,1
18412,13022269120.00,8
18413,13022279960.00,B
18414,13022290800.00,4
18415,13022301640.00,2
18416,13022312480.00,4
18417,13022323360.00,9
18418,13022334200.00,F
18419,13022345040.00,A
18420,13022355880.00,F
18421,13022366760.00,A
18422,13022377600.00,E
18423,13022388440.00,F
18424,13022399280.00,A
18425,13022410120.00,2
18426,13022421000.00,8
18427,13022431840.00,0
18428,13022442680.00,1
18429,13022453520.00,A
18430,13022464360.00,E
18431,13022475240.00,8
18432,13022486080.00,D
18433,13022496920.00,B
18434,13022507760.00,D
18435,13022518600.00,B
18436,13022529480.00,A
18437,13022540320.00,C
18438,13022551160.00,2
18439,13022562000.00,C
18440,13022572840.00,C
18441,13022583720.00,A
18442,13022594560.00,2
18443,13022605400.00,1
18444,13022616240.00,8
18445,13022627080.00,6
18446,13022637960.00,B
18447,13022648800.00,F
18448,13022659640.00,9
18449,13022670480.00,6
18450,13022681320.00,4
18451,13022692200.00,C
18452,13022703040.00,8
18453,13022713880.00,B
18454,13022724720.00,1
18455,13022735560.00,A
18456,13022746440.00,4
18457,13022757280.00,9
18458,13022768120.00,A
18459,13022778960.00,0
18460,13022789800.00,2
18461,13022800680.00,1
18462,13022811520.00,F
18463,13022822360.00,7
18464,13022833200.00,C
18465,13022844040.00,1
18466,13022854920.00,8
18467,13022865760.00,1
18468,13022876600.00,D
18469,13022887440.00,5
18470,13022898280.00,6
18471,13022909160.00,C
18472,13022920000.00,E
18473,13022930840.00,A
18474,13022941680.00,6
18475,13022952520.00,3
18476,13022963400.00,2
18477,13022974240.00,C
18478,13022985080.00,6
18479,13022995920.00,D
18480,13023006760.00,B
18481,13023017640.00,0
18482,13023028480.00,7
18483,13023039320.00,5
18484,13023050160.00,B
18485,13023061000.00,A
18486,13023071880.00,E
18487,13023082720.00,4
18488,13023093560.00,C
18489,13023104400.00,6
18490,13023115240.00,0
18491,13023126120.00,1
18492,13023136960.00,2
18493,13023147800.00,7
18494,13023158640.00,4
18495,13023169480.00,5
18496,13023180360.00,C
18497,13023191200.00,7
18498,13023202040.00,3
18499,13023212880.00,1
18500,13023223720.00,2
18501,13023234600.00,F
18502,13023245440.00,4
18503,13023256280.00,F
18504,13023267120.00,D
18505,13023277960.00,8
18506,13023288840.00,6
18507,13023299680.00,C
18508,13023310520.00,7
18509,13023321360.00,A
18510,13023332200.00,4
18511,13023343080.00,2
18512,13023353920.00,F
18513,13023364760.00,0
18514,13023375600.00,D
18515,13023386440.00,3
18516,13023397320.00,6
18517,13023408160.00,F
18518,13023419000.00,2
18519,13023429840.00,5
18520,13023440680.00,7
18521,13023451560.00,2
18522,13023462400.00,A
18523,13023473240.00,5
18524,13023484080.00,5
18525,13023494920.00,3
18526,13023505800.00,5
18527,13023516640.00,0
18528,13023527480.00,B
18529,13023538320.00,B
18530,13023549160.00,7
18531,13023560040.00,8
18532,13023570880.00,7
18533,13023581720.00,D
18534,13023592560.00,5
18535,13023603400.00,F
18536,13023614280.00,B
18537,13023625120.00,0
18538,13023635960.00,C
18539,13023646800.00,5
18540,13023657640.00,F
18541,13023668520.00,D
18542,13023679360.00,4
18543,13023690200.00,8
18544,13023701040.00,F
18545,13023711880.00,D
18546,13023722760.00,D
18547,13023733600.00,1
18548,13023744440.00,2
18549,13023755280.00,F
18550,13023766120.00,F
18551,13023777000.00,9
18552,13023787840.00,A
18553,13023798680.00,D
18554,13023809520.00,C
18555,13023820360.00,D
18556,13023831240.00,0
18557,13023842080.00,9
18558,13023852920.00,3
18559,13023863760.00,7
18560,13023874600.00,8
18561,13023885480.00,4
18562,13023896320.00,2
18563,13023907160.00,1
18564,13023918000.00,D
18565,13023928840.00,6
18566,13023939720.00,4
18567,13023950560.00,9
18568,13023961400.00,E
18569,13023972240.00,6
18570,13023983080.00,C
18571,13023993960.00,9
18572,13024004800.00,C
18573,13024015640.00,3
18574,13024026480.00,C
18575,13024037320.00,9
18576,13024048200.00,8
18577,13024059040.00,A
18578,13024069880.00,A
18579,13024080720.00,3
18580,13024091560.00,F
18581,13024102440.00,E
18582,13024113280.00,7
18583,13024124120.00,5
18584,13024134960.00,A
18585,13024145840.00,3
18586,13024156680.00,7
18587,13024167520.00,4
18588,13024178360.00,C
18589,13024189200.00,8
18590,13024200040.00,F
18591,13024210920.00,2
18592,13024221760.00,5
18593,13024232600.00,3
18594,13024243440.00,3
18595,13024254280.00,2
18596,13024265160.00,8
18597,13024276000.00,C
18598,13024286840.00,4
18599,13024297680.00,E
18600,13024308520.00,6
18601,13024319400.00,5
18602,13024330240.00,F
18603,13024341080.00,9
18604,13024351920.00,E
18605,13024362800.00,1
18606,13024373640.00,7
18607,13024384480.00,2
18608,13024395320.00,A
18609,13024406160.00,E
18610,13024417000.00,8
18611,13024427880.00,6
18612,13024438720.00,B
18613,13024449560.00,[0D]
18614,13024460400.00,[0A]
18615,13069671680.00,[0D]
18616,13069682560.00,[0A]
18617,13069693400.00,+
18618,13069704240.00,M
18619,13069715080.00,I
18620,13069725920.00,P
18621,13069736800.00,U
18622,13069747640.00,R
18623,13069758480.00,C
18624,13069769320.00,:
18625,13069780160.00,[20]
18626,13069791040.00,"
18627,13069801880.00,r
18628,13069812720.00,t
18629,13069823560.00,c
18630,13069834400.00,p
18631,13069845280.00,"
18632,13069856120.00,,
18633,13069866960.00,0
18634,13069877800.00,,
18635,13069888640.00,2
18636,13069899520.00,0
18637,13069910360.00,8
18638,13069921200.00,,
18639,13069932040.00,8
18640,13069942880.00,2
18641,13069953760.00,7
18642,13069964600.00,E
18643,13069975440.00,0
18644,13069986280.00,0
18645,13069997120.00,C
18646,13070008000.00,C
18647,13070018840.00,0
18648,13070029680.00,0
18649,13070040520.00,0
18650,13070051360.00,0
18651,13070062240.00,0
18652,13070073080.00,0
18653,13070083920.00,C
18654,13070094760.00,8
18655,13070105600.00,6
18656,13070116480.00,B
18657,13070127320.00,8
18658,13070138160.00,3
18659,13070149000.00,4
18660,13070159840.00,6
18661,13070170720.00,4
18662,13070181560.00,6
18663,13070192400.00,A
18664,13070203240.00,B
18665,13070214080.00,7
18666,13070224960.00,B
18667,13070235800.00,F
18668,13070246640.00,6
18669,13070257480.00,5
18670,13070268320.00,3
18671,13070279200.00,6
18672,13070290040.00,6
18673,13070300880.00,D
18674,13070311720.00,9
18675,13070322560.00,7
18676,13070333440.00,F
18677,13070344280.00,7
18678,13070355120.00,F
18679,13070365960.00,4
18680,13070376800.00,C
18681,13070387680.00,5
18682,13070398520.00,D
18683,13070409360.00,8
18684,13070420200.00,3
18685,13070431040.00,A
18686,13070441920.00,9
18687,13070452760.00,7
18688,13070463600.00,6
18689,13070474440.00,F
18690,13070485280.00,6
18691,13070496160.00,1
18692,13070507000.00,A
18693,13070517840.00,8
18694,13070528680.00,C
18695,13070539520.00,4
18696,13070550400.00,2
18697,13070561240.00,2
18698,13070572080.00,1
18699,13070582920.00,3
18700,13070593760.00,F
18701,13070604640.00,3
18702,13070615480.00,A
18703,13070626320.00,E
18704,13070637160.00,5
18705,13070648000.00,2
18706,13070658880.00,5
18707,13070669720.00,D
18708,13070680560.00,1
18709,13070691400.00,3
18710,13070702240.00,B
18711,13070713120.00,B
18712,13070723960.00,6
18713,13070734800.00,A
18714,13070745640.00,9
18715,13070756480.00,6
18716,13070767360.00,9
18717,13070778200.00,8
18718,13070789040.00,7
18719,13070799880.00,C
18720,13070810720.00,F
18721,13070821600.00,5
18722,13070832440.00,A
18723,13070843280.00,9
18724,13070854120.00,6
18725,13070864960.00,2
18726,13070875840.00,2
18727,13070886680.00,E
18728,13070897520.00,D
18729,13070908360.00,C
18730,13070919200.00,1
18731,13070930080.00,F
18732,13070940920.00,E
18733,13070951760.00,C
18734,13070962600.00,2
18735,13070973440.00,7
18736,13070984320.00,E
18737,13070995160.00,E
18738,13071006000.00,4
18739,13071016840.00,8
18740,13071027680.00,D
18741,13071038560.00,9
18742,13071049400.00,8
18743,13071060240.00,F
18744,13071071080.00,7
18745,13071081920.00,0
18746,13071092800.00,8
18747,13071103640.00,E
18748,13071114480.00,3
18749,13071125320.00,C
18750,13071136160.00,5
18751,13071147040.00,3
18752,13071157880.00,1
18753,13071168720.00,F
18754,13071179560.00,2
18755,13071190400.00,D
18756,13071201280.00,4
18757,13071212120.00,C
18758,13071222960.00,9
18759,13071233800.00,F
18760,13071244640.00,D
18761,13071255520.00,7
18762,13071266360.00,C
18763,13071277200.00,6
18764,13071288040.00,8
18765,13071298880.00,6
18766,13071309760.00,B
18767,13071320600.00,8
18768,13071331440.00,5
18769,13071342280.00,4
18770,13071353120.00,5
18771,13071364000.00,7
18772,13071374840.00,7
18773,13071385680.00,6
18774,13071396520.00,0
18775,13071407360.00,9
18776,13071418240.00,0
18777,13071429080.00,6
18778,13071439920.00,D
18779,13071450760.00,9
18780,13071461600.00,3
18781,13071472480.00,E
18782,13071483320.00,0
18783,13071494160.00,E
18784,13071505000.00,0
18785,13071515840.00,2
18786,13071526720.00,9
18787,13071537560.00,E
18788,13071548400.00,E
18789,13071559240.00,0
18790,13071570120.00,7
18791,13071580960.00,5
18792,13071591800.00,5
18793,13071602640.00,1
18794,13071613480.00,8
18795,13071624320.00,8
18796,13071635200.00,9
18797,13071646040.00,5
18798,13071656880.00,C
18799,13071667720.00,5
18800,13071678560.00,B
18801,13071689440.00,3
18802,13071700280.00,D
18803,13071711120.00,B
18804,13071721960.00,E
18805,13071732800.00,B
18806,13071743680.00,8
18807,13071754520.00,8
18808,13071765360.00,3
18809,13071776200.00,3
18810,13071787080.00,5
18811,13071797920.00,3
18812,13071808760.00,C
18813,13071819600.00,9
18814,13071830440.00,2
18815,13071841280.00,0
18816,13071852160.00,0
18817,13071863000.00,6
18818,13071873840.00,1
18819,13071884680.00,7
18820,13071895520.00,E
18821,13071906400.00,7
18822,13071917240.00,E
18823,13071928080.00,E
18824,13071938920.00,7
18825,13071949760.00,A
18826,13071960640.00,D
18827,13071971480.00,D
18828,13071982320.00,D
18829,13071993160.00,B
18830,13072004040.00,8
18831,13072014880.00,7
18832,13072025720.00,3
18833,13072036560.00,1
18834,13072047400.00,1
18835,13072058240.00,6
18836,13072069120.00,A
18837,13072079960.00,5
18838,13072090800.00,3
18839,13072101640.00,4
18840,13072112480.00,3
18841,13072123360.00,C
18842,13072134200.00,5
18843,13072145040.00,9
18844,13072155880.00,9
18845,13072166720.00,8
18846,13072177600.00,3
18847,13072188440.00,5
18848,13072199280.00,4
18849,13072210120.00,5
18850,13072221000.00,3
18851,13072231840.00,3
18852,13072242680.00,B
18853,13072253520.00,F
18854,13072264360.00,6
18855,13072275200.00,F
18856,13072286080.00,2
18857,13072296920.00,B
18858,13072307760.00,6
18859,13072318600.00,F
18860,13072329440.00,5
18861,13072340320.00,7
18862,13072351160.00,2
18863,13072362000.00,3
18864,13072372840.00,2
18865,13072383680.00,4
18866,13072394560.00,4
18867,13072405400.00,D
18868,13072416240.00,D
18869,13072427080.00,0
18870,13072437960.00,3
18871,13072448800.00,6
18872,13072459640.00,2
18873,13072470480.00,B
18874,13072481320.00,9
18875,13072492160.00,6
18876,13072503040.00,D
18877,13072513880.00,9
18878,13072524720.00,B
18879,13072535560.00,6
18880,13072546400.00,A
18881,13072557280.00,B
18882,13072568120.00,C
18883,13072578960.00,D
18884,13072589800.00,0
18885,13072600640.00,9
18886,13072611520.00,E
18887,13072622360.00,8
18888,13072633200.00,3
18889,13072644040.00,D
18890,13072654920.00,7
18891,13072665760.00,0
18892,13072676600.00,C
18893,13072687440.00,D
18894,13072698280.00,6
18895,13072709160.00,5
18896,13072720000.00,4
18897,13072730840.00,F
18898,13072741680.00,9
18899,13072752520.00,6
18900,13072763360.00,5
18901,13072774240.00,B
18902,13072785080.00,D
18903,13072795920.00,3
18904,13072806760.00,0
18905,13072817600.00,C
18906,13072828480.00,9
18907,13072839320.00,9
18908,13072850160.00,6
18909,13072861000.00,2
18910,13072871880.00,4
18911,13072882720.00,D
18912,13072893560.00,8
18913,13072904400.00,A
18914,13072915240.00,7
18915,13072926120.00,A
18916,13072936960.00,F
18917,13072947800.00,F
18918,13072958640.00,7
18919,13072969480.00,5
18920,13072980320.00,B
18921,13072991200.00,9
18922,13073002040.00,B
18923,13073012880.00,0
18924,13073023720.00,F
18925,13073034560.00,B
18926,13073045440.00,6
18927,13073056280.00,9
18928,13073067120.00,C
18929,13073077960.00,5
18930,13073088840.00,D
18931,13073099680.00,B
18932,13073110520.00,7
18933,13073121360.00,2
18934,13073132200.00,D
18935,13073143080.00,2
18936,13073153920.00,D
18937,13073164760.00,9
18938,13073175600.00,4
18939,13073186440.00,0
18940,13073197280.00,0
18941,13073208160.00,B
18942,13073219000.00,1
18943,13073229840.00,0
18944,13073240680.00,5
18945,13073251520.00,0
18946,13073262400.00,5
18947,13073273240.00,C
18948,13073284080.00,F
18949,13073294920.00,1
18950,13073305800.00,4
18951,13073316640.00,A
18952,13073327480.00,F
18953,13073338320.00,F
18954,13073349160.00,F
18955,13073360040.00,4
18956,13073370880.00,C
18957,13073381720.00,D
18958,13073392560.00,3
18959,13073403400.00,D
18960,13073414280.00,9
18961,13073425120.00,1
18962,13073435960.00,5
18963,13073446800.00,0
18964,13073457640.00,B
18965,13073468480.00,1
18966,13073479360.00,3
18967,13073490200.00,7
18968,13073501040.00,3
18969,13073511880.00,B
18970,13073522760.00,1
18971,13073533600.00,1
18972,13073544440.00,2
18973,13073555280.00,C
18974,13073566120.00,5
18975,13073577000.00,0
18976,13073587840.00,B
18977,13073598680.00,E
18978,13073609520.00,F
18979,13073620360.00,A
18980,13073631240.00,A
18981,13073642080.00,3
18982,13073652920.00,1
18983,13073663760.00,5
18984,13073674600.00,0
18985,13073685440.00,4
18986,13073696320.00,D
18987,13073707160.00,8
18988,13073718000.00,6
18989,13073728840.00,4
18990,13073739720.00,8
18991,13073750560.00,D
18992,13073761400.00,2
18993,13073772240.00,6
18994,13073783080.00,6
18995,13073793960.00,4
18996,13073804800.00,C
18997,13073815640.00,7
18998,13073826480.00,4
18999,13073837320.00,E
19000,13073848200.00,D
19001,13073859040.00,D
19002,13073869880.00,6
19003,13073880720.00,9
19004,13073891560.00,B
19005,13073902400.00,5
19006,13073913280.00,6
19007,13073924120.00,2
19008,13073934960.00,4
19009,13073945800.00,B
19010,13073956680.00,F
19011,13073967520.00,B
19012,13073978360.00,2
19013,13073989200.00,E
19014,13074000040.00,D
19015,13074010920.00,B
19016,13074021760.00,B
19017,13074032600.00,A
19018,13074043440.00,0
19019,13074054280.00,6
19020,13074065160.00,D
19021,13074076000.00,B
19022,13074086840.00,B
19023,13074097680.00,B
19024,13074108520.00,F
19025,13074119360.00,3
19026,13074130240.00,2
19027,13074141080.00,E
19028,13074151920.00,6
19029,13074162760.00,A
19030,13074173640.00,5
19031,13074184480.00,3
19032,13074195320.00,3
19033,13074206160.00,8
19034,13074217000.00,2
19035,13074227880.00,0
19036,13074238720.00,2
19037,13074249560.00,7
19038,13074260400.00,5
19039,13074271240.00,4
19040,13074282120.00,0
19041,13074292960.00,F
19042,13074303800.00,6
19043,13074314640.00,4
19044,13074325480.00,E
19045,13074336320.00,B
19046,13074347200.00,7
19047,13074358040.00,3
19048,13074368880.00,D
19049,13074379720.00,2
19050,13074390600.00,C
19051,13074401440.00,7
19052,13074412280.00,6
19053,13074423120.00,0
19054,13074433960.00,1
19055,13074444840.00,[0D]
19056,13074455680.00,[0A]
19057,13139823640.00,[0D]
19058,13139834520.00,[0A]
19059,13139845360.00,+
19060,13139856200.00,M
19061,13139867040.00,I
19062,13139877920.00,P
19063,13139888760.00,U
19064,13139899600.00,R
19065,13139910440.00,C
19066,13139921280.00,:
19067,13139932160.00,[20]
19068,13139943000.00,"
19069,13139953840.00,r
19070,13139964680.00,t
19071,13139975520.00,c
19072,13139986360.00,p
19073,13139997240.00,"
19074,13140008080.00,,
19075,13140018920.00,0
19076,13140029760.00,,
19077,13140040600.00,1
19078,13140051480.00,4
19079,13140062320.00,8
19080,13140073160.00,,
19081,13140084000.00,8
19082,13140094880.00,2
19083,13140105720.00,7
19084,13140116560.00,E
19085,13140127400.00,0
19086,13140138240.00,0
19087,13140149120.00,9
19088,13140159960.00,0
19089,13140170800.00,0
19090,13140181640.00,0
19091,13140192480.00,0
19092,13140203320.00,0
19093,13140214200.00,0
19094,13140225040.00,0
19095,13140235880.00,8
19096,13140246720.00,C
19097,13140257560.00,6
19098,13140268440.00,B
19099,13140279280.00,8
19100,13140290120.00,3
19101,13140300960.00,3
19102,13140311840.00,1
19103,13140322680.00,2
19104,13140333520.00,A
19105,13140344360.00,2
19106,13140355200.00,6
19107,13140366080.00,E
19108,13140376920.00,D
19109,13140387760.00,F
19110,13140398600.00,3
19111,13140409440.00,6
19112,13140420280.00,3
19113,13140431160.00,8
19114,13140442000.00,7
19115,13140452840.00,D
19116,13140463680.00,5
19117,13140474520.00,4
19118,13140485400.00,B
19119,13140496240.00,1
19120,13140507080.00,D
19121,13140517920.00,0
19122,13140528800.00,4
19123,13140539640.00,2
19124,13140550480.00,0
19125,13140561320.00,D
19126,13140572160.00,0
19127,13140583040.00,F
19128,13140593880.00,9
19129,13140604720.00,E
19130,13140615560.00,B
19131,13140626400.00,2
19132,13140637280.00,B
19133,13140648120.00,C
19134,13140658960.00,1
19135,13140669800.00,3
19136,13140680640.00,D
19137,13140691480.00,2
19138,13140702360.00,7
19139,13140713200.00,D
19140,13140724040.00,C
19141,13140734880.00,3
19142,13140745760.00,B
19143,13140756600.00,5
19144,13140767440.00,8
19145,13140778280.00,4
19146,13140789120.00,0
19147,13140800000.00,D
19148,13140810840.00,D
19149,13140821680.00,6
19150,13140832520.00,9
19151,13140843360.00,4
19152,13140854240.00,C
19153,13140865080.00,F
19154,13140875920.00,1
19155,13140886760.00,7
19156,13140897600.00,A
19157,13140908440.00,D
19158,13140919320.00,4
19159,13140930160.00,F
19160,13140941000.00,E
19161,13140951840.00,4
19162,13140962720.00,E
19163,13140973560.00,D
19164,13140984400.00,C
19165,13140995240.00,F
19166,13141006080.00,8
19167,13141016960.00,B
19168,13141027800.00,1
19169,13141038640.00,D
19170,13141049480.00,B
19171,13141060320.00,1
19172,13141071200.00,2
19173,13141082040.00,3
19174,13141092880.00,5
19175,13141103720.00,7
19176,13141114560.00,2
19177,13141125400.00,E
19178,13141136280.00,E
19179,13141147120.00,B
19180,13141157960.00,2
19181,13141168800.00,F
19182,13141179680.00,4
19183,13141190520.00,0
19184,13141201360.00,1
19185,13141212200.00,B
19186,13141223040.00,7
19187,13141233920.00,A
19188,13141244760.00,8
19189,13141255600.00,7
19190,13141266440.00,8
19191,13141277280.00,0
19192,13141288160.00,7
19193,13141299000.00,C
19194,13141309840.00,7
19195,13141320680.00,9
19196,13141331520.00,1
19197,13141342360.00,2
19198,13141353240.00,8
19199,13141364080.00,9
19200,13141374920.00,E
19201,13141385760.00,5
19202,13141396640.00,7
19203,13141407480.00,1
19204,13141418320.00,2
19205,13141429160.00,0
19206,13141440000.00,2
19207,13141450880.00,D
19208,13141461720.00,6
19209,13141472560.00,8
19210,13141483400.00,9
19211,13141494240.00,8
19212,13141505120.00,D
19213,13141515960.00,9
19214,13141526800.00,8
19215,13141537640.00,7
19216,13141548480.00,F
19217,13141559360.00,A
19218,13141570200.00,7
19219,13141581040.00,1
19220,13141591880.00,1
19221,13141602720.00,1
19222,13141613600.00,E
19223,13141624440.00,D
19224,13141635280.00,B
19225,13141646120.00,0
19226,13141656960.00,0
19227,13141667840.00,1
19228,13141678680.00,7
19229,13141689520.00,A
19230,13141700360.00,F
19231,13141711200.00,8
19232,13141722080.00,D
19233,13141732920.00,D
19234,13141743760.00,1
19235,13141754600.00,F
19236,13141765440.00,0
19237,13141776320.00,8
19238,13141787160.00,C
19239,13141798000.00,4
19240,13141808840.00,5
19241,13141819680.00,4
19242,13141830560.00,E
19243,13141841400.00,8
19244,13141852240.00,3
19245,13141863080.00,0
19246,13141873920.00,C
19247,13141884800.00,8
19248,13141895640.00,D
19249,13141906480.00,0
19250,13141917320.00,4
19251,13141928160.00,C
19252,13141939040.00,E
19253,13141949880.00,D
19254,13141960720.00,8
19255,13141971560.00,F
19256,13141982400.00,7
19257,13141993280.00,7
19258,13142004120.00,F
19259,13142014960.00,C
19260,13142025800.00,C
19261,13142036640.00,C
19262,13142047520.00,8
19263,13142058360.00,0
19264,13142069200.00,D
19265,13142080040.00,8
19266,13142090880.00,9
19267,13142101760.00,1
19268,13142112600.00,8
19269,13142123440.00,8
19270,13142134280.00,1
19271,13142145120.00,F
19272,13142156000.00,D
19273,13142166840.00,A
19274,13142177680.00,C
19275,13142188520.00,E
19276,13142199360.00,F
19277,13142210240.00,F
19278,13142221080.00,D
19279,13142231920.00,5
19280,13142242760.00,F
19281,13142253600.00,E
19282,13142264480.00,2
19283,13142275320.00,6
19284,13142286160.00,6
19285,13142297000.00,D
19286,13142307840.00,D
19287,13142318720.00,0
19288,13142329560.00,E
19289,13142340400.00,1
19290,13142351240.00,E
19291,13142362080.00,3
19292,13142372960.00,F
19293,13142383800.00,2
19294,13142394640.00,C
19295,13142405480.00,D
19296,13142416320.00,6
19297,13142427200.00,0
19298,13142438040.00,0
19299,13142448880.00,0
19300,13142459720.00,6
19301,13142470560.00,F
19302,13142481440.00,7
19303,13142492280.00,A
19304,13142503120.00,7
19305,13142513960.00,B
19306,13142524800.00,6
19307,13142535680.00,0
19308,13142546520.00,0
19309,13142557360.00,0
19310,13142568200.00,2
19311,13142579040.00,D
19312,13142589920.00,5
19313,13142600760.00,3
19314,13142611600.00,2
19315,13142622440.00,2
19316,13142633280.00,F
19317,13142644160.00,8
19318,13142655000.00,8
19319,13142665840.00,A
19320,13142676680.00,E
19321,13142687520.00,2
19322,13142698400.00,C
19323,13142709240.00,9
19324,13142720080.00,F
19325,13142730920.00,5
19326,13142741760.00,A
19327,13142752640.00,D
19328,13142763480.00,C
19329,13142774320.00,5
19330,13142785160.00,3
19331,13142796000.00,1
19332,13142806880.00,6
19333,13142817720.00,6
19334,13142828560.00,4
19335,13142839400.00,F
19336,13142850240.00,A
19337,13142861120.00,B
19338,13142871960.00,4
19339,13142882800.00,4
19340,13142893640.00,9
19341,13142904480.00,D
19342,13142915360.00,9
19343,13142926200.00,E
19344,13142937040.00,A
19345,13142947880.00,1
19346,13142958720.00,4
19347,13142969600.00,8
19348,13142980440.00,7
19349,13142991280.00,1
19350,13143002120.00,D
19351,13143012960.00,1
19352,13143023840.00,3
19353,13143034680.00,1
19354,13143045520.00,8
19355,13143056360.00,A
19356,13143067200.00,A
19357,13143078080.00,7
19358,13143088920.00,8
19359,13143099760.00,A
19360,13143110600.00,B
19361,13143121440.00,3
19362,13143132320.00,3
19363,13143143160.00,2
19364,13143154000.00,6
19365,13143164840.00,C
19366,13143175680.00,E
19367,13143186560.00,8
19368,13143197400.00,B
19369,13143208240.00,D
19370,13143219080.00,D
19371,13143229920.00,6
19372,13143240800.00,3
19373,13143251640.00,2
19374,13143262480.00,5
19375,13143273320.00,8
19376,13143284160.00,F
19377,13143295040.00,[0D]
19378,13143305880.00,[0A]
19379,13192817320.00,[0D]
19380,13192828160.00,[0A]
19381,13192839000.00,+
19382,13192849840.00,M
19383,13192860720.00,I
19384,13192871560.00,P
19385,13192882400.00,U
19386,13192893240.00,R
19387,13192904080.00,C
19388,13192914960.00,:
19389,13192925800.00,[20]
19390,13192936640.00,"
19391,13192947480.00,r
19392,13192958360.00,t
19393,13192969200.00,c
19394,13192980040.00,p
19395,13192990880.00,"
19396,13193001720.00,,
19397,13193012560.00,0
19398,13193023440.00,,
19399,13193034280.00,1
19400,13193045120.00,3
19401,13193055960.00,5
19402,13193066800.00,,
19403,13193077680.00,8
19404,13193088520.00,2
19405,13193099360.00,7
19406,13193110200.00,E
19407,13193121040.00,0
19408,13193131920.00,0
19409,13193142760.00,8
19410,13193153600.00,3
19411,13193164440.00,0
19412,13193175320.00,0
19413,13193186160.00,0
19414,13193197000.00,0
19415,13193207840.00,0
19416,13193218680.00,0
19417,13193229560.00,7
19418,13193240400.00,F
19419,13193251240.00,6
19420,13193262080.00,B
19421,13193272920.00,8
19422,13193283760.00,3
19423,13193294640.00,2
19424,13193305480.00,E
19425,13193316320.00,2
19426,13193327160.00,9
19427,13193338000.00,0
19428,13193348880.00,D
19429,13193359720.00,5
19430,13193370560.00,1
19431,13193381400.00,5
19432,13193392280.00,9
19433,13193403120.00,5
19434,13193413960.00,F
19435,13193424800.00,D
19436,13193435640.00,C
19437,13193446520.00,7
19438,13193457360.00,D
19439,13193468200.00,4
19440,13193479040.00,7
19441,13193489880.00,1
19442,13193500720.00,C
19443,13193511600.00,1
19444,13193522440.00,E
19445,13193533280.00,5
19446,13193544120.00,3
19447,13193554960.00,B
19448,13193565840.00,1
19449,13193576680.00,D
19450,13193587520.00,C
19451,13193598360.00,C
19452,13193609240.00,C
19453,13193620080.00,3
19454,13193630920.00,7
19455,13193641760.00,E
19456,13193652600.00,9
19457,13193663480.00,3
19458,13193674320.00,7
19459,13193685160.00,B
19460,13193696000.00,6
19461,13193706840.00,0
19462,13193717680.00,2
19463,13193728560.00,5
19464,13193739400.00,7
19465,13193750240.00,3
19466,13193761080.00,1
19467,13193771920.00,7
19468,13193782800.00,7
19469,13193793640.00,C
19470,13193804480.00,B
19471,13193815320.00,4
19472,13193826200.00,4
19473,13193837040.00,A
19474,13193847880.00,E
19475,13193858720.00,6
19476,13193869560.00,E
19477,13193880440.00,6
19478,13193891280.00,C
19479,13193902120.00,A
19480,13193912960.00,B
19481,13193923800.00,F
19482,13193934640.00,5
19483,13193945520.00,3
19484,13193956360.00,0
19485,13193967200.00,C
19486,13193978040.00,A
19487,13193988880.00,8
19488,13193999760.00,5
19489,13194010600.00,D
19490,13194021440.00,E
19491,13194032280.00,9
19492,13194043160.00,9
19493,13194054000.00,4
19494,13194064840.00,4
19495,13194075680.00,5
19496,13194086520.00,4
19497,13194097400.00,5
19498,13194108240.00,8
19499,13194119080.00,D
19500,13194129920.00,3
19501,13194140760.00,2
19502,13194151640.00,C
19503,13194162480.00,3
19504,13194173320.00,6
19505,13194184160.00,1
19506,13194195000.00,0
19507,13194205840.00,C
19508,13194216720.00,E
19509,13194227560.00,D
19510,13194238400.00,2
19511,13194249240.00,A
19512,13194260120.00,B
19513,13194270960.00,3
19514,13194281800.00,5
19515,13194292640.00,6
19516,13194303480.00,B
19517,13194314360.00,A
19518,13194325200.00,6
19519,13194336040.00,0
19520,13194346880.00,C
19521,13194357720.00,E
19522,13194368600.00,7
19523,13194379440.00,9
19524,13194390280.00,0
19525,13194401120.00,2
19526,13194411960.00,6
19527,13194422800.00,1
19528,13194433680.00,B
19529,13194444520.00,A
19530,13194455360.00,9
19531,13194466200.00,B
19532,13194477080.00,D
19533,13194487920.00,A
19534,13194498760.00,8
19535,13194509600.00,C
19536,13194520440.00,C
19537,13194531320.00,C
19538,13194542160.00,5
19539,13194553000.00,F
19540,13194563840.00,A
19541,13194574680.00,F
19542,13194585560.00,7
19543,13194596400.00,B
19544,13194607240.00,D
19545,13194618080.00,2
19546,13194628920.00,0
19547,13194639760.00,B
19548,13194650640.00,4
19549,13194661480.00,B
19550,13194672320.00,4
19551,13194683160.00,0
19552,13194694040.00,0
19553,13194704880.00,6
19554,13194715720.00,B
19555,13194726560.00,9
19556,13194737400.00,0
19557,13194748280.00,7
19558,13194759120.00,9
19559,13194769960.00,2
19560,13194780800.00,7
19561,13194791640.00,4
19562,13194802520.00,2
19563,13194813360.00,A
19564,13194824200.00,2
19565,13194835040.00,6
19566,13194845880.00,8
19567,13194856720.00,1
19568,13194867600.00,6
19569,13194878440.00,D
19570,13194889280.00,A
19571,13194900120.00,7
19572,13194911000.00,8
19573,13194921840.00,4
19574,13194932680.00,C
19575,13194943520.00,8
19576,13194954360.00,A
19577,13194965240.00,7
19578,13194976080.00,D
19579,13194986920.00,F
19580,13194997760.00,B
19581,13195008600.00,2
19582,13195019480.00,D
19583,13195030320.00,A
19584,13195041160.00,7
19585,13195052000.00,1
19586,13195062840.00,E
19587,13195073720.00,7
19588,13195084560.00,5
19589,13195095400.00,C
19590,13195106240.00,F
19591,13195117080.00,8
19592,13195127960.00,0
19593,13195138800.00,5
19594,13195149640.00,D
19595,13195160480.00,D
19596,13195171320.00,6
19597,13195182200.00,D
19598,13195193040.00,4
19599,13195203880.00,F
19600,13195214720.00,3
19601,13195225560.00,0
19602,13195236440.00,B
19603,13195247280.00,6
19604,13195258120.00,0
19605,13195268960.00,B
19606,13195279800.00,E
19607,13195290680.00,E
19608,13195301520.00,0
19609,13195312360.00,F
19610,13195323200.00,F
19611,13195334040.00,7
19612,13195344920.00,8
19613,13195355760.00,2
19614,13195366600.00,A
19615,13195377440.00,D
19616,13195388280.00,7
19617,13195399160.00,8
19618,13195410000.00,A
19619,13195420840.00,B
19620,13195431680.00,D
19621,13195442520.00,7
19622,13195453400.00,5
19623,13195464240.00,8
19624,13195475080.00,E
19625,13195485920.00,6
19626,13195496760.00,7
19627,13195507640.00,F
19628,13195518480.00,3
19629,13195529320.00,1
19630,13195540160.00,8
19631,13195551000.00,2
19632,13195561880.00,5
19633,13195572720.00,B
19634,13195583560.00,5
19635,13195594400.00,1
19636,13195605240.00,2
19637,13195616120.00,1
19638,13195626960.00,4
19639,13195637800.00,3
19640,13195648640.00,8
19641,13195659480.00,D
19642,13195670360.00,A
19643,13195681200.00,0
19644,13195692040.00,A
19645,13195702880.00,E
19646,13195713720.00,A
19647,13195724600.00,4
19648,13195735440.00,2
19649,13195746280.00,3
19650,13195757120.00,5
19651,13195767960.00,0
19652,13195778840.00,2
19653,13195789680.00,1
19654,13195800520.00,8
19655,13195811360.00,C
19656,13195822200.00,4
19657,13195833080.00,E
19658,13195843920.00,C
19659,13195854760.00,8
19660,13195865600.00,D
19661,13195876440.00,4
19662,13195887320.00,0
19663,13195898160.00,5
19664,13195909000.00,E
19665,13195919840.00,0
19666,13195930680.00,8
19667,13195941560.00,0
19668,13195952400.00,5
19669,13195963240.00,A
19670,13195974080.00,B
19671,13195984920.00,D
19672,13195995800.00,D
19673,13196006640.00,[0D]
19674,13196017480.00,[0A]
19675,13259790800.00,[0D]
19676,13259801640.00,[0A]
19677,13259812520.00,+
19678,13259823360.00,M
19679,13259834200.00,I
19680,13259845040.00,P
19681,13259855880.00,U
19682,13259866760.00,R
19683,13259877600.00,C
19684,13259888440.00,:
19685,13259899280.00,[20]
19686,13259910120.00,"
19687,13259921000.00,r
19688,13259931840.00,t
19689,13259942680.00,c
19690,13259953520.00,p
19691,13259964400.00,"
19692,13259975240.00,,
19693,13259986080.00,0
19694,13259996920.00,,
19695,13260007760.00,1
19696,13260018640.00,1
19697,13260029480.00,6
19698,13260040320.00,,
19699,13260051160.00,8
19700,13260062000.00,2
19701,13260072840.00,7
19702,13260083720.00,2
19703,13260094560.00,0
19704,13260105400.00,0
19705,13260116240.00,0
19706,13260127080.00,0
19707,13260137960.00,0
19708,13260148800.00,0
19709,13260159640.00,6
19710,13260170480.00,E
19711,13260181360.00,6
19712,13260192200.00,B
19713,13260203040.00,8
19714,13260213880.00,3
19715,13260224720.00,2
19716,13260235600.00,0
19717,13260246440.00,2
19718,13260257280.00,6
19719,13260268120.00,0
19720,13260278960.00,A
19721,13260289800.00,6
19722,13260300680.00,E
19723,13260311520.00,7
19724,13260322360.00,4
19725,13260333200.00,9
19726,13260344040.00,3
19727,13260354920.00,5
19728,13260365760.00,C
19729,13260376600.00,5
19730,13260387440.00,0
19731,13260398320.00,4
19732,13260409160.00,3
19733,13260420000.00,3
19734,13260430840.00,C
19735,13260441680.00,D
19736,13260452560.00,B
19737,13260463400.00,0
19738,13260474240.00,A
19739,13260485080.00,3
19740,13260495920.00,6
19741,13260506760.00,A
19742,13260517640.00,F
19743,13260528480.00,A
19744,13260539320.00,1
19745,13260550160.00,F
19746,13260561000.00,4
19747,13260571880.00,A
19748,13260582720.00,1
19749,13260593560.00,B
19750,13260604400.00,D
19751,13260615280.00,A
19752,13260626120.00,F
19753,13260636960.00,E
19754,13260647800.00,D
19755,13260658640.00,0
19756,13260669520.00,8
19757,13260680360.00,1
19758,13260691200.00,4
19759,13260702040.00,F
19760,13260712880.00,D
19761,13260723720.00,2
19762,13260734600.00,B
19763,13260745440.00,3
19764,13260756280.00,5
19765,13260767120.00,8
19766,13260777960.00,2
19767,13260788840.00,B
19768,13260799680.00,0
19769,13260810520.00,0
19770,13260821360.00,B
19771,13260832240.00,C
19772,13260843080.00,4
19773,13260853920.00,8
19774,13260864760.00,9
19775,13260875600.00,F
19776,13260886480.00,9
19777,13260897320.00,9
19778,13260908160.00,5
19779,13260919000.00,A
19780,13260929840.00,4
19781,13260940680.00,5
19782,13260951560.00,6
19783,13260962400.00,0
19784,13260973240.00,9
19785,13260984080.00,9
19786,13260994920.00,4
19787,13261005800.00,6
19788,13261016640.00,C
19789,13261027480.00,7
19790,13261038320.00,5
19791,13261049200.00,0
19792,13261060040.00,A
19793,13261070880.00,D
19794,13261081720.00,6
19795,13261092560.00,E
19796,13261103440.00,E
19797,13261114280.00,D
19798,13261125120.00,E
19799,13261135960.00,3
19800,13261146800.00,C
19801,13261157680.00,E
19802,13261168520.00,B
19803,13261179360.00,F
19804,13261190200.00,E
19805,13261201040.00,0
19806,13261211880.00,6
19807,13261222760.00,F
19808,13261233600.00,0
19809,13261244440.00,5
19810,13261255280.00,7
19811,13261266160.00,0
19812,13261277000.00,3
19813,13261287840.00,4
19814,13261298680.00,8
19815,13261309520.00,7
19816,13261320400.00,1
19817,13261331240.00,1
19818,13261342080.00,D
19819,13261352920.00,4
19820,13261363760.00,D
19821,13261374640.00,F
19822,13261385480.00,9
19823,13261396320.00,7
19824,13261407160.00,1
19825,13261418000.00,8
19826,13261428840.00,4
19827,13261439720.00,5
19828,13261450560.00,6
19829,13261461400.00,9
19830,13261472240.00,1
19831,13261483120.00,B
19832,13261493960.00,4
19833,13261504800.00,5
19834,13261515640.00,8
19835,13261526480.00,3
19836,13261537360.00,2
19837,13261548200.00,B
19838,13261559040.00,1
19839,13261569880.00,3
19840,13261580720.00,F
19841,13261591600.00,9
19842,13261602440.00,1
19843,13261613280.00,2
19844,13261624120.00,3
19845,13261634960.00,2
19846,13261645800.00,8
19847,13261656680.00,E
19848,13261667520.00,5
19849,13261678360.00,A
19850,13261689200.00,6
19851,13261700080.00,1
19852,13261710920.00,8
19853,13261721760.00,1
19854,13261732600.00,F
19855,13261743440.00,8
19856,13261754320.00,1
19857,13261765160.00,D
19858,13261776000.00,D
19859,13261786840.00,0
19860,13261797680.00,9
19861,13261808560.00,E
19862,13261819400.00,0
19863,13261830240.00,4
19864,13261841080.00,A
19865,13261851920.00,D
19866,13261862800.00,8
19867,13261873640.00,F
19868,13261884480.00,8
19869,13261895320.00,B
19870,13261906160.00,3
19871,13261917040.00,1
19872,13261927880.00,9
19873,13261938720.00,7
19874,13261949560.00,3
19875,13261960400.00,A
19876,13261971280.00,B
19877,13261982120.00,C
19878,13261992960.00,8
19879,13262003800.00,4
19880,13262014640.00,E
19881,13262025520.00,2
19882,13262036360.00,0
19883,13262047200.00,5
19884,13262058040.00,D
19885,13262068880.00,7
19886,13262079720.00,8
19887,13262090600.00,A
19888,13262101440.00,3
19889,13262112280.00,9
19890,13262123120.00,1
19891,13262134000.00,6
19892,13262144840.00,B
19893,13262155680.00,6
19894,13262166520.00,4
19895,13262177360.00,A
19896,13262188240.00,E
19897,13262199080.00,0
19898,13262209920.00,A
19899,13262220760.00,0
19900,13262231600.00,1
19901,13262242480.00,B
19902,13262253320.00,1
19903,13262264160.00,A
19904,13262275000.00,9
19905,13262285840.00,8
19906,13262296720.00,5
19907,13262307560.00,9
19908,13262318400.00,E
19909,13262329240.00,0
19910,13262340080.00,1
19911,13262350960.00,0
19912,13262361800.00,7
19913,13262372640.00,3
19914,13262383480.00,A
19915,13262394320.00,A
19916,13262405200.00,2
19917,13262416040.00,4
19918,13262426880.00,8
19919,13262437720.00,5
19920,13262448560.00,7
19921,13262459440.00,6
19922,13262470280.00,8
19923,13262481120.00,E
19924,13262491960.00,6
19925,13262502800.00,B
19926,13262513680.00,2
19927,13262524520.00,1
19928,13262535360.00,2
19929,13262546200.00,F
19930,13262557040.00,A
19931,13262567920.00,[0D]
19932,13262578760.00,[0A]
19933,13309842480.00,[0D]
19934,13309853320.00,[0A]
19935,13309864160.00,+
19936,13309875040.00,M
19937,13309885880.00,I
19938,13309896720.00,P
19939,13309907560.00,U
19940,13309918400.00,R
19941,13309929280.00,C
19942,13309940120.00,:
19943,13309950960.00,[20]
19944,13309961800.00,"
19945,13309972640.00,r
19946,13309983520.00,t
19947,13309994360.00,c
19948,13310005200.00,p
19949,13310016040.00,"
19950,13310026920.00,,
19951,13310037760.00,0
19952,13310048600.00,,
19953,13310059440.00,1
19954,13310070280.00,2
19955,13310081120.00,0
19956,13310092000.00,,
19957,13310102840.00,8
19958,13310113680.00,2
19959,13310124520.00,7
19960,13310135360.00,6
19961,13310146240.00,0
19962,13310157080.00,0
19963,13310167920.00,0
19964,13310178760.00,0
19965,13310189600.00,0
19966,13310200480.00,0
19967,13310211320.00,7
19968,13310222160.00,2
19969,13310233000.00,6
19970,13310243880.00,B
19971,13310254720.00,8
19972,13310265560.00,3
19973,13310276400.00,2
19974,13310287240.00,7
19975,13310298080.00,2
19976,13310308960.00,8
19977,13310319800.00,0
19978,13310330640.00,A
19979,13310341480.00,8
19980,13310352320.00,E
19981,13310363200.00,9
19982,13310374040.00,2
19983,13310384880.00,F
19984,13310395720.00,5
19985,13310406560.00,B
19986,13310417440.00,6
19987,13310428280.00,3
19988,13310439120.00,F
19989,13310449960.00,4
19990,13310460840.00,2
19991,13310471680.00,9
19992,13310482520.00,0
19993,13310493360.00,8
19994,13310504200.00,1
19995,13310515040.00,D
19996,13310525920.00,1
19997,13310536760.00,0
19998,13310547600.00,0
19999,13310558440.00,C
20000,13310569280.00,3
20001,13310580160.00,0
20002,13310591000.00,1
20003,13310601840.00,5
20004,13310612680.00,7
20005,13310623520.00,9
20006,13310634400.00,8
20007,13310645240.00,A
20008,13310656080.00,E
20009,13310666920.00,D
20010,13310677800.00,0
20011,13310688640.00,0
20012,13310699480.00,6
20013,13310710320.00,0
20014,13310721160.00,B
20015,13310732040.00,F
20016,13310742880.00,B
20017,13310753720.00,B
20018,13310764560.00,F
20019,13310775400.00,0
20020,13310786240.00,0
20021,13310797120.00,8
20022,13310807960.00,0
20023,13310818800.00,4
20024,13310829640.00,1
20025,13310840480.00,4
20026,13310851360.00,F
20027,13310862200.00,8
20028,13310873040.00,5
20029,13310883880.00,A
20030,13310894760.00,1
20031,13310905600.00,D
20032,13310916440.00,5
20033,13310927280.00,7
20034,13310938120.00,8
20035,13310948960.00,5
20036,13310959840.00,0
20037,13310970680.00,0
20038,13310981520.00,F
20039,13310992360.00,1
20040,13311003200.00,B
20041,13311014080.00,B
20042,13311024920.00,D
20043,13311035760.00,E
20044,13311046600.00,0
20045,13311057440.00,8
20046,13311068320.00,3
20047,13311079160.00,D
20048,13311090000.00,F
20049,13311100840.00,9
20050,13311111720.00,E
20051,13311122560.00,B
20052,13311133400.00,9
20053,13311144240.00,B
20054,13311155080.00,3
20055,13311165960.00,0
20056,13311176800.00,B
20057,13311187640.00,0
20058,13311198480.00,8
20059,13311209320.00,D
20060,13311220160.00,E
20061,13311231040.00,0
20062,13311241880.00,E
20063,13311252720.00,0
20064,13311263560.00,1
20065,13311274400.00,6
20066,13311285280.00,F
20067,13311296120.00,C
20068,13311306960.00,7
20069,13311317800.00,9
20070,13311328680.00,B
20071,13311339520.00,9
20072,13311350360.00,F
20073,13311361200.00,8
20074,13311372040.00,4
20075,13311382920.00,A
20076,13311393760.00,2
20077,13311404600.00,3
20078,13311415440.00,8
20079,13311426280.00,7
20080,13311437120.00,3
20081,13311448000.00,D
20082,13311458840.00,A
20083,13311469680.00,D
20084,13311480520.00,8
20085,13311491360.00,1
20086,13311502240.00,B
20087,13311513080.00,0
20088,13311523920.00,3
20089,13311534760.00,7
20090,13311545640.00,6
20091,13311556480.00,2
20092,13311567320.00,6
20093,13311578160.00,9
20094,13311589000.00,6
20095,13311599880.00,B
20096,13311610720.00,7
20097,13311621560.00,9
20098,13311632400.00,0
20099,13311643240.00,5
20100,13311654080.00,5
20101,13311664960.00,5
20102,13311675800.00,E
20103,13311686640.00,4
20104,13311697480.00,9
20105,13311708320.00,D
20106,13311719200.00,3
20107,13311730040.00,7
20108,13311740880.00,8
20109,13311751720.00,1
20110,13311762600.00,B
20111,13311773440.00,0
20112,13311784280.00,0
20113,13311795120.00,5
20114,13311805960.00,E
20115,13311816840.00,1
20116,13311827680.00,8
20117,13311838520.00,1
20118,13311849360.00,4
20119,13311860200.00,6
20120,13311871080.00,5
20121,13311881920.00,D
20122,13311892760.00,2
20123,13311903600.00,8
20124,13311914440.00,F
20125,13311925280.00,9
20126,13311936160.00,9
20127,13311947000.00,7
20128,13311957840.00,0
20129,13311968680.00,4
20130,13311979560.00,E
20131,13311990400.00,F
20132,13312001240.00,F
20133,13312012080.00,8
20134,13312022920.00,F
20135,13312033800.00,0
20136,13312044640.00,7
20137,13312055480.00,C
20138,13312066320.00,9
20139,13312077160.00,7
20140,13312088000.00,9
20141,13312098880.00,C
20142,13312109720.00,8
20143,13312120560.00,C
20144,13312131400.00,9
20145,13312142240.00,5
20146,13312153120.00,7
20147,13312163960.00,C
20148,13312174800.00,0
20149,13312185640.00,F
20150,13312196520.00,E
20151,13312207360.00,C
20152,13312218200.00,8
20153,13312229040.00,2
20154,13312239880.00,B
20155,13312250760.00,3
20156,13312261600.00,A
20157,13312272440.00,5
20158,13312283280.00,1
20159,13312294120.00,2
20160,13312305000.00,7
20161,13312315840.00,A
20162,13312326680.00,9
20163,13312337520.00,E
20164,13312348360.00,2
20165,13312359200.00,0
20166,13312370080.00,9
20167,13312380920.00,6
20168,13312391760.00,D
20169,13312402600.00,F
20170,13312413480.00,7
20171,13312424320.00,0
20172,13312435160.00,D
20173,13312446000.00,3
20174,13312456840.00,0
20175,13312467720.00,2
20176,13312478560.00,D
20177,13312489400.00,E
20178,13312500240.00,8
20179,13312511080.00,0
20180,13312521960.00,5
20181,13312532800.00,7
20182,13312543640.00,D
20183,13312554480.00,7
20184,13312565320.00,A
20185,13312576200.00,3
20186,13312587040.00,F
20187,13312597880.00,2
20188,13312608720.00,E
20189,13312619560.00,6
20190,13312630440.00,1
20191,13312641280.00,7
20192,13312652120.00,C
20193,13312662960.00,3
20194,13312673800.00,0
20195,13312684680.00,4
20196,13312695520.00,0
20197,13312706360.00,[0D]
20198,13312717200.00,[0A]
20199,13379523640.00,[0D]
20200,13379534480.00,[0A]
20201,13379545320.00,+
20202,13379556200.00,M
20203,13379567040.00,I
20204,13379577880.00,P
20205,13379588720.00,U
20206,13379599560.00,R
20207,13379610440.00,C
20208,13379621280.00,:
20209,13379632120.00,[20]
20210,13379642960.00,"
20211,13379653840.00,r
20212,13379664680.00,t
20213,13379675520.00,c
20214,13379686360.00,p
20215,13379697200.00,"
20216,13379708080.00,,
20217,13379718920.00,0
20218,13379729760.00,,
20219,13379740600.00,9
20220,13379751440.00,7
20221,13379762280.00,,
20222,13379773160.00,8
20223,13379784000.00,2
20224,13379794840.00,5
20225,13379805680.00,F
20226,13379816520.00,0
20227,13379827400.00,0
20228,13379838240.00,0
20229,13379849080.00,0
20230,13379859920.00,0
20231,13379870800.00,0
20232,13379881640.00,5
20233,13379892480.00,B
20234,13379903320.00,6
20235,13379914160.00,B
20236,13379925040.00,8
20237,13379935880.00,3
20238,13379946720.00,1
20239,13379957560.00,F
20240,13379968400.00,1
20241,13379979240.00,F
20242,13379990120.00,0
20243,13380000960.00,7
20244,13380011800.00,C
20245,13380022640.00,9
20246,13380033480.00,7
20247,13380044360.00,9
20248,13380055200.00,C
20249,13380066040.00,8
20250,13380076880.00,C
20251,13380087760.00,9
20252,13380098600.00,5
20253,13380109440.00,7
20254,13380120280.00,C
20255,13380131120.00,0
20256,13380142000.00,F
20257,13380152840.00,E
20258,13380163680.00,C
20259,13380174520.00,8
20260,13380185360.00,2
20261,13380196200.00,B
20262,13380207080.00,4
20263,13380217920.00,5
20264,13380228760.00,E
20265,13380239600.00,7
20266,13380250440.00,6
20267,13380261320.00,8
20268,13380272160.00,5
20269,13380283000.00,4
20270,13380293840.00,D
20271,13380304720.00,4
20272,13380315560.00,2
20273,13380326400.00,A
20274,13380337240.00,C
20275,13380348080.00,A
20276,13380358960.00,1
20277,13380369800.00,8
20278,13380380640.00,5
20279,13380391480.00,C
20280,13380402320.00,9
20281,13380413160.00,A
20282,13380424040.00,8
20283,13380434880.00,A
20284,13380445720.00,C
20285,13380456560.00,1
20286,13380467400.00,4
20287,13380478280.00,A
20288,13380489120.00,6
20289,13380499960.00,3
20290,13380510800.00,B
20291,13380521680.00,D
20292,13380532520.00,0
20293,13380543360.00,8
20294,13380554200.00,5
20295,13380565040.00,5
20296,13380575920.00,C
20297,13380586760.00,9
20298,13380597600.00,0
20299,13380608440.00,E
20300,13380619280.00,5
20301,13380630120.00,0
20302,13380641000.00,D
20303,13380651840.00,0
20304,13380662680.00,0
20305,13380673520.00,7
20306,13380684360.00,C
20307,13380695240.00,9
20308,13380706080.00,7
20309,13380716920.00,9
20310,13380727760.00,C
20311,13380738640.00,8
20312,13380749480.00,C
20313,13380760320.00,9
20314,13380771160.00,5
20315,13380782000.00,7
20316,13380792880.00,C
20317,13380803720.00,0
20318,13380814560.00,F
20319,13380825400.00,E
20320,13380836240.00,C
20321,13380847120.00,8
20322,13380857960.00,2
20323,13380868800.00,B
20324,13380879640.00,4
20325,13380890480.00,D
20326,13380901320.00,2
20327,13380912200.00,5
20328,13380923040.00,5
20329,13380933880.00,D
20330,13380944720.00,F
20331,13380955600.00,B
20332,13380966440.00,1
20333,13380977280.00,0
20334,13380988120.00,6
20335,13380998960.00,7
20336,13381009840.00,3
20337,13381020680.00,9
20338,13381031520.00,5
20339,13381042360.00,4
20340,13381053200.00,2
20341,13381064080.00,E
20342,13381074920.00,4
20343,13381085760.00,5
20344,13381096600.00,0
20345,13381107440.00,8
20346,13381118280.00,D
20347,13381129160.00,1
20348,13381140000.00,2
20349,13381150840.00,B
20350,13381161680.00,2
20351,13381172560.00,7
20352,13381183400.00,E
20353,13381194240.00,C
20354,13381205080.00,9
20355,13381215920.00,F
20356,13381226800.00,C
20357,13381237640.00,1
20358,13381248480.00,6
20359,13381259320.00,4
20360,13381270160.00,1
20361,13381281040.00,5
20362,13381291880.00,0
20363,13381302720.00,A
20364,13381313560.00,8
20365,13381324400.00,0
20366,13381335240.00,0
20367,13381346120.00,7
20368,13381356960.00,C
20369,13381367800.00,9
20370,13381378640.00,7
20371,13381389520.00,9
20372,13381400360.00,C
20373,13381411200.00,8
20374,13381422040.00,C
20375,13381432880.00,9
20376,13381443760.00,5
20377,13381454600.00,7
20378,13381465440.00,C
20379,13381476280.00,0
20380,13381487120.00,A
20381,13381498000.00,2
20382,13381508840.00,1
20383,13381519680.00,2
20384,13381530520.00,2
20385,13381541360.00,3
20386,13381552200.00,F
20387,13381563080.00,A
20388,13381573920.00,5
20389,13381584760.00,9
20390,13381595600.00,3
20391,13381606480.00,E
20392,13381617320.00,8
20393,13381628160.00,1
20394,13381639000.00,D
20395,13381649840.00,1
20396,13381660720.00,3
20397,13381671560.00,2
20398,13381682400.00,1
20399,13381693240.00,6
20400,13381704080.00,4
20401,13381714960.00,2
20402,13381725800.00,5
20403,13381736640.00,D
20404,13381747480.00,0
20405,13381758320.00,C
20406,13381769200.00,3
20407,13381780040.00,5
20408,13381790880.00,2
20409,13381801720.00,2
20410,13381812560.00,F
20411,13381823440.00,5
20412,13381834280.00,2
20413,13381845120.00,2
20414,13381855960.00,C
20415,13381866800.00,0
20416,13381877680.00,[0D]
20417,13381888520.00,[0A]
20418,13433366680.00,[0D]
20419,13433377560.00,[0A]
20420,13433388400.00,+
20421,13433399240.00,M
20422,13433410080.00,I
20423,13433420920.00,P
20424,13433431800.00,U
20425,13433442640.00,R
20426,13433453480.00,C
20427,13433464320.00,:
20428,13433475160.00,[20]
20429,13433486040.00,"
20430,13433496880.00,r
20431,13433507720.00,t
20432,13433518560.00,c
20433,13433529400.00,p
20434,13433540280.00,"
20435,13433551120.00,,
20436,13433561960.00,0
20437,13433572800.00,,
20438,13433583640.00,8
20439,13433594520.00,3
20440,13433605360.00,,
20441,13433616200.00,8
20442,13433627040.00,2
20443,13433637880.00,5
20444,13433648760.00,1
20445,13433659600.00,0
20446,13433670440.00,0
20447,13433681280.00,0
20448,13433692120.00,0
20449,13433703000.00,0
20450,13433713840.00,0
20451,13433724680.00,4
20452,13433735520.00,D
20453,13433746400.00,6
20454,13433757240.00,B
20455,13433768080.00,0
20456,13433778920.00,3
20457,13433789760.00,0
20458,13433800600.00,7
20459,13433811480.00,C
20460,13433822320.00,9
20461,13433833160.00,7
20462,13433844000.00,9
20463,13433854840.00,C
20464,13433865720.00,8
20465,13433876560.00,C
20466,13433887400.00,9
20467,13433898240.00,5
20468,13433909080.00,7
20469,13433919960.00,C
20470,13433930800.00,0
20471,13433941640.00,A
20472,13433952480.00,2
20473,13433963360.00,1
20474,13433974200.00,2
20475,13433985040.00,2
20476,13433995880.00,3
20477,13434006720.00,F
20478,13434017560.00,A
20479,13434028440.00,5
20480,13434039280.00,9
20481,13434050120.00,3
20482,13434060960.00,F
20483,13434071800.00,5
20484,13434082680.00,E
20485,13434093520.00,3
20486,13434104360.00,5
20487,13434115200.00,A
20488,13434126040.00,A
20489,13434136920.00,1
20490,13434147760.00,6
20491,13434158600.00,7
20492,13434169440.00,8
20493,13434180320.00,5
20494,13434191160.00,D
20495,13434202000.00,0
20496,13434212840.00,C
20497,13434223680.00,1
20498,13434234520.00,7
20499,13434245400.00,C
20500,13434256240.00,7
20501,13434267080.00,F
20502,13434277920.00,5
20503,13434288760.00,2
20504,13434299640.00,2
20505,13434310480.00,C
20506,13434321320.00,0
20507,13434332160.00,0
20508,13434343000.00,7
20509,13434353880.00,C
20510,13434364720.00,9
20511,13434375560.00,7
20512,13434386400.00,9
20513,13434397280.00,C
20514,13434408120.00,8
20515,13434418960.00,C
20516,13434429800.00,9
20517,13434440640.00,5
20518,13434451480.00,7
20519,13434462360.00,C
20520,13434473200.00,0
20521,13434484040.00,A
20522,13434494880.00,2
20523,13434505720.00,1
20524,13434516600.00,2
20525,13434527440.00,2
20526,13434538280.00,3
20527,13434549120.00,F
20528,13434559960.00,A
20529,13434570840.00,5
20530,13434581680.00,9
20531,13434592520.00,3
20532,13434603360.00,F
20533,13434614240.00,5
20534,13434625080.00,E
20535,13434635920.00,3
20536,13434646760.00,5
20537,13434657600.00,A
20538,13434668480.00,A
20539,13434679320.00,1
20540,13434690160.00,6
20541,13434701000.00,7
20542,13434711840.00,8
20543,13434722680.00,5
20544,13434733560.00,D
20545,13434744400.00,0
20546,13434755240.00,C
20547,13434766080.00,1
20548,13434776920.00,7
20549,13434787800.00,C
20550,13434798640.00,7
20551,13434809480.00,F
20552,13434820320.00,5
20553,13434831200.00,2
20554,13434842040.00,2
20555,13434852880.00,C
20556,13434863720.00,0
20557,13434874560.00,0
20558,13434885440.00,7
20559,13434896280.00,C
20560,13434907120.00,9
20561,13434917960.00,7
20562,13434928800.00,9
20563,13434939640.00,C
20564,13434950520.00,8
20565,13434961360.00,C
20566,13434972200.00,9
20567,13434983040.00,5
20568,13434993880.00,7
20569,13435004760.00,C
20570,13435015600.00,0
20571,13435026440.00,A
20572,13435037280.00,2
20573,13435048160.00,1
20574,13435059000.00,2
20575,13435069840.00,2
20576,13435080680.00,3
20577,13435091520.00,F
20578,13435102400.00,A
20579,13435113240.00,5
20580,13435124080.00,9
20581,13435134920.00,3
20582,13435145760.00,F
20583,13435156600.00,5
20584,13435167480.00,E
20585,13435178320.00,3
20586,13435189160.00,5
20587,13435200000.00,A
20588,13435210840.00,A
20589,13435221720.00,1
20590,13435232560.00,6
20591,13435243400.00,7
20592,13435254240.00,8
20593,13435265120.00,5
20594,13435275960.00,D
20595,13435286800.00,0
20596,13435297640.00,C
20597,13435308480.00,1
20598,13435319360.00,7
20599,13435330200.00,C
20600,13435341040.00,7
20601,13435351880.00,F
20602,13435362720.00,5
20603,13435373560.00,2
20604,13435384440.00,2
20605,13435395280.00,C
20606,13435406120.00,0
20607,13435416960.00,[0D]
20608,13435427800.00,[0A]
20609,13498566560.00,[0D]
20610,13498577400.00,[0A]
20611,13498588240.00,+
20612,13498599080.00,M
20613,13498609920.00,I
20614,13498620800.00,P
20615,13498631640.00,U
20616,13498642480.00,R
20617,13498653320.00,C
20618,13498664160.00,:
20619,13498675040.00,[20]
20620,13498685880.00,"
20621,13498696720.00,r
20622,13498707560.00,t
20623,13498718400.00,c
20624,13498729280.00,p
20625,13498740120.00,"
20626,13498750960.00,,
20627,13498761800.00,0
20628,13498772640.00,,
20629,13498783520.00,8
20630,13498794360.00,3
20631,13498805200.00,,
20632,13498816040.00,8
20633,13498826880.00,2
20634,13498837760.00,5
20635,13498848600.00,1
20636,13498859440.00,0
20637,13498870280.00,0
20638,13498881120.00,0
20639,13498892000.00,0
20640,13498902840.00,0
20641,13498913680.00,0
20642,13498924520.00,4
20643,13498935360.00,D
20644,13498946240.00,6
20645,13498957080.00,B
20646,13498967920.00,0
20647,13498978760.00,3
20648,13498989600.00,0
20649,13499000480.00,7
20650,13499011320.00,C
20651,13499022160.00,9
20652,13499033000.00,7
20653,13499043840.00,9
20654,13499054720.00,C
20655,13499065560.00,8
20656,13499076400.00,C
20657,13499087240.00,9
20658,13499098080.00,5
20659,13499108960.00,7
20660,13499119800.00,C
20661,13499130640.00,0
20662,13499141480.00,A
20663,13499152320.00,2
20664,13499163200.00,1
20665,13499174040.00,2
20666,13499184880.00,2
20667,13499195720.00,3
20668,13499206560.00,F
20669,13499217440.00,A
20670,13499228280.00,5
20671,13499239120.00,9
20672,13499249960.00,3
20673,13499260800.00,F
20674,13499271680.00,5
20675,13499282520.00,D
20676,13499293360.00,4
20677,13499304200.00,1
20678,13499315040.00,8
20679,13499325920.00,A
20680,13499336760.00,1
20681,13499347600.00,6
20682,13499358440.00,7
20683,13499369280.00,8
20684,13499380160.00,8
20685,13499391000.00,8
20686,13499401840.00,B
20687,13499412680.00,D
20688,13499423520.00,1
20689,13499434400.00,7
20690,13499445240.00,C
20691,13499456080.00,7
20692,13499466920.00,F
20693,13499477760.00,5
20694,13499488640.00,2
20695,13499499480.00,2
20696,13499510320.00,C
20697,13499521160.00,0
20698,13499532000.00,0
20699,13499542880.00,7
20700,13499553720.00,C
20701,13499564560.00,9
20702,13499575400.00,7
20703,13499586240.00,9
20704,13499597120.00,C
20705,13499607960.00,8
20706,13499618800.00,C
20707,13499629640.00,9
20708,13499640480.00,5
20709,13499651360.00,7
20710,13499662200.00,C
20711,13499673040.00,0
20712,13499683880.00,A
20713,13499694720.00,2
20714,13499705600.00,1
20715,13499716440.00,2
20716,13499727280.00,2
20717,13499738120.00,3
20718,13499748960.00,F
20719,13499759840.00,A
20720,13499770680.00,5
20721,13499781520.00,9
20722,13499792360.00,3
20723,13499803200.00,F
20724,13499814080.00,5
20725,13499824920.00,E
20726,13499835760.00,3
20727,13499846600.00,5
20728,13499857440.00,B
20729,13499868320.00,6
20730,13499879160.00,6
20731,13499890000.00,0
20732,13499900840.00,8
20733,13499911680.00,2
20734,13499922560.00,5
20735,13499933400.00,D
20736,13499944240.00,0
20737,13499955080.00,C
20738,13499965920.00,1
20739,13499976800.00,7
20740,13499987640.00,C
20741,13499998480.00,7
20742,13500009320.00,F
20743,13500020160.00,5
20744,13500031040.00,2
20745,13500041880.00,2
20746,13500052720.00,C
20747,13500063560.00,0
20748,13500074400.00,0
20749,13500085280.00,7
20750,13500096120.00,C
20751,13500106960.00,9
20752,13500117800.00,7
20753,13500128640.00,9
20754,13500139520.00,C
20755,13500150360.00,8
20756,13500161200.00,C
20757,13500172040.00,9
20758,13500182880.00,5
20759,13500193760.00,7
20760,13500204600.00,C
20761,13500215440.00,0
20762,13500226280.00,A
20763,13500237120.00,2
20764,13500248000.00,1
20765,13500258840.00,2
20766,13500269680.00,2
20767,13500280520.00,3
20768,13500291360.00,F
20769,13500302240.00,A
20770,13500313080.00,5
20771,13500323920.00,9
20772,13500334760.00,F
20773,13500345600.00,7
20774,13500356480.00,F
20775,13500367320.00,D
20776,13500378160.00,5
20777,13500389000.00,0
20778,13500399880.00,F
20779,13500410720.00,8
20780,13500421560.00,5
20781,13500432400.00,F
20782,13500443240.00,F
20783,13500454080.00,6
20784,13500464960.00,C
20785,13500475800.00,A
20786,13500486640.00,B
20787,13500497480.00,2
20788,13500508320.00,1
20789,13500519200.00,6
20790,13500530040.00,4
20791,13500540880.00,5
20792,13500551720.00,1
20793,13500562560.00,6
20794,13500573440.00,4
20795,13500584280.00,5
20796,13500595120.00,0
20797,13500605960.00,0
20798,13500616840.00,[0D]
20799,13500627680.00,[0A]
20800,13556052360.00,[0D]
20801,13556063200.00,[0A]
20802,13556074040.00,+
20803,13556084920.00,M
20804,13556095760.00,I
20805,13556106600.00,P
20806,13556117440.00,U
20807,13556128280.00,R
20808,13556139160.00,C
20809,13556150000.00,:
20810,13556160840.00,[20]
20811,13556171680.00,"
20812,13556182520.00,r
20813,13556193400.00,t
20814,13556204240.00,c
20815,13556215080.00,p
20816,13556225920.00,"
20817,13556236760.00,,
20818,13556247640.00,0
20819,13556258480.00,,
20820,13556269320.00,8
20821,13556280160.00,3
20822,13556291000.00,,
20823,13556301880.00,8
20824,13556312720.00,2
20825,13556323560.00,5
20826,13556334400.00,1
20827,13556345240.00,0
20828,13556356120.00,0
20829,13556366960.00,0
20830,13556377800.00,0
20831,13556388640.00,0
20832,13556399480.00,0
20833,13556410360.00,4
20834,13556421200.00,D
20835,13556432040.00,6
20836,13556442880.00,B
20837,13556453760.00,0
20838,13556464600.00,3
20839,13556475440.00,0
20840,13556486280.00,7
20841,13556497120.00,C
20842,13556507960.00,9
20843,13556518840.00,7
20844,13556529680.00,9
20845,13556540520.00,C
20846,13556551360.00,8
20847,13556562200.00,C
20848,13556573080.00,9
20849,13556583920.00,5
20850,13556594760.00,7
20851,13556605600.00,C
20852,13556616440.00,0
20853,13556627320.00,A
20854,13556638160.00,2
20855,13556649000.00,1
20856,13556659840.00,2
20857,13556670720.00,2
20858,13556681560.00,3
20859,13556692400.00,F
20860,13556703240.00,A
20861,13556714080.00,5
20862,13556724920.00,9
20863,13556735800.00,C
20864,13556746640.00,E
20865,13556757480.00,1
20866,13556768320.00,A
20867,13556779160.00,D
20868,13556790040.00,2
20869,13556800880.00,2
20870,13556811720.00,8
20871,13556822560.00,5
20872,13556833400.00,F
20873,13556844280.00,F
20874,13556855120.00,6
20875,13556865960.00,B
20876,13556876800.00,1
20877,13556887680.00,1
20878,13556898520.00,A
20879,13556909360.00,2
20880,13556920200.00,6
20881,13556931040.00,A
20882,13556941880.00,4
20883,13556952760.00,A
20884,13556963600.00,6
20885,13556974440.00,A
20886,13556985280.00,4
20887,13556996120.00,8
20888,13557007000.00,0
20889,13557017840.00,0
20890,13557028680.00,7
20891,13557039520.00,C
20892,13557050360.00,9
20893,13557061240.00,7
20894,13557072080.00,9
20895,13557082920.00,C
20896,13557093760.00,8
20897,13557104640.00,C
20898,13557115480.00,9
20899,13557126320.00,5
20900,13557137160.00,7
20901,13557148000.00,C
20902,13557158840.00,0
20903,13557169720.00,A
20904,13557180560.00,2
20905,13557191400.00,1
20906,13557202240.00,2
20907,13557213080.00,2
20908,13557223960.00,3
20909,13557234800.00,F
20910,13557245640.00,A
20911,13557256480.00,5
20912,13557267320.00,9
20913,13557278200.00,C
20914,13557289040.00,E
20915,13557299880.00,1
20916,13557310720.00,A
20917,13557321600.00,D
20918,13557332440.00,2
20919,13557343280.00,2
20920,13557354120.00,8
20921,13557364960.00,5
20922,13557375800.00,F
20923,13557386680.00,F
20924,13557397520.00,6
20925,13557408360.00,B
20926,13557419200.00,1
20927,13557430040.00,1
20928,13557440920.00,A
20929,13557451760.00,2
20930,13557462600.00,6
20931,13557473440.00,A
20932,13557484280.00,4
20933,13557495160.00,A
20934,13557506000.00,6
20935,13557516840.00,A
20936,13557527680.00,4
20937,13557538560.00,8
20938,13557549400.00,0
20939,13557560240.00,0
20940,13557571080.00,7
20941,13557581920.00,C
20942,13557592800.00,9
20943,13557603640.00,7
20944,13557614480.00,9
20945,13557625320.00,C
20946,13557636160.00,8
20947,13557647000.00,C
20948,13557657880.00,9
20949,13557668720.00,5
20950,13557679560.00,7
20951,13557690400.00,C
20952,13557701240.00,0
20953,13557712120.00,A
20954,13557722960.00,2
20955,13557733800.00,1
20956,13557744640.00,2
20957,13557755520.00,2
20958,13557766360.00,3
20959,13557777200.00,F
20960,13557788040.00,A
20961,13557798880.00,5
20962,13557809760.00,9
20963,13557820600.00,C
20964,13557831440.00,E
20965,13557842280.00,1
20966,13557853120.00,A
20967,13557863960.00,D
20968,13557874840.00,2
20969,13557885680.00,2
20970,13557896520.00,8
20971,13557907360.00,5
20972,13557918200.00,F
20973,13557929080.00,F
20974,13557939920.00,6
20975,13557950760.00,B
20976,13557961600.00,1
20977,13557972480.00,1
20978,13557983320.00,A
20979,13557994160.00,2
20980,13558005000.00,6
20981,13558015840.00,A
20982,13558026720.00,4
20983,13558037560.00,A
20984,13558048400.00,6
20985,13558059240.00,A
20986,13558070080.00,4
20987,13558080920.00,8
20988,13558091800.00,0
20989,13558102640.00,[0D]
20990,13558113480.00,[0A]
20991,13574630680.00,[0D]
20992,13574641520.00,[0A]
20993,13574652360.00,+
20994,13574663240.00,M
20995,13574674080.00,I
20996,13574684920.00,P
20997,13574695760.00,U
20998,13574706600.00,R
20999,13574717480.00,C
21000,13574728320.00,:
21001,13574739160.00,[20]
21002,13574750000.00,"
21003,13574760840.00,r
21004,13574771680.00,t
21005,13574782560.00,c
21006,13574793400.00,p
21007,13574804240.00,"
21008,13574815080.00,,
21009,13574825960.00,0
21010,13574836800.00,,
21011,13574847640.00,1
21012,13574858480.00,0
21013,13574869320.00,9
21014,13574880200.00,,
21015,13574891040.00,8
21016,13574901880.00,1
21017,13574912720.00,6
21018,13574923560.00,B
21019,13574934440.00,7
21020,13574945280.00,B
21021,13574956120.00,2
21022,13574966960.00,2
21023,13574977800.00,7
21024,13574988640.00,4
21025,13574999520.00,7
21026,13575010360.00,9
21027,13575021200.00,7
21028,13575032040.00,0
21029,13575042920.00,6
21030,13575053760.00,5
21031,13575064600.00,2
21032,13575075440.00,2
21033,13575086280.00,3
21034,13575097160.00,A
21035,13575108000.00,2
21036,13575118840.00,2
21037,13575129680.00,7
21038,13575140520.00,4
21039,13575151400.00,7
21040,13575162240.00,4
21041,13575173080.00,7
21042,13575183920.00,3
21043,13575194760.00,2
21044,13575205600.00,2
21045,13575216480.00,2
21046,13575227320.00,C
21047,13575238160.00,2
21048,13575249000.00,2
21049,13575259880.00,7
21050,13575270720.00,3
21051,13575281560.00,7
21052,13575292400.00,4
21053,13575303240.00,6
21054,13575314120.00,1
21055,13575324960.00,7
21056,13575335800.00,4
21057,13575346640.00,6
21058,13575357480.00,5
21059,13575368360.00,2
21060,13575379200.00,2
21061,13575390040.00,3
21062,13575400880.00,A
21063,13575411720.00,2
21064,13575422600.00,2
21065,13575433440.00,7
21066,13575444280.00,3
21067,13575455120.00,6
21068,13575465960.00,5
21069,13575476840.00,6
21070,13575487680.00,E
21071,13575498520.00,7
21072,13575509360.00,4
21073,13575520200.00,6
21074,13575531080.00,5
21075,13575541920.00,6
21076,13575552760.00,E
21077,13575563600.00,6
21078,13575574440.00,3
21079,13575585320.00,6
21080,13575596160.00,5
21081,13575607000.00,5
21082,13575617840.00,F
21083,13575628680.00,6
21084,13575639560.00,5
21085,13575650400.00,6
21086,13575661240.00,E
21087,13575672080.00,6
21088,13575682920.00,4
21089,13575693800.00,2
21090,13575704640.00,2
21091,13575715480.00,2
21092,13575726320.00,C
21093,13575737160.00,2
21094,13575748040.00,2
21095,13575758880.00,7
21096,13575769720.00,4
21097,13575780560.00,6
21098,13575791400.00,5
21099,13575802280.00,7
21100,13575813120.00,8
21101,13575823960.00,7
21102,13575834800.00,4
21103,13575845640.00,2
21104,13575856520.00,2
21105,13575867360.00,3
21106,13575878200.00,A
21107,13575889040.00,2
21108,13575899880.00,2
21109,13575910760.00,E
21110,13575921600.00,4
21111,13575932440.00,B
21112,13575943280.00,D
21113,13575954120.00,A
21114,13575965000.00,0
21115,13575975840.00,E
21116,13575986680.00,5
21117,13575997520.00,A
21118,13576008360.00,5
21119,13576019240.00,B
21120,13576030080.00,D
21121,13576040920.00,E
21122,13576051760.00,5
21123,13576062600.00,9
21124,13576073480.00,1
21125,13576084320.00,8
21126,13576095160.00,0
21127,13576106000.00,E
21128,13576116840.00,F
21129,13576127720.00,B
21130,13576138560.00,C
21131,13576149400.00,8
21132,13576160240.00,C
21133,13576171080.00,E
21134,13576181960.00,4
21135,13576192800.00,B
21136,13576203640.00,B
21137,13576214480.00,8
21138,13576225320.00,A
21139,13576236200.00,E
21140,13576247040.00,5
21141,13576257880.00,A
21142,13576268720.00,4
21143,13576279560.00,A
21144,13576290440.00,9
21145,13576301280.00,E
21146,13576312120.00,8
21147,13576322960.00,B
21148,13576333800.00,F
21149,13576344680.00,8
21150,13576355520.00,7
21151,13576366360.00,E
21152,13576377200.00,5
21153,13576388040.00,B
21154,13576398920.00,E
21155,13576409760.00,9
21156,13576420600.00,7
21157,13576431440.00,E
21158,13576442280.00,6
21159,13576453160.00,8
21160,13576464000.00,0
21161,13576474840.00,8
21162,13576485680.00,E
21163,13576496520.00,E
21164,13576507400.00,4
21165,13576518240.00,B
21166,13576529080.00,9
21167,13576539920.00,8
21168,13576550760.00,8
21169,13576561640.00,E
21170,13576572480.00,6
21171,13576583320.00,A
21172,13576594160.00,0
21173,13576605000.00,B
21174,13576615880.00,7
21175,13576626720.00,E
21176,13576637560.00,F
21177,13576648400.00,B
21178,13576659240.00,C
21179,13576670120.00,9
21180,13576680960.00,F
21181,13576691800.00,2
21182,13576702640.00,2
21183,13576713480.00,2
21184,13576724360.00,C
21185,13576735200.00,2
21186,13576746040.00,2
21187,13576756880.00,7
21188,13576767720.00,3
21189,13576778600.00,6
21190,13576789440.00,5
21191,13576800280.00,7
21192,13576811120.00,3
21193,13576821960.00,7
21194,13576832840.00,3
21195,13576843680.00,6
21196,13576854520.00,9
21197,13576865360.00,6
21198,13576876200.00,F
21199,13576887080.00,6
21200,13576897920.00,E
21201,13576908760.00,5
21202,13576919600.00,F
21203,13576930440.00,6
21204,13576941320.00,9
21205,13576952160.00,6
21206,13576963000.00,4
21207,13576973840.00,2
21208,13576984680.00,2
21209,13576995560.00,3
21210,13577006400.00,A
21211,13577017240.00,2
21212,13577028080.00,2
21213,13577038920.00,3
21214,13577049800.00,3
21215,13577060640.00,6
21216,13577071480.00,6
21217,13577082320.00,3
21218,13577093160.00,2
21219,13577104040.00,6
21220,13577114880.00,6
21221,13577125720.00,3
21222,13577136560.00,3
21223,13577147400.00,3
21224,13577158280.00,7
21225,13577169120.00,3
21226,13577179960.00,8
21227,13577190800.00,6
21228,13577201640.00,1
21229,13577212520.00,2
21230,13577223360.00,2
21231,13577234200.00,7
21232,13577245040.00,D
21233,13577255920.00,[0D]
21234,13577266760.00,[0A]
21235,13589357960.00,[0D]
21236,13589368800.00,[0A]
21237,13589379640.00,+
21238,13589390480.00,M
21239,13589401320.00,I
21240,13589412200.00,P
21241,13589423040.00,U
21242,13589433880.00,R
21243,13589444720.00,C
21244,13589455560.00,:
21245,13589466440.00,[20]
21246,13589477280.00,"
21247,13589488120.00,r
21248,13589498960.00,t
21249,13589509840.00,c
21250,13589520680.00,p
21251,13589531520.00,"
21252,13589542360.00,,
21253,13589553200.00,0
21254,13589564080.00,,
21255,13589574920.00,5
21256,13589585760.00,5
21257,13589596600.00,,
21258,13589607440.00,8
21259,13589618280.00,1
21260,13589629160.00,3
21261,13589640000.00,5
21262,13589650840.00,7
21263,13589661680.00,B
21264,13589672520.00,2
21265,13589683400.00,2
21266,13589694240.00,7
21267,13589705080.00,4
21268,13589715920.00,7
21269,13589726800.00,9
21270,13589737640.00,7
21271,13589748480.00,0
21272,13589759320.00,6
21273,13589770160.00,5
21274,13589781040.00,2
21275,13589791880.00,2
21276,13589802720.00,3
21277,13589813560.00,A
21278,13589824400.00,2
21279,13589835240.00,2
21280,13589846120.00,7
21281,13589856960.00,4
21282,13589867800.00,7
21283,13589878640.00,4
21284,13589889480.00,7
21285,13589900360.00,3
21286,13589911200.00,2
21287,13589922040.00,2
21288,13589932880.00,2
21289,13589943760.00,C
21290,13589954600.00,2
21291,13589965440.00,2
21292,13589976280.00,7
21293,13589987120.00,3
21294,13589998000.00,7
21295,13590008840.00,4
21296,13590019680.00,6
21297,13590030520.00,1
21298,13590041360.00,7
21299,13590052200.00,4
21300,13590063080.00,6
21301,13590073920.00,5
21302,13590084760.00,2
21303,13590095600.00,2
21304,13590106440.00,3
21305,13590117320.00,A
21306,13590128160.00,2
21307,13590139000.00,2
21308,13590149840.00,7
21309,13590160720.00,3
21310,13590171560.00,7
21311,13590182400.00,4
21312,13590193240.00,6
21313,13590204080.00,F
21314,13590214960.00,7
21315,13590225800.00,0
21316,13590236640.00,2
21317,13590247480.00,2
21318,13590258320.00,2
21319,13590269160.00,C
21320,13590280040.00,2
21321,13590290880.00,2
21322,13590301720.00,7
21323,13590312560.00,3
21324,13590323400.00,6
21325,13590334280.00,5
21326,13590345120.00,7
21327,13590355960.00,3
21328,13590366800.00,7
21329,13590377680.00,3
21330,13590388520.00,6
21331,13590399360.00,9
21332,13590410200.00,6
21333,13590421040.00,F
21334,13590431920.00,6
21335,13590442760.00,E
21336,13590453600.00,5
21337,13590464440.00,F
21338,13590475280.00,6
21339,13590486120.00,9
21340,13590497000.00,6
21341,13590507840.00,4
21342,13590518680.00,2
21343,13590529520.00,2
21344,13590540360.00,3
21345,13590551240.00,A
21346,13590562080.00,2
21347,13590572920.00,2
21348,13590583760.00,3
21349,13590594640.00,3
21350,13590605480.00,6
21351,13590616320.00,6
21352,13590627160.00,3
21353,13590638000.00,2
21354,13590648880.00,6
21355,13590659720.00,6
21356,13590670560.00,3
21357,13590681400.00,3
21358,13590692240.00,3
21359,13590703120.00,7
21360,13590713960.00,3
21361,13590724800.00,8
21362,13590735640.00,6
21363,13590746480.00,1
21364,13590757320.00,2
21365,13590768200.00,2
21366,13590779040.00,7
21367,13590789880.00,D
21368,13590800720.00,[0D]
21369,13590811600.00,[0A]
